Workbook

Sheet 眼科项目
A1: 眼科类立项指南项目对应及拟定情况（征求意见稿）
A2: 眼科类立项指南项目 | U2: 现行项目
A3: 序号 | B3: 项目代码 | C3: 项目名称 | D3: 服务产出 | E3: 价格构成 | F3: 计价说明 | G3: 计价单位 | H3: 省三甲价格 | I3: 省三甲以下价格 | J3: 平移价格 (市级) | K3: 平移价格 (县级) | L3: 平移价格 (基层) | M3: 拟定价格 (市级) | N3: 拟定价格 (县级) | O3: 拟定价格 (基层) | P3: 医保 属性 | Q3: 医保限定支付范围 | R3: 个人先行自付比例 | S3: 调整情况 | T3: 备注 | U3: 国家结算编码 | V3: 项目代码 | W3: 项目名称 | X3: 项目内涵 | Y3: 除外内容 | Z3: 计价单位 | AA3: 说明 | AB3: 价格 (市级) | AC3: 价格 (县级) | AD3: 价格 (基层) | AE3: 医保属性
A4: 1 | B4: 012403000010000 | C4: 视力检查费（普通） | D4: 通过远视力、近视力、光机能（包括光感及光定位）、伪盲检查等多种方式对视力进行检查。 | E4: 所定价格涵盖眼部遮盖、检查、记录、出具结果报告等步骤所需的人力资源和基本物质资源消耗。 | G4: 次 | H4: 1 | I4: 1 | J4: 1.1 | K4: 1 | L4: 0.9 | M4: 1 | N4: 1 | O4: 1 | P4: 医保 | S4: 理顺 | T4: 平移后市级按不超过省级拟定，同质化项目，价格较低，市县基层同价 | U4: 003103000010000-310300001 | V4: 310300001 | W4: 普通视力检查 | X4: 含远视力、近视力、光机能（包括光感及光定位）、伪盲检查 | Z4: 次 | AB4: 1.1 | AC4: 1 | AD4: 0.9 | AE4: 医保
A5: 2 | B5: 012403000020000 | C5: 视力检查费（特殊） | D5: 通过各种特殊方式对视力进行检查。 | E5: 所定价格涵盖设备准备、检查、记录、出具结果报告等步骤所需的人力资源和基本物质资源消耗。 | F5: 1.“特殊方式”是指应用图形视力表、点视力表、条栅视力卡、视动性眼球震颤设备的方式进行视力检查。2.阿姆斯勒(Amsler)表检查按此项目收费。 | G5: 次 | H5: 13 | I5: 13 | J5: 11.896281 | K5: 10.794874 | L5: 10.797706 | M5: 12 | N5: 11.5 | O5: 11 | P5: 医保 | S5: 理顺 | T5: 同质化项目缩小价差 | U5: 003103000020000-310300002 | V5: 310300002 | W5: 特殊视力检查 | X5: 包括儿童图形视力表，点视力表，条栅视力卡，视动性眼震仪 | Z5: 项 | AB5: 2.1 | AC5: 2 | AD5: 1.7 | AE5: 医保
U6: 003103000020100-31030000201 | V6: 31030000201 | W6: 特殊视力检查（儿童图形视力表） | Z6: 项 | AA6: 儿童图形视力表 | AB6: 2.1 | AC6: 2 | AD6: 1.7 | AE6: 医保
U7: 003103000020200-31030000202 | V7: 31030000202 | W7: 特殊视力检查（点视力表） | Z7: 项 | AA7: 点视力表 | AB7: 2.1 | AC7: 2 | AD7: 1.7 | AE7: 医保
U8: 003103000020300-31030000203 | V8: 31030000203 | W8: 特殊视力检查（条栅视力卡） | Z8: 项 | AA8: 条栅视力卡 | AB8: 2.1 | AC8: 2 | AD8: 1.7 | AE8: 医保
U9: 003103000020400-31030000204 | V9: 31030000204 | W9: 特殊视力检查（视动性眼震仪） | Z9: 项 | AA9: 视动性眼震仪 | AB9: 2.1 | AC9: 2 | AD9: 1.7 | AE9: 医保
U10: 003103000030000-310300003 | V10: 310300003 | W10: 选择性观看检查 | Z10: 次 | AB10: 2.1 | AC10: 2 | AD10: 1.7 | AE10: 医保
U11: 003103000040000-310300004 | V11: 310300004 | W11: 视网膜视力检查 | Z11: 次 | AB11: 5.3 | AC11: 5 | AD11: 4.3 | AE11: 医保
U12: 003103000060000-310300006 | V12: 310300006 | W12: 阿姆斯勒（Amsler）表检查 | Z12: 次（单眼） | AB12: 2.1 | AC12: 2 | AD12: 1.7 | AE12: 医保
U13: 003103000210000-310300021 | V13: 310300021 | W13: 对比敏感度检查 | Z13: 次 | AA13: 使用微机处理基层收12.8元，县级医院收15元，市级医院收15.8元 | AB13: 3.2 | AC13: 3 | AD13: 2.6 | AE13: 医保
U14: 003103000210000-31030002101 | V14: 31030002101 | W14: 对比敏感度检查（使用微机处理） | Z14: 次 | AA14: 使用微机处理 | AB14: 15.8 | AC14: 15 | AD14: 12.8 | AE14: 医保
U15: 003103000220000-310300022 | V15: 310300022 | W15: 暗适应测定 | X15: 含图形及报告 | Z15: 次 | AB15: 15.8 | AC15: 15 | AD15: 12.8 | AE15: 医保
U16: 003103000230000-310300023 | V16: 310300023 | W16: 明适应测定 | Z16: 次 | AB16: 15.8 | AC16: 15 | AD16: 12.8 | AE16: 医保
A17: 3 | B17: 012403000030000 | C17: 散瞳验光费 | D17: 通过散瞳、电脑、检影等不同方式测量眼睛的屈光状态。 | E17: 所定价格涵盖散瞳、电脑及人工测视力、测瞳距、确定屈光度数、记录、出具结果报告等步骤所需的人力资源和基本物质资源消耗。 | G17: 次 | H17: 8 | I17: 8 | J17: 7.2693567 | K17: 6.0744562 | L17: 5.2666794 | M17: 7.5 | N17: 7 | O17: 6.5 | P17: 医保 | S17: 理顺 | T17: 同质化项目，缩小价差 | U17: 003103000070000-310300007 | V17: 310300007 | W17: 验光 | X17: 包括检影，散瞳，云雾试验，试镜 | Z17: 项 | AA17: 每增加一项基层加收1.7元，县级医院加收2元，市级医院加收2.1元 | AB17: 5.3 | AC17: 5 | AD17: 4.3 | AE17: 医保
U18: 003103000070001-31030000701 | V18: 31030000701 | W18: 验光（增加一项加收） | Z18: 项 | AA18: 每增加一项加收 | AB18: 2.1 | AC18: 2 | AD18: 1.7 | AE18: 医保
A19: 分项 | B19: 012403000030001 | C19: 散瞳验光费-儿童（加收） | G19: 次 | H19: 2.4 | I19: 2.4 | M19: 2.3 | N19: 2.1 | O19: 2 | P19: 医保
A20: 4 | B20: 012403000040000 | C20: 显然验光费 | D20: 通过反复插试镜片，确定矫正视力度数。 | E20: 所定价格涵盖戴试镜架、插试镜片、调整度数、记录、出具结果报告等步骤所需的人力资源和基本物质资源消耗。 | G20: 次 | H20: 4 | I20: 4 | M20: 3.8 | N20: 3.5 | O20: 3.3 | P20: 医保 | S20: 理顺 | T20: 根据项目间比价关系及省局定价原则，按照散瞳验光费的50%定价
A21: 分项 | B21: 012403000040001 | C21: 显然验光费-儿童（加收） | G21: 次 | H21: 1.2 | I21: 1.2 | M21: 1.1 | N21: 1 | O21: 0.9 | P21: 医保
A22: 5 | B22: 012403000050000 | C22: 眼压检查费 | D22: 通过接触或非接触方式进行眼压测量。 | E22: 所定价格涵盖检查、测量、记录、出具结果报告等步骤所需的人力资源和基本物质资源消耗。 | F22: 眼压日曲线描记按照眼压检查实际开展次数收费，每日单侧收费不超过4个计价单位。 | G22: 单侧 | H22: 8 | I22: 7 | J22: 8.3960273 | K22: 7.9476972 | L22: 6.7751148 | M22: 8 | N22: 7 | O22: 6.5 | P22: 医保 | S22: 理顺 | T22: 平移后按不超过省级下调拟定 | U22: 003103000270000-310300027 | V22: 310300027 | W22: 眼压检查 | X22: 包括Schiotz眼压计法，电眼压计法 | Z22: 次 | AA22: 非接触眼压计法、压平眼压计法分别加收100% | AB22: 4.2 | AC22: 4 | AD22: 3.4 | AE22: 医保
U23: 003103000270200-31030002701 | V23: 31030002701 | W23: 眼压检查（非接触眼压计法） | Z23: 次 | AA23: 非接触眼压计法 | AB23: 8.4 | AC23: 8 | AD23: 6.8 | AE23: 医保
U24: 003103000270400-31030002702 | V24: 31030002702 | W24: 眼压检查（压平眼压计法） | Z24: 次 | AA24: 压平眼压计法 | AB24: 8.4 | AC24: 8 | AD24: 6.8 | AE24: 医保
U25: 003103000290000-310300029 | V25: 310300029 | W25: 眼压描记 | Z25: 次 | AB25: 10.5 | AC25: 10 | AD25: 8.5 | AE25: 医保
U26: 003103000280000-310300028 | V26: 310300028 | W26: 眼压日曲线检查 | Z26: 次 | AB26: 15.8 | AC26: 15 | AD26: 12.8 | AE26: 医保
A27: 6 | B27: 012403000060000 | C27: 眼压检查费（青光眼激发） | D27: 指通过各种方式激发眼压升高后进行眼压测量。 | E27: 所定价格涵盖试验准备、眼压测量、诱导、再次测量、记录、出具结果报告等步骤所需的人力资源和基本物质资源消耗。 | F27: 不得与眼压检查费同时收取。 | G27: 次 | H27: 15 | I27: 13.5 | J27: 15.8 | K27: 15 | L27: 12.8 | M27: 15 | N27: 13.5 | O27: 12 | P27: 医保 | S27: 理顺，降低 | T27: 平移后按不超过省级下调拟定，同质化检查项目持平省级 | U27: 003103000370000-310300037 | V27: 310300037 | W27: 青光眼诱导试验 | X27: 包括饮水，暗室，妥拉苏林等 | Z27: 次 | AB27: 15.8 | AC27: 15 | AD27: 12.8 | AE27: 医保
A28: 分项 | B28: 012403000060001 | C28: 眼压检查费（青光眼激发）-饮水试验（加收） | G28: 次 | H28: 7.5 | I28: 7 | M28: 7.5 | N28: 7 | O28: 6 | P28: 医保 | T28: 新增加收项目，为主项的50%
A29: 7 | B29: 012403000070000 | C29: 色觉检查费 | D29: 通过不同方式检查色弱、色盲情况。 | E29: 所定价格涵盖检查、记录、出具结果报告等步骤所需的人力资源和基本物质资源消耗。 | G29: 次 | H29: 5 | I29: 5 | J29: 5.3 | K29: 5 | L29: 4.3 | M29: 5 | N29: 5 | O29: 4.3 | P29: 医保 | S29: 理顺，降低 | T29: 平移后市级按不超过省级下调拟定 | U29: 003103000200000-310300020 | V29: 310300020 | W29: 色觉检查 | X29: 包括普通图谱法，FM-100Hue测试盒法，色觉仪法 | Z29: 次 | AB29: 5.3 | AC29: 5 | AD29: 4.3 | AE29: 医保
A30: 8 | B30: 012403000080000 | C30: 视野检查费 | D30: 通过各种方式对视野进行评估。 | E30: 所定价格涵盖应用视野检查设备、记录、出具结果报告等步骤所需的人力资源和基本物质资源消耗。 | G30: 单侧 | H30: 30 | I30: 27 | J30: 30.81491 | K30: 29.816303 | L30: 16.425267 | M30: 30 | N30: 27 | O30: 22 | P30: 医保 | S30: 理顺 | T30: 平移后市县按不超过省级下调拟定，基层按比价上调，同质化检查项目持平省级 | U30: 003103000050000-310300005 | V30: 310300005 | W30: 视野检查 | X30: 普通视野计 | Z30: 次（单眼） | AA30: 电脑视野计、动态(Goldmann)视野计加收200% | AB30: 10.5 | AC30: 10 | AD30: 8.5 | AE30: 医保
U31: 003103000050200-31030000501 | V31: 31030000501 | W31: 视野检查（电脑视野计） | Z31: 次（单眼） | AA31: 电脑视野计 | AB31: 31.5 | AC31: 30 | AD31: 25.5 | AE31: 医保
U32: 003103000050100-31030000502 | V32: 31030000502 | W32: 视野检查（动态Goldmann视野计） | Z32: 次（单眼） | AA32: 动态(Goldmann)视野计 | AB32: 31.5 | AC32: 30 | AD32: 25.5 | AE32: 医保
A33: 9 | B33: 012403000090000 | C33: 泪液分泌功能测定费 | D33: 通过各种方式对泪液分泌功能进行测定。 | E33: 所定价格涵盖放置纸条、测定滤纸浸湿长度、记录并分析结果等步骤所需的人力资源和基本物质资源消耗。 | G33: 单侧 | H33: 8 | I33: 7 | J33: 8.4 | K33: 8 | L33: 6.8 | M33: 8 | N33: 7 | O33: 6 | P33: 医保 | S33: 理顺 | T33: 平移后按不超过省级下调拟定，同质化检查项目持平省级 | U33: 003103000350000-310300035 | V33: 310300035 | W33: 泪液分泌功能测定 | Z33: 次 | AB33: 8.4 | AC33: 8 | AD33: 6.8 | AE33: 医保
A34: 10 | B34: 012403000100000 | C34: 泪膜分析测定费 | D34: 通过各种方式对泪膜进行分析测定。 | E34: 所定价格涵盖设备准备、检查、记录、分析、出具结果报告等步骤所需的人力资源和基本物质资源消耗。 | G34: 单侧 | H34: 10 | I34: 9 | J34: 10.5 | K34: 10 | L34: 8.5 | M34: 10 | N34: 9 | O34: 8 | P34: 医保 | S34: 理顺 | T34: 平移后按不超过省级下调拟定，同质化检查项目持平省级 | U34: 003103000340000-310300034 | V34: 310300034 | W34: 泪膜破裂时间测定 | Z34: 次 | AB34: 10.5 | AC34: 10 | AD34: 8.5 | AE34: 医保
A35: 11 | B35: 012403000110000 | C35: 复视检查费 | D35: 通过各种方式对复视情况进行检查。 | E35: 所定价格涵盖设备准备、检查、记录、分析、出具结果报告等步骤所需的人力资源和基本物质资源消耗。 | G35: 次 | H35: 8 | I35: 7 | J35: 7.6968722 | K35: 7.9883268 | L35: 6.8 | M35: 8 | N35: 7 | O35: 6 | P35: 医保 | S35: 理顺 | T35: 同质化检查项目持平省级 | U35: 003103000160000-310300016 | V35: 310300016 | W35: 黑氏（Hess）屏检查 | Z35: 次 | AB35: 8.4 | AC35: 8 | AD35: 6.8 | AE35: 医保
U36: 003103000120000-310300012 | V36: 310300012 | W36: 复视检查 | Z36: 次 | AB36: 8.4 | AC36: 8 | AD36: 6.8 | AE36: 医保
U37: 003103000150000-310300015 | V37: 310300015 | W37: 线状镜检查 | Z37: 次 | AB37: 5.3 | AC37: 5 | AD37: 4.3 | AE37: 医保
A38: 分项 | B38: 012403000110001 | C38: 复视检查费-儿童（加收） | G38: 次 | H38: 2.4 | I38: 2.1 | M38: 2.4 | N38: 2.1 | O38: 1.8 | P38: 医保 | T38: 儿童加收30%
A39: 12 | B39: 012403000120000 | C39: 斜视度测定费 | D39: 通过各种方式测定斜视度数。 | E39: 所定价格涵盖设备准备、检查、记录、分析、出具结果报告等步骤所需的人力资源和基本物质资源消耗。 | F39: 每日计费不超过3次。 | G39: 次 | H39: 9 | I39: 8 | J39: 8.9290639 | K39: 7.6541327 | L39: 6.7984619 | M39: 9 | N39: 8 | O39: 7 | P39: 医保 | S39: 平移取整 | T39: 加权平移取整，同质化检查项目持平省级 | U39: 003103000130000-310300013 | V39: 310300013 | W39: 斜视度测定 | X39: 含九个注视方向双眼分别注视时的斜度，看远及看近 | Z39: 次 | AB39: 8.4 | AC39: 8 | AD39: 6.8 | AE39: 医保
U40: 003103000140000-310300014 | V40: 310300014 | W40: 三棱镜检查 | Z40: 次 | AB40: 10.5 | AC40: 10 | AD40: 8.5 | AE40: 医保
U41: 003103000240000-310300024 | V41: 310300024 | W41: 正切尺检查 | Z41: 次 | AB41: 3.2 | AC41: 3 | AD41: 2.6 | AE41: 医保
U42: 003103000720000-310300072 | V42: 310300072 | W42: 马氏（Maddox）杆试验 | Z42: 次 | AB42: 5.3 | AC42: 5 | AD42: 4.3 | AE42: 医保
A43: 分项 | B43: 012403000120001 | C43: 斜视度测定费-儿童（加收） | G43: 次 | H43: 2.7 | I43: 2.4 | M43: 2.7 | N43: 2.4 | O43: 2.1 | P43: 医保
A44: 13 | B44: 012403000130000 | C44: 角膜地形图检查费 | D44: 通过各种方式或设备检测角膜形态。 | E44: 所定价格涵盖设备准备、扫描、记录、分析、出具结果报告等步骤所需的人力资源和基本物质资源消耗。 | G44: 单侧 | H44: 77 | I44: 69 | J44: 73.5 | K44: 70 | L44: 59.5 | M44: 74 | N44: 69 | O44: 60 | P44: 医保 | S44: 理顺 | T44: 平移后取整，县级按不超过省级下调拟定 | U44: 003103000400000-310300040 | V44: 310300040 | W44: 角膜地形图检查 | Z44: 次（单眼） | AB44: 73.5 | AC44: 70 | AD44: 59.5 | AE44: 医保
A45: 分项 | B45: 012403000130000 | C45: 角膜地形图检查费-单独行角膜厚度检查 | G45: 单侧 | H45: 16.5 | I45: 15 | J45: 15.75 | K45: 15 | L45: 12.75 | M45: 16 | N45: 15 | O45: 13 | P45: 医保 | T45: 计价单位改变，单次（一般双眼检查）改为单侧，平移取整 | U45: 003103000420000-310300042 | V45: 310300042 | W45: 角膜厚度检查 | X45: 包括裂隙灯法，超声法 | Z45: 次 | AB45: 31.5 | AC45: 30 | AD45: 25.5 | AE45: 医保
A46: 14 | B46: 012403000140000 | C46: 角膜曲率测量费 | D46: 通过各种方式或设备测量角膜曲率。 | E46: 所定价格涵盖设备准备、测量、记录、分析、出具结果报告等步骤所需的人力资源和基本物质资源消耗。 | G46: 单侧 | H46: 3 | I46: 2.5 | J46: 2.65 | K46: 2.5 | L46: 2.15 | M46: 3 | N46: 2.5 | O46: 2 | P46: 医保 | S46: 平移取整 | T46: 计价单位改变，单次（一般双眼检查）改为单侧，平移取整，同质化检查项目持平省级 | U46: 003103000390000-310300039 | V46: 310300039 | W46: 角膜曲率测量 | Z46: 次 | AB46: 5.3 | AC46: 5 | AD46: 4.3 | AE46: 医保
A47: 15 | B47: 012403000150000 | C47: 角膜/结膜取样费 | D47: 通过各种方式获取角膜、结膜标本。 | E47: 所定价格涵盖取样、送检、处理用物等步骤所需的人力资源和基本物质资源消耗。 | F47: 角膜、结膜分别获取标本可分别计价。 | G47: 单侧 | H47: 22 | I47: 20 | J47: 20.415875 | K47: 19.962092 | L47: 8.5 | M47: 21 | N47: 20 | O47: 16 | P47: 医保 | S47: 平移取整 | T47: 加权平均后取整，基层理顺比价 | U47: 003103000710000-310300071 | V47: 310300071 | W47: 结膜印痕细胞检查 | Z47: 次 | AB47: 21 | AC47: 20 | AD47: 17 | AE47: 医保
U48: 003103000760000-310300076 | V48: 310300076 | W48: 角膜刮片检查 | X48: 不含微生物检查 | Z48: 次 | AB48: 10.5 | AC48: 10 | AD48: 8.5 | AE48: 医保
U49: 003103000770000-310300077 | V49: 310300077 | W49: 结膜囊取材检查 | X49: 不含微生物检查 | Z49: 次 | AB49: 10.5 | AC49: 10 | AD49: 8.5 | AE49: 医保
A50: 16 | B50: 012403000160000 | C50: 眼活体细胞检查费 | D50: 通过各种设备观察眼部细胞。 | E50: 所定价格涵盖设备准备、扫描、记录、分析、出具结果报告等步骤所需的人力资源和基本物质资源消耗。 | F50: 同时使用共焦激光显微镜、角膜内皮镜等不同设备开展此项检查时，每日单侧只能收费一次。 | G50: 单侧 | H50: 55 | I50: 50 | J50: 52.530895 | K50: 60.824397 | L50: 42.5 | M50: 53 | N50: 50 | O50: 43 | P50: 医保 | S50: 理顺 | T50: 加权平均后取整，县级按不超过省级拟定，基层理顺比价 | U50: 003103000410000-310300041 | V50: 310300041 | W50: 角膜内皮镜检查 | Z50: 次（单眼） | AA50: 录象记录加收50% | AB50: 52.5 | AC50: 50 | AD50: 42.5 | AE50: 医保
U51: 003103000410001-31030004101 | V51: 31030004101 | W51: 角膜内皮镜检查（含录象记录） | Z51: 次（单眼） | AA51: 含录象记录 | AB51: 78.8 | AC51: 75 | AD51: 63.8 | AE51: 医保
U52: 003103000750000-310300075 | V52: 310300075 | W52: 眼活体组织检查 | Z52: 次 | AB52: 52.5 | AC52: 50 | AD52: 42.5 | AE52: 医保
A53: 17 | B53: 012403000170000 | C53: 牵拉试验费 | D53: 通过牵拉角膜缘外结膜，判断眼球运动、主动肌收缩力量和复视情况。 | E53: 所定价格涵盖牵拉、观察分析、记录、分析、出具结果报告等步骤所需的人力资源和基本物质资源消耗。 | G53: 单侧 | H53: 8 | I53: 7 | J53: 8.4 | K53: 8 | L53: 6.8 | M53: 8 | N53: 7 | O53: 6 | P53: 医保 | S53: 理顺 | T53: 平移后按不超过省级下调拟定，同质化检查项目持平省级 | U53: 003103000180000-310300018 | V53: 310300018 | W53: 牵拉试验 | X53: 含有无复视及耐受程度，被动牵拉，主动收缩 | Z53: 次 | AB53: 8.4 | AC53: 8 | AD53: 6.8 | AE53: 医保
A54: 分项 | B54: 012403000170001 | C54: 牵拉试验费-儿童（加收） | G54: 单侧 | H54: 2.4 | I54: 2.1 | M54: 2.4 | N54: 2.1 | O54: 1.8 | P54: 医保 | T54: 儿童加收30%
A55: 18 | B55: 012403000180000 | C55: 上睑下垂检查费 | D55: 通过各种方式判断上睑下垂情况。 | E55: 所定价格涵盖准备、测量、记录、分析、出具结果报告以及必要时滴药等步骤所需的人力资源和基本物质资源消耗。 | G55: 单侧 | H55: 5 | I55: 5 | J55: 5.3 | K55: 5 | L55: 4.3 | M55: 5 | N55: 5 | O55: 4.3 | P55: 医保 | S55: 理顺 | T55: 平移后按不超过省级下调拟定，同质化检查项目持平省级 | U55: 003103000330000-310300033 | V55: 310300033 | W55: 上睑下垂检查 | Z55: 次 | AB55: 5.3 | AC55: 5 | AD55: 4.3 | AE55: 医保
A56: 19 | B56: 012403000190000 | C56: 双眼视觉功能检查费 | D56: 通过人工或设备，评估聚散功能、调节功能和立体视觉。 | E56: 所定价格涵盖设备准备、调节、检查、记录、分析、出具结果报告等步骤所需的人力资源和基本物质资源消耗。 | G56: 次 | H56: 11 | I56: 10 | J56: 10.656682 | K56: 10.105759 | L56: 7.6289127 | M56: 10.5 | N56: 10 | O56: 8.5 | P56: 医保 | S56: 平移取整 | T56: 加权平移取整 | U56: 003103000100000-310300010 | V56: 310300010 | W56: 主导眼检查 | Z56: 次 | AB56: 2.1 | AC56: 2 | AD56: 1.7 | AE56: 医保 | AF56: 纳入价格构成
U57: 003103000190000-310300019 | V57: 310300019 | W57: 双眼视觉检查 | X57: 含双眼同时知觉、双眼同时视、双眼融合功能、立体视功能 | Z57: 次 | AB57: 10.5 | AC57: 10 | AD57: 8.5 | AE57: 医保
U58: 003103000170000-310300017 | V58: 310300017 | W58: 调节/集合测定 | Z58: 次 | AB58: 8.4 | AC58: 8 | AD58: 6.8
U59: 003103000620000-310300062 | V59: 310300062 | W59: 临界融合频率检查 | Z59: 次
A60: 分项 | B60: 012403000190001 | C60: 双眼视觉功能检查费-儿童（加收） | G60: 次 | H60: 3.3 | I60: 3 | M60: 3.2 | N60: 3 | O60: 2.6 | P60: 医保 | T60: 儿童加收30%
A61: 20 | B61: 012403000200000 | C61: 眼部照相费 | D61: 通过照相机对眼部外观、眼位、眼球运动、眼内结构进行照相。 | E61: 所定价格涵盖设备准备、照相、记录、出具结果报告及必要时散瞳等步骤所需的人力资源和基本物质资源消耗。 | F61: 1.睑板腺、眼前节、眼底可分别计价。2.婴幼儿指0-3周岁。 | G61: 单侧 | H61: 38 | I61: 34 | J61: 40.284109 | K61: 37.756348 | L61: 17.32167 | M61: 38 | N61: 34 | O61: 29 | P61: 医保 | S61: 理顺，降低 | T61: 加权平移后按不超过省级拟定，同质化检查项目持平省级 | U61: 003103000510000-310300051 | V61: 310300051 | W61: 眼位照相 | Z61: 次 | AB61: 15.8 | AC61: 15 | AD61: 12.8 | AE61: 医保
U62: 003103000520000-310300052 | V62: 310300052 | W62: 眼前段照相 | Z62: 次 | AB62: 15.8 | AC62: 15 | AD62: 12.8 | AE62: 医保
U63: 003103000530000-310300053 | V63: 310300053 | W63: 眼底照相 | Z63: 次（单眼） | AB63: 21 | AC63: 20 | AD63: 17 | AE63: 医保
U64: 003103000310000-310300031 | V64: 310300031 | W64: 青光眼视网膜神经纤维层计算机图象分析 | X64: 含计算机图相分析；不含OCT、HRT及SLO | Z64: 次（单眼） | AA64: 增加定量分析基层加收17元，县级医院加收20元，市级医院加收21元 | AB64: 31.5 | AC64: 30 | AD64: 25.5 | AE64: 医保
U65: 003103000310001-31030003101 | V65: 31030003101 | W65: 青光眼视网膜神经纤维层计算机图象分析（含定量分析） | Z65: 次（单眼） | AA65: 含定量分析 | AB65: 52.5 | AC65: 50 | AD65: 42.5 | AE65: 医保
U66: 003103000570000-310300057 | V66: 310300057 | W66: 扫描激光眼底检查（SLO） | Z66: 次（单眼） | AB66: 84 | AC66: 80 | AD66: 68 | AE66: 医保
U67: 003103000660000-310300066 | V67: 310300066 | W67: 视网膜地形图 | Z67: 次 | AB67: 63 | AC67: 60 | AD67: 51 | AE67: 医保
U68: 003103000550000-310300055 | V68: 310300055 | W68: 裂隙灯下眼底视神经立体照相 | Z68: 次（单眼） | AB68: 52.5 | AC68: 50 | AD68: 42.5 | AE68: 医保
A69: 分项 | B69: 012403000200001 | C69: 眼部照相费-婴幼儿视网膜病变检查（加收） | G69: 单侧 | H69: 38 | I69: 34 | M69: 38 | N69: 34 | O69: 29 | P69: 医保 | T69: 新增，按主项价格执行
A70: 分项 | B70: 012403000200100 | C70: 眼部照相费-视盘立体照相（扩展） | G70: 单侧 | H70: 38 | I70: 34 | M70: 38 | N70: 34 | O70: 29 | P70: 医保 | T70: 按主项价格执行
A71: 分项 | B71: 012403000200200 | C71: 眼部照相费-眼底自发荧光检查（扩展） | G71: 单侧 | H71: 38 | I71: 34 | M71: 38 | N71: 34 | O71: 29 | P71: 医保 | T71: 按主项价格执行
A72: 21 | B72: 012403000210000 | C72: 眼底镜检查费 | D72: 通过眼底镜观察眼底结构。 | E72: 所定价格涵盖设备准备、观察、记录、出具结果报告等步骤所需的人力资源与基本物质资源消耗。 | G72: 单侧 | H72: 9 | I72: 8 | J72: 7.4216836 | K72: 8.1316045 | L72: 6.8665628 | M72: 8 | N72: 7 | O72: 6 | P72: 医保 | S72: 理顺，降低 | T72: 加权平均后取整，县级按不超过省级拟定，基层理顺比价 | U72: 003103000560000-310300056 | V72: 310300056 | W72: 眼底检查 | X72: 包括直接、间接眼底镜法，不含散瞳 | Z72: 次 | AB72: 5.3 | AC72: 5 | AD72: 4.3 | AE72: 医保
U73: 003103000250000-310300025 | V73: 310300025 | W73: 注视性质检查 | Z73: 次 | AB73: 8.4 | AC73: 8 | AD73: 6.8 | AE73: 医保
U74: 003103000580000-310300058 | V74: 310300058 | W74: 视网膜裂孔定位检查 | X74: 包括直接检眼镜观察+测算、双目间接检眼镜观察+巩膜加压法 | Z74: 次 | AB74: 10.5 | AC74: 10 | AD74: 8.5 | AE74: 医保
U75: 003103000490000-310300049 | V75: 310300049 | W75: 裂隙灯下眼底检查 | X75: 包括前置镜、三面镜、视网膜镜 | Z75: 次 | AB75: 10.5 | AC75: 10 | AD75: 8.5 | AE75: 医保
A76: 22 | B76: 012403000220000 | C76: 眼底血管造影费 | D76: 通过设备获得造影后的眼底血管图像。 | E76: 所定价格涵盖散瞳、注射、拍照、记录、出具结果报告等步骤所需的人力资源和基本物质资源消耗。 | G76: 次 | H76: 114 | I76: 103 | J76: 84 | K76: 80 | L76: 68 | M76: 105 | N76: 95 | O76: 81 | P76: 医保 | S76: 提高 | T76: 平移后按省级上浮原则提高，理顺比价 | U76: 003103000540000-310300054 | V76: 310300054 | W76: 眼底血管造影 | X76: 包括眼底荧光血管造影(FFA)、靛青绿血管造影(ICGA) | Y76: 造影剂 | Z76: 次（单眼） | AB76: 84 | AC76: 80 | AD76: 68 | AE76: 医保
A77: 分项 | B77: 012403000220100 | C77: 眼底血管造影费-脉络膜血管造影费（扩展） | G77: 次 | H77: 114 | I77: 103 | M77: 105 | N77: 95 | O77: 81 | P77: 医保 | U77: 003103000610000-310300061 | V77: 310300061 | W77: 视网膜动脉压测定 | Z77: 次 | AB77: 52.5 | AC77: 50 | AD77: 42.5 | AE77: 医保
A78: 23 | B78: 012403000230000 | C78: 眼部电生理检查费 | D78: 通过电生理设备检查视网膜和视神经功能。 | E78: 所定价格涵盖清洁皮肤、放置电极、刺激、采集数据、记录、出具结果报告等步骤所需的人力资源和基本物质资源消耗。 | F78: 1.图形视网膜电流图（P-ERG）、多焦视网膜电图（mf-ERG）、闪光视网膜电流图(F-ERG)、眼电图（EOG）、诱发电位（VEP）分别计价。2.单侧检查收费每日不超过三次。 | G78: 单侧 | H78: 73 | I78: 66 | J78: 64.499326 | K78: 58.333333 | M78: 65 | N78: 60 | O78: 50 | P78: 医保 | R78: 0.1 | S78: 平移取整 | T78: 加权平均后取整 | U78: 003103000650000-310300065 | V78: 310300065 | W78: 视网膜电流图（ERG） | X78: 包括图形视网膜电图（P-ERG）或多焦视网膜电图（m-ERG） | Z78: 次（单眼） | AB78: 52.5 | AC78: 50 | AD78: 42.5 | AE78: 医保
U79: 003103000650200-31030006501 | V79: 31030006501 | W79: 视网膜电流图（多焦视网膜电图m-ERG） | Z79: 次（单眼） | AA79: 多焦视网膜电图(m-ERG) | AB79: 52.5 | AC79: 50 | AD79: 42.5 | AE79: 医保
U80: 003103000650100-31030006502 | V80: 31030006502 | W80: 视网膜电流图（图形视网膜电图P-ERG） | Z80: 次（单眼） | AA80: 图形视网膜电图(P-ERG) | AB80: 52.5 | AC80: 50 | AD80: 42.5 | AE80: 医保
U81: 003103000670000-310300067 | V81: 310300067 | W81: 眼电图（EOG） | X81: 含运动或感觉 | Z81: 次（单眼） | AB81: 52.5 | AC81: 50 | AD81: 42.5 | AE81: 医保
U82: 003103000680000-310300068 | V82: 310300068 | W82: 视诱发电位（VEP） | X82: 含单导、图形 | Z82: 次（单眼） | AA82: 多焦VEP加收100% | AB82: 52.5 | AC82: 50 | AD82: 42.5 | AE82: 医保
U83: 003103000680000-31030006801 | V83: 31030006801 | W83: 视诱发电位（多焦VEP） | Z83: 次（单眼） | AA83: 含多焦VEP | AB83: 105 | AC83: 100 | AD83: 85 | AE83: 医保
A84: 24 | B84: 012403000240000 | C84: 眼球突出度测量费 | D84: 通过各种方式测量眼球突出度。 | E84: 所定价格涵盖设备准备、观察测量、记录、出具结果报告等步骤所需的人力资源和基本物质资源消耗。 | G84: 次 | H84: 5 | I84: 5 | J84: 5.3 | K84: 5 | L84: 4.3 | M84: 5 | N84: 4.8 | O84: 4.3 | P84: 医保 | S84: 理顺 | T84: 平移后市级按不超过省级拟定，同质化项目，持平省级，缩小价差 | U84: 003103000300000-310300030 | V84: 310300030 | W84: 眼球突出度测量 | X84: 包括米尺测量法、眼球突出计测量法 | Z84: 次 | AB84: 5.3 | AC84: 5 | AD84: 4.3 | AE84: 医保
A85: 25 | B85: 012403000250000 | C85: 眼外肌功能检查费 | D85: 通过分析眼球运动轨迹，评估眼外肌功能。 | E85: 所定价格涵盖移动光源、观察、记录、出具结果报告所需的人力资源和基本物质资源消耗。 | G85: 次 | H85: 11 | I85: 10 | J85: 10.5 | K85: 10 | L85: 8.5 | M85: 10.5 | N85: 10 | O85: 8.5 | P85: 医保 | S85: 平移 | T85: 平移 | U85: 003103000690000-310300069 | V85: 310300069 | W85: 眼外肌功能检查 | X85: 含眼球运动、歪头试验、集合与散开 | Z85: 次 | AB85: 10.5 | AC85: 10 | AD85: 8.5 | AE85: 医保
U86: 003103000700000-310300070 | V86: 310300070 | W86: 眼肌力检查 | Z86: 次 | AB86: 10.5 | AC86: 10 | AD86: 8.5 | AE86: 医保
A87: 分项 | B87: 012403000250001 | C87: 眼外肌功能检查费-儿童（加收） | G87: 次 | H87: 3.3 | I87: 3 | M87: 3.2 | N87: 3 | O87: 2.6 | P87: 医保 | T87: 儿童加收30%
A88: 26 | B88: 012403000260000 | C88: 眼像差检查费 | D88: 应用各种检查仪器分析视觉质量。 | E88: 所定价格涵盖设备准备、检查测定、记录、分析、出具结果报告等步骤所需的人力资源和基本物质资源消耗。 | G88: 单侧 | H88: 10 | I88: 9 | J88: 10.5 | K88: 10 | L88: 8.5 | M88: 10 | N88: 9 | O88: 8 | P88: 医保 | S88: 理顺 | T88: 平移后市级按不超过省级拟定，同质化项目，持平省级定价 | U88: 003103000260000-310300026 | V88: 310300026 | W88: 眼象差检查 | Z88: 次 | AB88: 10.5 | AC88: 10 | AD88: 8.5 | AE88: 医保
A89: 27 | B89: 012403000270000 | C89: 眼轴测量费 | D89: 应用各种检查仪器测定眼轴。 | E89: 所定价格涵盖消毒、设备准备、测量、重复多次、记录、分析、出具结果报告等步骤所需的人力资源和基本物质资源消耗。 | G89: 单侧 | H89: 9 | I89: 8 | M89: 8.5 | N89: 7 | O89: 6.3 | P89: 医保 | S89: 新增 | T89: 新增项目，同质化高的项目缩小比价
A90: 28 | B90: 012403000280000 | C90: 眼震电图费 | D90: 通过各种方式评估眼球运动功能和平衡机制。 | E90: 所定价格涵盖放置电极、检查、记录、分析、出具结果报告等步骤所需的人力资源和基本物质资源消耗。 | G90: 次 | H90: 77 | I90: 69 | J90: 73.5 | K90: 70 | L90: 59.5 | M90: 74 | N90: 69 | O90: 60 | P90: 医保 | S90: 理顺 | T90: 平移后取整，县级按不超过省级下调拟定 | U90: 003104010210000-310401021 | V90: 310401021 | W90: 眼震电图 | X90: 包括温度试验和自发眼震 | Z90: 次 | AB90: 73.5 | AC90: 70 | AD90: 59.5 | AE90: 医保
A91: 29 | B91: 012403000290000 | C91: 代偿头位测定费 | D91: 通过各种方式检查头部偏斜情况。 | E91: 所定价格涵盖摆位、设备准备、调整头位、记录、分析、出具结果报告等步骤所需的人力资源和基本物质资源消耗。 | G91: 次 | H91: 8 | I91: 7 | J91: 8.4 | K91: 8 | L91: 6.8 | M91: 8 | N91: 7 | O91: 6 | P91: 医保 | S91: 理顺 | T91: 平移后市级按不超过省级拟定，同质化项目，持平省级定价 | U91: 003103000110000-310300011 | V91: 310300011 | W91: 代偿头位测定 | X91: 含使用头位检测仪 | Z91: 次 | AB91: 8.4 | AC91: 8 | AD91: 6.8 | AE91: 医保
A92: 分项 | B92: 012403000290001 | C92: 代偿头位测定费-儿童（加收） | G92: 次 | H92: 2.4 | I92: 2.1 | M92: 2.4 | N92: 2.1 | O92: 1.8 | P92: 医保 | T92: 儿童加收30%
A93: 30 | B93: 012403000300000 | C93: 房角镜检查费 | D93: 利用房角镜进行各类检查。 | E93: 所定价格涵盖摆位、设备准备、检查、记录、分析、出具结果报告等步骤所需的人力资源和基本物质资源消耗。 | G93: 单侧 | H93: 11 | I93: 10 | J93: 10.5 | K93: 10 | L93: 8.5 | M93: 10.5 | N93: 10 | O93: 8.5 | P93: 医保 | S93: 平移 | T93: 平移 | U93: 003103000500000-310300050 | V93: 310300050 | W93: 裂隙灯下房角镜检查 | Z93: 次 | AB93: 10.5 | AC93: 10 | AD93: 8.5 | AE93: 医保
A94: 31 | B94: 012403000310000 | C94: 裂隙灯检查费 | D94: 通过应用裂隙灯显微镜进行各类检查。 | E94: 所定价格涵盖摆位、设备准备、测试、记录、分析、出具结果报告等步骤所需的人力资源和基本物质资源消耗。 | G94: 次 | H94: 6 | I94: 5 | J94: 5.3482936 | K94: 5.1236939 | L94: 4.3188782 | M94: 5.4 | N94: 5 | O94: 4.3 | P94: 医保 | S94: 平移取整 | T94: 平移取整 | U94: 003103000480000-310300048 | V94: 310300048 | W94: 裂隙灯检查 | Z94: 次 | AB94: 5.3 | AC94: 5 | AD94: 4.3 | AE94: 医保
T95: 平移 | U95: 003103000460000-310300046 | V95: 310300046 | W95: 前房深度测量 | X95: 包括裂隙灯法(测量周边前房及轴部前房)，前房深度测量仪法 | Z95: 次 | AB95: 6.3 | AC95: 6 | AD95: 5.1 | AE95: 医保
A96: 32 | B96: 012403000320000 | C96: 眼部超声生物显微镜检查费 | D96: 利用超声生物显微镜（UBM）检查眼内结构。 | E96: 所定价格涵盖设备准备、探头检查、图像采集存储、记录、分析、出具结果报告等步骤所需的人力资源和基本物质资源消耗。 | G96: 单侧 | H96: 80 | I96: 72 | J96: 84 | K96: 80 | L96: 68 | M96: 80 | N96: 72 | O96: 62 | P96: 医保 | R96: 0.1 | S96: 理顺 | T96: 平移后按不超过省级下调拟定，同质化检查项目持平省级 | U96: 003103000630000-310300063 | V96: 310300063 | W96: 超声生物显微镜检查（UBM） | Z96: 次（单眼） | AB96: 84 | AC96: 80 | AD96: 68 | AE96: 医保
A97: 33 | B97: 012403000330000 | C97: 眼部相干光断层扫描费 | D97: 通过相干光断层扫描设备对眼部进行扫描，辅助进行眼部疾病的鉴别和诊断。 | E97: 所定价格涵盖设备准备、扫描、记录、分析、出具结果报告等步骤所需的人力资源和基本物质资源消耗。 | F97: 眼底、眼前节、眼底血管可分别计价。 | G97: 单侧 | H97: 45 | I97: 41 | J97: 47.237755 | K97: 45 | L97: 38.25 | M97: 45 | N97: 41 | O97: 35 | P97: 医保 | R97: 0.1 | S97: 理顺 | T97: 眼底可独立计价，则原项目可按立项后项目*2计算，原项目拆分平移 加权平移后按不超过省级下调拟定，同质化检查项目持平省级 | U97: 003103000640000-310300064 | V97: 310300064 | W97: 光学相干断层成相（OCT） | X97: 含测眼球后极组织厚度及断面相 | Z97: 次（单眼） | AB97: 94.5 | AC97: 90 | AD97: 76.5 | AE97: 医保
U98: 003103000590000-310300059 | V98: 310300059 | W98: 海德堡视网膜厚度检查（HRT） | Z98: 次（单眼） | AB98: 84 | AC98: 80 | AD98: 68 | AE98: 医保
A99: 34 | B99: 013103000010000 | C99: 注射费（结膜下） | D99: 通过对结膜下注射药物，达到治疗目的。 | E99: 所定价格涵盖核对信息、定位、消毒、穿刺、注射、拔针、按压、遮盖、观察用药反应、处理用物等步骤所需的人力资源和基本物质资源消耗。 | F99: 不与“眼内穿刺费”同时收取。 | G99: 单侧 | H99: 11 | I99: 10 | J99: 10.5 | K99: 10 | L99: 8.5 | M99: 10.5 | N99: 10 | O99: 8.5 | P99: 医保 | S99: 平移 | T99: 平移 | U99: 003103000940000-310300094 | V99: 310300094 | W99: 球结膜下注射 | Z99: 次 | AB99: 10.5 | AC99: 10 | AD99: 8.5 | AE99: 医保
A100: 分项 | B100: 013103000010001 | C100: 注射费（结膜下）-儿童（加收） | G100: 单侧 | H100: 3.3 | I100: 3 | M100: 3.2 | N100: 3 | O100: 2.6 | P100: 医保 | T100: 儿童加收30%
...

Sheet 眼科项目 (2)
A1: 眼科类立项指南项目对应及拟定情况（征求意见稿）
A2: 眼科类立项指南项目 | V2: 现行项目
A3: 序号 | B3: 项目代码 | C3: 项目名称 | D3: 服务产出 | E3: 价格构成 | F3: 计价说明 | G3: 计价单位 | H3: 省三甲价格 | I3: 省三甲以下价格 | J3: 平移价格 (市级) | K3: 平移价格 (县级) | L3: 平移价格 (基层) | N3: 拟定价格 (市级) | O3: 拟定价格 (县级) | P3: 拟定价格 (基层) | Q3: 医保 属性 | R3: 医保限定支付范围 | S3: 个人先行自付比例 | T3: 调整情况 | U3: 备注 | V3: 国家结算编码 | W3: 项目代码 | X3: 项目名称 | Y3: 项目内涵 | Z3: 除外内容 | AA3: 计价单位 | AB3: 说明 | AC3: 价格 (市级) | AD3: 价格 (县级) | AE3: 价格 (基层)
A4: 1 | B4: 012403000010000 | C4: 视力检查费（普通） | D4: 通过远视力、近视力、光机能（包括光感及光定位）、伪盲检查等多种方式对视力进行检查。 | E4: 所定价格涵盖眼部遮盖、检查、记录、出具结果报告等步骤所需的人力资源和基本物质资源消耗。 | G4: 次 | H4: 1 | I4: 1 | J4: 1.1 | K4: 1 | L4: 0.9 | N4: 1 | O4: 1 | P4: 1 | Q4: 医保 | T4: 理顺 | U4: 平移后市级按不超过省级拟定，同质化项目，价格较低，市县基层同价 | V4: 003103000010000-310300001 | W4: 310300001 | X4: 普通视力检查 | Y4: 含远视力、近视力、光机能（包括光感及光定位）、伪盲检查 | AA4: 次 | AC4: 1.1 | AD4: 1 | AE4: 0.9 | AF4: =IFERROR(FIND("-儿童（加收）",C4,1),0) -> 0 | AG4: =SUBSTITUTE(C4,"-儿童（加收）","") -> 视力检查费（普通） | AH4: =IF(AF4>0,_xlfn.MAXIFS(N:N,C:C,SUBSTITUTE(C4,"-儿童（加收）","")),0)+N4 -> 1 | AI4: =IF(AF4>0,_xlfn.MAXIFS(O:O,C:C,SUBSTITUTE(C4,"-儿童（加收）","")),0)+O4 -> 1 | AJ4: =IF(AF4>0,_xlfn.MAXIFS(P:P,C:C,SUBSTITUTE(C4,"-儿童（加收）","")),0)+P4 -> 1
A5: 2 | B5: 012403000020000 | C5: 视力检查费（特殊） | D5: 通过各种特殊方式对视力进行检查。 | E5: 所定价格涵盖设备准备、检查、记录、出具结果报告等步骤所需的人力资源和基本物质资源消耗。 | F5: 1.“特殊方式”是指应用图形视力表、点视力表、条栅视力卡、视动性眼球震颤设备的方式进行视力检查。2.阿姆斯勒(Amsler)表检查按此项目收费。 | G5: 次 | H5: 13 | I5: 13 | J5: 11.896281 | K5: 10.794874 | L5: 10.797706 | N5: 12 | O5: 11.5 | P5: 11 | Q5: 医保 | T5: 理顺 | U5: 同质化项目缩小价差 | V5: 003103000020000-310300002 | W5: 310300002 | X5: 特殊视力检查 | Y5: 包括儿童图形视力表，点视力表，条栅视力卡，视动性眼震仪 | AA5: 项 | AC5: 2.1 | AD5: 2 | AE5: 1.7 | AF5: =IFERROR(FIND("-儿童（加收）",C5,1),0) -> 0 | AG5: =SUBSTITUTE(C5,"-儿童（加收）","") -> 视力检查费（特殊） | AH5: =IF(AF5>0,_xlfn.MAXIFS(N:N,C:C,SUBSTITUTE(C5,"-儿童（加收）","")),0)+N5 -> 12 | AI5: =IF(AF5>0,_xlfn.MAXIFS(O:O,C:C,SUBSTITUTE(C5,"-儿童（加收）","")),0)+O5 -> 11.5 | AJ5: =IF(AF5>0,_xlfn.MAXIFS(P:P,C:C,SUBSTITUTE(C5,"-儿童（加收）","")),0)+P5 -> 11
C6: 视力检查费（特殊） | N6: 12 | O6: 11.5 | P6: 11 | V6: 003103000020100-31030000201 | W6: 31030000201 | X6: 特殊视力检查（儿童图形视力表） | AA6: 项 | AB6: 儿童图形视力表 | AC6: 2.1 | AD6: 2 | AE6: 1.7 | AF6: =IFERROR(FIND("-儿童（加收）",C6,1),0) -> 0 | AG6: =SUBSTITUTE(C6,"-儿童（加收）","") -> 视力检查费（特殊） | AH6: =IF(AF6>0,_xlfn.MAXIFS(N:N,C:C,SUBSTITUTE(C6,"-儿童（加收）","")),0)+N6 -> 12 | AI6: =IF(AF6>0,_xlfn.MAXIFS(O:O,C:C,SUBSTITUTE(C6,"-儿童（加收）","")),0)+O6 -> 11.5 | AJ6: =IF(AF6>0,_xlfn.MAXIFS(P:P,C:C,SUBSTITUTE(C6,"-儿童（加收）","")),0)+P6 -> 11
C7: 视力检查费（特殊） | N7: 12 | O7: 11.5 | P7: 11 | V7: 003103000020200-31030000202 | W7: 31030000202 | X7: 特殊视力检查（点视力表） | AA7: 项 | AB7: 点视力表 | AC7: 2.1 | AD7: 2 | AE7: 1.7 | AF7: =IFERROR(FIND("-儿童（加收）",C7,1),0) -> 0 | AG7: =SUBSTITUTE(C7,"-儿童（加收）","") -> 视力检查费（特殊） | AH7: =IF(AF7>0,_xlfn.MAXIFS(N:N,C:C,SUBSTITUTE(C7,"-儿童（加收）","")),0)+N7 -> 12 | AI7: =IF(AF7>0,_xlfn.MAXIFS(O:O,C:C,SUBSTITUTE(C7,"-儿童（加收）","")),0)+O7 -> 11.5 | AJ7: =IF(AF7>0,_xlfn.MAXIFS(P:P,C:C,SUBSTITUTE(C7,"-儿童（加收）","")),0)+P7 -> 11
C8: 视力检查费（特殊） | N8: 12 | O8: 11.5 | P8: 11 | V8: 003103000020300-31030000203 | W8: 31030000203 | X8: 特殊视力检查（条栅视力卡） | AA8: 项 | AB8: 条栅视力卡 | AC8: 2.1 | AD8: 2 | AE8: 1.7 | AF8: =IFERROR(FIND("-儿童（加收）",C8,1),0) -> 0 | AG8: =SUBSTITUTE(C8,"-儿童（加收）","") -> 视力检查费（特殊） | AH8: =IF(AF8>0,_xlfn.MAXIFS(N:N,C:C,SUBSTITUTE(C8,"-儿童（加收）","")),0)+N8 -> 12 | AI8: =IF(AF8>0,_xlfn.MAXIFS(O:O,C:C,SUBSTITUTE(C8,"-儿童（加收）","")),0)+O8 -> 11.5 | AJ8: =IF(AF8>0,_xlfn.MAXIFS(P:P,C:C,SUBSTITUTE(C8,"-儿童（加收）","")),0)+P8 -> 11
C9: 视力检查费（特殊） | N9: 12 | O9: 11.5 | P9: 11 | V9: 003103000020400-31030000204 | W9: 31030000204 | X9: 特殊视力检查（视动性眼震仪） | AA9: 项 | AB9: 视动性眼震仪 | AC9: 2.1 | AD9: 2 | AE9: 1.7 | AF9: =IFERROR(FIND("-儿童（加收）",C9,1),0) -> 0 | AG9: =SUBSTITUTE(C9,"-儿童（加收）","") -> 视力检查费（特殊） | AH9: =IF(AF9>0,_xlfn.MAXIFS(N:N,C:C,SUBSTITUTE(C9,"-儿童（加收）","")),0)+N9 -> 12 | AI9: =IF(AF9>0,_xlfn.MAXIFS(O:O,C:C,SUBSTITUTE(C9,"-儿童（加收）","")),0)+O9 -> 11.5 | AJ9: =IF(AF9>0,_xlfn.MAXIFS(P:P,C:C,SUBSTITUTE(C9,"-儿童（加收）","")),0)+P9 -> 11
C10: 视力检查费（特殊） | N10: 12 | O10: 11.5 | P10: 11 | V10: 003103000030000-310300003 | W10: 310300003 | X10: 选择性观看检查 | AA10: 次 | AC10: 2.1 | AD10: 2 | AE10: 1.7 | AF10: =IFERROR(FIND("-儿童（加收）",C10,1),0) -> 0 | AG10: =SUBSTITUTE(C10,"-儿童（加收）","") -> 视力检查费（特殊） | AH10: =IF(AF10>0,_xlfn.MAXIFS(N:N,C:C,SUBSTITUTE(C10,"-儿童（加收）","")),0)+N10 -> 12 | AI10: =IF(AF10>0,_xlfn.MAXIFS(O:O,C:C,SUBSTITUTE(C10,"-儿童（加收）","")),0)+O10 -> 11.5 | AJ10: =IF(AF10>0,_xlfn.MAXIFS(P:P,C:C,SUBSTITUTE(C10,"-儿童（加收）","")),0)+P10 -> 11
C11: 视力检查费（特殊） | N11: 12 | O11: 11.5 | P11: 11 | V11: 003103000040000-310300004 | W11: 310300004 | X11: 视网膜视力检查 | AA11: 次 | AC11: 5.3 | AD11: 5 | AE11: 4.3 | AF11: =IFERROR(FIND("-儿童（加收）",C11,1),0) -> 0 | AG11: =SUBSTITUTE(C11,"-儿童（加收）","") -> 视力检查费（特殊） | AH11: =IF(AF11>0,_xlfn.MAXIFS(N:N,C:C,SUBSTITUTE(C11,"-儿童（加收）","")),0)+N11 -> 12 | AI11: =IF(AF11>0,_xlfn.MAXIFS(O:O,C:C,SUBSTITUTE(C11,"-儿童（加收）","")),0)+O11 -> 11.5 | AJ11: =IF(AF11>0,_xlfn.MAXIFS(P:P,C:C,SUBSTITUTE(C11,"-儿童（加收）","")),0)+P11 -> 11
C12: 视力检查费（特殊） | N12: 12 | O12: 11.5 | P12: 11 | V12: 003103000060000-310300006 | W12: 310300006 | X12: 阿姆斯勒（Amsler）表检查 | AA12: 次（单眼） | AC12: 2.1 | AD12: 2 | AE12: 1.7 | AF12: =IFERROR(FIND("-儿童（加收）",C12,1),0) -> 0 | AG12: =SUBSTITUTE(C12,"-儿童（加收）","") -> 视力检查费（特殊） | AH12: =IF(AF12>0,_xlfn.MAXIFS(N:N,C:C,SUBSTITUTE(C12,"-儿童（加收）","")),0)+N12 -> 12 | AI12: =IF(AF12>0,_xlfn.MAXIFS(O:O,C:C,SUBSTITUTE(C12,"-儿童（加收）","")),0)+O12 -> 11.5 | AJ12: =IF(AF12>0,_xlfn.MAXIFS(P:P,C:C,SUBSTITUTE(C12,"-儿童（加收）","")),0)+P12 -> 11
C13: 视力检查费（特殊） | N13: 12 | O13: 11.5 | P13: 11 | V13: 003103000210000-310300021 | W13: 310300021 | X13: 对比敏感度检查 | AA13: 次 | AB13: 使用微机处理基层收12.8元，县级医院收15元，市级医院收15.8元 | AC13: 3.2 | AD13: 3 | AE13: 2.6 | AF13: =IFERROR(FIND("-儿童（加收）",C13,1),0) -> 0 | AG13: =SUBSTITUTE(C13,"-儿童（加收）","") -> 视力检查费（特殊） | AH13: =IF(AF13>0,_xlfn.MAXIFS(N:N,C:C,SUBSTITUTE(C13,"-儿童（加收）","")),0)+N13 -> 12 | AI13: =IF(AF13>0,_xlfn.MAXIFS(O:O,C:C,SUBSTITUTE(C13,"-儿童（加收）","")),0)+O13 -> 11.5 | AJ13: =IF(AF13>0,_xlfn.MAXIFS(P:P,C:C,SUBSTITUTE(C13,"-儿童（加收）","")),0)+P13 -> 11
C14: 视力检查费（特殊） | N14: 12 | O14: 11.5 | P14: 11 | V14: 003103000210000-31030002101 | W14: 31030002101 | X14: 对比敏感度检查（使用微机处理） | AA14: 次 | AB14: 使用微机处理 | AC14: 15.8 | AD14: 15 | AE14: 12.8 | AF14: =IFERROR(FIND("-儿童（加收）",C14,1),0) -> 0 | AG14: =SUBSTITUTE(C14,"-儿童（加收）","") -> 视力检查费（特殊） | AH14: =IF(AF14>0,_xlfn.MAXIFS(N:N,C:C,SUBSTITUTE(C14,"-儿童（加收）","")),0)+N14 -> 12 | AI14: =IF(AF14>0,_xlfn.MAXIFS(O:O,C:C,SUBSTITUTE(C14,"-儿童（加收）","")),0)+O14 -> 11.5 | AJ14: =IF(AF14>0,_xlfn.MAXIFS(P:P,C:C,SUBSTITUTE(C14,"-儿童（加收）","")),0)+P14 -> 11
C15: 视力检查费（特殊） | N15: 12 | O15: 11.5 | P15: 11 | V15: 003103000220000-310300022 | W15: 310300022 | X15: 暗适应测定 | Y15: 含图形及报告 | AA15: 次 | AC15: 15.8 | AD15: 15 | AE15: 12.8 | AF15: =IFERROR(FIND("-儿童（加收）",C15,1),0) -> 0 | AG15: =SUBSTITUTE(C15,"-儿童（加收）","") -> 视力检查费（特殊） | AH15: =IF(AF15>0,_xlfn.MAXIFS(N:N,C:C,SUBSTITUTE(C15,"-儿童（加收）","")),0)+N15 -> 12 | AI15: =IF(AF15>0,_xlfn.MAXIFS(O:O,C:C,SUBSTITUTE(C15,"-儿童（加收）","")),0)+O15 -> 11.5 | AJ15: =IF(AF15>0,_xlfn.MAXIFS(P:P,C:C,SUBSTITUTE(C15,"-儿童（加收）","")),0)+P15 -> 11
C16: 视力检查费（特殊） | N16: 12 | O16: 11.5 | P16: 11 | V16: 003103000230000-310300023 | W16: 310300023 | X16: 明适应测定 | AA16: 次 | AC16: 15.8 | AD16: 15 | AE16: 12.8 | AF16: =IFERROR(FIND("-儿童（加收）",C16,1),0) -> 0 | AG16: =SUBSTITUTE(C16,"-儿童（加收）","") -> 视力检查费（特殊） | AH16: =IF(AF16>0,_xlfn.MAXIFS(N:N,C:C,SUBSTITUTE(C16,"-儿童（加收）","")),0)+N16 -> 12 | AI16: =IF(AF16>0,_xlfn.MAXIFS(O:O,C:C,SUBSTITUTE(C16,"-儿童（加收）","")),0)+O16 -> 11.5 | AJ16: =IF(AF16>0,_xlfn.MAXIFS(P:P,C:C,SUBSTITUTE(C16,"-儿童（加收）","")),0)+P16 -> 11
A17: 3 | B17: 012403000030000 | C17: 散瞳验光费 | D17: 通过散瞳、电脑、检影等不同方式测量眼睛的屈光状态。 | E17: 所定价格涵盖散瞳、电脑及人工测视力、测瞳距、确定屈光度数、记录、出具结果报告等步骤所需的人力资源和基本物质资源消耗。 | G17: 次 | H17: 8 | I17: 8 | J17: 7.2693567 | K17: 6.0744562 | L17: 5.2666794 | N17: 7.5 | O17: 7 | P17: 6.5 | Q17: 医保 | T17: 理顺 | U17: 同质化项目，缩小价差 | V17: 003103000070000-310300007 | W17: 310300007 | X17: 验光 | Y17: 包括检影，散瞳，云雾试验，试镜 | AA17: 项 | AB17: 每增加一项基层加收1.7元，县级医院加收2元，市级医院加收2.1元 | AC17: 5.3 | AD17: 5 | AE17: 4.3 | AF17: =IFERROR(FIND("-儿童（加收）",C17,1),0) -> 0 | AG17: =SUBSTITUTE(C17,"-儿童（加收）","") -> 散瞳验光费 | AH17: =IF(AF17>0,_xlfn.MAXIFS(N:N,C:C,SUBSTITUTE(C17,"-儿童（加收）","")),0)+N17 -> 7.5 | AI17: =IF(AF17>0,_xlfn.MAXIFS(O:O,C:C,SUBSTITUTE(C17,"-儿童（加收）","")),0)+O17 -> 7 | AJ17: =IF(AF17>0,_xlfn.MAXIFS(P:P,C:C,SUBSTITUTE(C17,"-儿童（加收）","")),0)+P17 -> 6.5
C18: 散瞳验光费 | N18: 7.5 | O18: 7 | P18: 6.5 | V18: 003103000070001-31030000701 | W18: 31030000701 | X18: 验光（增加一项加收） | AA18: 项 | AB18: 每增加一项加收 | AC18: 2.1 | AD18: 2 | AE18: 1.7 | AF18: =IFERROR(FIND("-儿童（加收）",C18,1),0) -> 0 | AG18: =SUBSTITUTE(C18,"-儿童（加收）","") -> 散瞳验光费 | AH18: =IF(AF18>0,_xlfn.MAXIFS(N:N,C:C,SUBSTITUTE(C18,"-儿童（加收）","")),0)+N18 -> 7.5 | AI18: =IF(AF18>0,_xlfn.MAXIFS(O:O,C:C,SUBSTITUTE(C18,"-儿童（加收）","")),0)+O18 -> 7 | AJ18: =IF(AF18>0,_xlfn.MAXIFS(P:P,C:C,SUBSTITUTE(C18,"-儿童（加收）","")),0)+P18 -> 6.5
A19: 5 | B19: 012403000050000 | C19: 眼压检查费 | D19: 通过接触或非接触方式进行眼压测量。 | E19: 所定价格涵盖检查、测量、记录、出具结果报告等步骤所需的人力资源和基本物质资源消耗。 | F19: 眼压日曲线描记按照眼压检查实际开展次数收费，每日单侧收费不超过4个计价单位。 | G19: 单侧 | H19: 8 | I19: 7 | J19: 8.3960273 | K19: 7.9476972 | L19: 6.7751148 | N19: 8 | O19: 7 | P19: 6.5 | Q19: 医保 | T19: 理顺 | U19: 平移后按不超过省级下调拟定 | V19: 003103000270000-310300027 | W19: 310300027 | X19: 眼压检查 | Y19: 包括Schiotz眼压计法，电眼压计法 | AA19: 次 | AB19: 非接触眼压计法、压平眼压计法分别加收100% | AC19: 4.2 | AD19: 4 | AE19: 3.4 | AF19: =IFERROR(FIND("-儿童（加收）",C19,1),0) -> 0 | AG19: =SUBSTITUTE(C19,"-儿童（加收）","") -> 眼压检查费 | AH19: =IF(AF19>0,_xlfn.MAXIFS(N:N,C:C,SUBSTITUTE(C19,"-儿童（加收）","")),0)+N19 -> 8 | AI19: =IF(AF19>0,_xlfn.MAXIFS(O:O,C:C,SUBSTITUTE(C19,"-儿童（加收）","")),0)+O19 -> 7 | AJ19: =IF(AF19>0,_xlfn.MAXIFS(P:P,C:C,SUBSTITUTE(C19,"-儿童（加收）","")),0)+P19 -> 6.5
C20: 眼压检查费 | N20: 8 | O20: 7 | P20: 6.5 | V20: 003103000270200-31030002701 | W20: 31030002701 | X20: 眼压检查（非接触眼压计法） | AA20: 次 | AB20: 非接触眼压计法 | AC20: 8.4 | AD20: 8 | AE20: 6.8 | AF20: =IFERROR(FIND("-儿童（加收）",C20,1),0) -> 0 | AG20: =SUBSTITUTE(C20,"-儿童（加收）","") -> 眼压检查费 | AH20: =IF(AF20>0,_xlfn.MAXIFS(N:N,C:C,SUBSTITUTE(C20,"-儿童（加收）","")),0)+N20 -> 8 | AI20: =IF(AF20>0,_xlfn.MAXIFS(O:O,C:C,SUBSTITUTE(C20,"-儿童（加收）","")),0)+O20 -> 7 | AJ20: =IF(AF20>0,_xlfn.MAXIFS(P:P,C:C,SUBSTITUTE(C20,"-儿童（加收）","")),0)+P20 -> 6.5
C21: 眼压检查费 | N21: 8 | O21: 7 | P21: 6.5 | V21: 003103000270400-31030002702 | W21: 31030002702 | X21: 眼压检查（压平眼压计法） | AA21: 次 | AB21: 压平眼压计法 | AC21: 8.4 | AD21: 8 | AE21: 6.8 | AF21: =IFERROR(FIND("-儿童（加收）",C21,1),0) -> 0 | AG21: =SUBSTITUTE(C21,"-儿童（加收）","") -> 眼压检查费 | AH21: =IF(AF21>0,_xlfn.MAXIFS(N:N,C:C,SUBSTITUTE(C21,"-儿童（加收）","")),0)+N21 -> 8 | AI21: =IF(AF21>0,_xlfn.MAXIFS(O:O,C:C,SUBSTITUTE(C21,"-儿童（加收）","")),0)+O21 -> 7 | AJ21: =IF(AF21>0,_xlfn.MAXIFS(P:P,C:C,SUBSTITUTE(C21,"-儿童（加收）","")),0)+P21 -> 6.5
C22: 眼压检查费 | N22: 8 | O22: 7 | P22: 6.5 | V22: 003103000290000-310300029 | W22: 310300029 | X22: 眼压描记 | AA22: 次 | AC22: 10.5 | AD22: 10 | AE22: 8.5 | AF22: =IFERROR(FIND("-儿童（加收）",C22,1),0) -> 0 | AG22: =SUBSTITUTE(C22,"-儿童（加收）","") -> 眼压检查费 | AH22: =IF(AF22>0,_xlfn.MAXIFS(N:N,C:C,SUBSTITUTE(C22,"-儿童（加收）","")),0)+N22 -> 8 | AI22: =IF(AF22>0,_xlfn.MAXIFS(O:O,C:C,SUBSTITUTE(C22,"-儿童（加收）","")),0)+O22 -> 7 | AJ22: =IF(AF22>0,_xlfn.MAXIFS(P:P,C:C,SUBSTITUTE(C22,"-儿童（加收）","")),0)+P22 -> 6.5
C23: 眼压检查费 | N23: 8 | O23: 7 | P23: 6.5 | V23: 003103000280000-310300028 | W23: 310300028 | X23: 眼压日曲线检查 | AA23: 次 | AC23: 15.8 | AD23: 15 | AE23: 12.8 | AF23: =IFERROR(FIND("-儿童（加收）",C23,1),0) -> 0 | AG23: =SUBSTITUTE(C23,"-儿童（加收）","") -> 眼压检查费 | AH23: =IF(AF23>0,_xlfn.MAXIFS(N:N,C:C,SUBSTITUTE(C23,"-儿童（加收）","")),0)+N23 -> 8 | AI23: =IF(AF23>0,_xlfn.MAXIFS(O:O,C:C,SUBSTITUTE(C23,"-儿童（加收）","")),0)+O23 -> 7 | AJ23: =IF(AF23>0,_xlfn.MAXIFS(P:P,C:C,SUBSTITUTE(C23,"-儿童（加收）","")),0)+P23 -> 6.5
A24: 6 | B24: 012403000060000 | C24: 眼压检查费（青光眼激发） | D24: 指通过各种方式激发眼压升高后进行眼压测量。 | E24: 所定价格涵盖试验准备、眼压测量、诱导、再次测量、记录、出具结果报告等步骤所需的人力资源和基本物质资源消耗。 | F24: 不得与眼压检查费同时收取。 | G24: 次 | H24: 15 | I24: 13.5 | J24: 15.8 | K24: 15 | L24: 12.8 | N24: 15 | O24: 13.5 | P24: 12 | Q24: 医保 | T24: 理顺，降低 | U24: 平移后按不超过省级下调拟定，同质化检查项目持平省级 | V24: 003103000370000-310300037 | W24: 310300037 | X24: 青光眼诱导试验 | Y24: 包括饮水，暗室，妥拉苏林等 | AA24: 次 | AC24: 15.8 | AD24: 15 | AE24: 12.8 | AF24: =IFERROR(FIND("-儿童（加收）",C24,1),0) -> 0 | AG24: =SUBSTITUTE(C24,"-儿童（加收）","") -> 眼压检查费（青光眼激发） | AH24: =IF(AF24>0,_xlfn.MAXIFS(N:N,C:C,SUBSTITUTE(C24,"-儿童（加收）","")),0)+N24 -> 15 | AI24: =IF(AF24>0,_xlfn.MAXIFS(O:O,C:C,SUBSTITUTE(C24,"-儿童（加收）","")),0)+O24 -> 13.5 | AJ24: =IF(AF24>0,_xlfn.MAXIFS(P:P,C:C,SUBSTITUTE(C24,"-儿童（加收）","")),0)+P24 -> 12
A25: 7 | B25: 012403000070000 | C25: 色觉检查费 | D25: 通过不同方式检查色弱、色盲情况。 | E25: 所定价格涵盖检查、记录、出具结果报告等步骤所需的人力资源和基本物质资源消耗。 | G25: 次 | H25: 5 | I25: 5 | J25: 5.3 | K25: 5 | L25: 4.3 | N25: 5 | O25: 5 | P25: 4.3 | Q25: 医保 | T25: 理顺，降低 | U25: 平移后市级按不超过省级下调拟定 | V25: 003103000200000-310300020 | W25: 310300020 | X25: 色觉检查 | Y25: 包括普通图谱法，FM-100Hue测试盒法，色觉仪法 | AA25: 次 | AC25: 5.3 | AD25: 5 | AE25: 4.3 | AF25: =IFERROR(FIND("-儿童（加收）",C25,1),0) -> 0 | AG25: =SUBSTITUTE(C25,"-儿童（加收）","") -> 色觉检查费 | AH25: =IF(AF25>0,_xlfn.MAXIFS(N:N,C:C,SUBSTITUTE(C25,"-儿童（加收）","")),0)+N25 -> 5 | AI25: =IF(AF25>0,_xlfn.MAXIFS(O:O,C:C,SUBSTITUTE(C25,"-儿童（加收）","")),0)+O25 -> 5 | AJ25: =IF(AF25>0,_xlfn.MAXIFS(P:P,C:C,SUBSTITUTE(C25,"-儿童（加收）","")),0)+P25 -> 4.3
A26: 8 | B26: 012403000080000 | C26: 视野检查费 | D26: 通过各种方式对视野进行评估。 | E26: 所定价格涵盖应用视野检查设备、记录、出具结果报告等步骤所需的人力资源和基本物质资源消耗。 | G26: 单侧 | H26: 30 | I26: 27 | J26: 30.81491 | K26: 29.816303 | L26: 16.425267 | N26: 30 | O26: 27 | P26: 22 | Q26: 医保 | T26: 理顺 | U26: 平移后市县按不超过省级下调拟定，基层按比价上调，同质化检查项目持平省级 | V26: 003103000050000-310300005 | W26: 310300005 | X26: 视野检查 | Y26: 普通视野计 | AA26: 次（单眼） | AB26: 电脑视野计、动态(Goldmann)视野计加收200% | AC26: 10.5 | AD26: 10 | AE26: 8.5 | AF26: =IFERROR(FIND("-儿童（加收）",C26,1),0) -> 0 | AG26: =SUBSTITUTE(C26,"-儿童（加收）","") -> 视野检查费 | AH26: =IF(AF26>0,_xlfn.MAXIFS(N:N,C:C,SUBSTITUTE(C26,"-儿童（加收）","")),0)+N26 -> 30 | AI26: =IF(AF26>0,_xlfn.MAXIFS(O:O,C:C,SUBSTITUTE(C26,"-儿童（加收）","")),0)+O26 -> 27 | AJ26: =IF(AF26>0,_xlfn.MAXIFS(P:P,C:C,SUBSTITUTE(C26,"-儿童（加收）","")),0)+P26 -> 22
C27: 视野检查费 | N27: 30 | O27: 27 | P27: 22 | V27: 003103000050200-31030000501 | W27: 31030000501 | X27: 视野检查（电脑视野计） | AA27: 次（单眼） | AB27: 电脑视野计 | AC27: 31.5 | AD27: 30 | AE27: 25.5 | AF27: =IFERROR(FIND("-儿童（加收）",C27,1),0) -> 0 | AG27: =SUBSTITUTE(C27,"-儿童（加收）","") -> 视野检查费 | AH27: =IF(AF27>0,_xlfn.MAXIFS(N:N,C:C,SUBSTITUTE(C27,"-儿童（加收）","")),0)+N27 -> 30 | AI27: =IF(AF27>0,_xlfn.MAXIFS(O:O,C:C,SUBSTITUTE(C27,"-儿童（加收）","")),0)+O27 -> 27 | AJ27: =IF(AF27>0,_xlfn.MAXIFS(P:P,C:C,SUBSTITUTE(C27,"-儿童（加收）","")),0)+P27 -> 22
C28: 视野检查费 | N28: 30 | O28: 27 | P28: 22 | V28: 003103000050100-31030000502 | W28: 31030000502 | X28: 视野检查（动态Goldmann视野计） | AA28: 次（单眼） | AB28: 动态(Goldmann)视野计 | AC28: 31.5 | AD28: 30 | AE28: 25.5 | AF28: =IFERROR(FIND("-儿童（加收）",C28,1),0) -> 0 | AG28: =SUBSTITUTE(C28,"-儿童（加收）","") -> 视野检查费 | AH28: =IF(AF28>0,_xlfn.MAXIFS(N:N,C:C,SUBSTITUTE(C28,"-儿童（加收）","")),0)+N28 -> 30 | AI28: =IF(AF28>0,_xlfn.MAXIFS(O:O,C:C,SUBSTITUTE(C28,"-儿童（加收）","")),0)+O28 -> 27 | AJ28: =IF(AF28>0,_xlfn.MAXIFS(P:P,C:C,SUBSTITUTE(C28,"-儿童（加收）","")),0)+P28 -> 22
A29: 9 | B29: 012403000090000 | C29: 泪液分泌功能测定费 | D29: 通过各种方式对泪液分泌功能进行测定。 | E29: 所定价格涵盖放置纸条、测定滤纸浸湿长度、记录并分析结果等步骤所需的人力资源和基本物质资源消耗。 | G29: 单侧 | H29: 8 | I29: 7 | J29: 8.4 | K29: 8 | L29: 6.8 | N29: 8 | O29: 7 | P29: 6 | Q29: 医保 | T29: 理顺 | U29: 平移后按不超过省级下调拟定，同质化检查项目持平省级 | V29: 003103000350000-310300035 | W29: 310300035 | X29: 泪液分泌功能测定 | AA29: 次 | AC29: 8.4 | AD29: 8 | AE29: 6.8 | AF29: =IFERROR(FIND("-儿童（加收）",C29,1),0) -> 0 | AG29: =SUBSTITUTE(C29,"-儿童（加收）","") -> 泪液分泌功能测定费 | AH29: =IF(AF29>0,_xlfn.MAXIFS(N:N,C:C,SUBSTITUTE(C29,"-儿童（加收）","")),0)+N29 -> 8 | AI29: =IF(AF29>0,_xlfn.MAXIFS(O:O,C:C,SUBSTITUTE(C29,"-儿童（加收）","")),0)+O29 -> 7 | AJ29: =IF(AF29>0,_xlfn.MAXIFS(P:P,C:C,SUBSTITUTE(C29,"-儿童（加收）","")),0)+P29 -> 6
A30: 10 | B30: 012403000100000 | C30: 泪膜分析测定费 | D30: 通过各种方式对泪膜进行分析测定。 | E30: 所定价格涵盖设备准备、检查、记录、分析、出具结果报告等步骤所需的人力资源和基本物质资源消耗。 | G30: 单侧 | H30: 10 | I30: 9 | J30: 10.5 | K30: 10 | L30: 8.5 | N30: 10 | O30: 9 | P30: 8 | Q30: 医保 | T30: 理顺 | U30: 平移后按不超过省级下调拟定，同质化检查项目持平省级 | V30: 003103000340000-310300034 | W30: 310300034 | X30: 泪膜破裂时间测定 | AA30: 次 | AC30: 10.5 | AD30: 10 | AE30: 8.5 | AF30: =IFERROR(FIND("-儿童（加收）",C30,1),0) -> 0 | AG30: =SUBSTITUTE(C30,"-儿童（加收）","") -> 泪膜分析测定费 | AH30: =IF(AF30>0,_xlfn.MAXIFS(N:N,C:C,SUBSTITUTE(C30,"-儿童（加收）","")),0)+N30 -> 10 | AI30: =IF(AF30>0,_xlfn.MAXIFS(O:O,C:C,SUBSTITUTE(C30,"-儿童（加收）","")),0)+O30 -> 9 | AJ30: =IF(AF30>0,_xlfn.MAXIFS(P:P,C:C,SUBSTITUTE(C30,"-儿童（加收）","")),0)+P30 -> 8
A31: 11 | B31: 012403000110000 | C31: 复视检查费 | D31: 通过各种方式对复视情况进行检查。 | E31: 所定价格涵盖设备准备、检查、记录、分析、出具结果报告等步骤所需的人力资源和基本物质资源消耗。 | G31: 次 | H31: 8 | I31: 7 | J31: 7.6968722 | K31: 7.9883268 | L31: 6.8 | N31: 8 | O31: 7 | P31: 6 | Q31: 医保 | T31: 理顺 | U31: 同质化检查项目持平省级 | V31: 003103000160000-310300016 | W31: 310300016 | X31: 黑氏（Hess）屏检查 | AA31: 次 | AC31: 8.4 | AD31: 8 | AE31: 6.8 | AF31: =IFERROR(FIND("-儿童（加收）",C31,1),0) -> 0 | AG31: =SUBSTITUTE(C31,"-儿童（加收）","") -> 复视检查费 | AH31: =IF(AF31>0,_xlfn.MAXIFS(N:N,C:C,SUBSTITUTE(C31,"-儿童（加收）","")),0)+N31 -> 8 | AI31: =IF(AF31>0,_xlfn.MAXIFS(O:O,C:C,SUBSTITUTE(C31,"-儿童（加收）","")),0)+O31 -> 7 | AJ31: =IF(AF31>0,_xlfn.MAXIFS(P:P,C:C,SUBSTITUTE(C31,"-儿童（加收）","")),0)+P31 -> 6
C32: 复视检查费 | N32: 8 | O32: 7 | P32: 6 | V32: 003103000120000-310300012 | W32: 310300012 | X32: 复视检查 | AA32: 次 | AC32: 8.4 | AD32: 8 | AE32: 6.8 | AF32: =IFERROR(FIND("-儿童（加收）",C32,1),0) -> 0 | AG32: =SUBSTITUTE(C32,"-儿童（加收）","") -> 复视检查费 | AH32: =IF(AF32>0,_xlfn.MAXIFS(N:N,C:C,SUBSTITUTE(C32,"-儿童（加收）","")),0)+N32 -> 8 | AI32: =IF(AF32>0,_xlfn.MAXIFS(O:O,C:C,SUBSTITUTE(C32,"-儿童（加收）","")),0)+O32 -> 7 | AJ32: =IF(AF32>0,_xlfn.MAXIFS(P:P,C:C,SUBSTITUTE(C32,"-儿童（加收）","")),0)+P32 -> 6
C33: 复视检查费 | N33: 8 | O33: 7 | P33: 6 | V33: 003103000150000-310300015 | W33: 310300015 | X33: 线状镜检查 | AA33: 次 | AC33: 5.3 | AD33: 5 | AE33: 4.3 | AF33: =IFERROR(FIND("-儿童（加收）",C33,1),0) -> 0 | AG33: =SUBSTITUTE(C33,"-儿童（加收）","") -> 复视检查费 | AH33: =IF(AF33>0,_xlfn.MAXIFS(N:N,C:C,SUBSTITUTE(C33,"-儿童（加收）","")),0)+N33 -> 8 | AI33: =IF(AF33>0,_xlfn.MAXIFS(O:O,C:C,SUBSTITUTE(C33,"-儿童（加收）","")),0)+O33 -> 7 | AJ33: =IF(AF33>0,_xlfn.MAXIFS(P:P,C:C,SUBSTITUTE(C33,"-儿童（加收）","")),0)+P33 -> 6
A34: 12 | B34: 012403000120000 | C34: 斜视度测定费 | D34: 通过各种方式测定斜视度数。 | E34: 所定价格涵盖设备准备、检查、记录、分析、出具结果报告等步骤所需的人力资源和基本物质资源消耗。 | F34: 每日计费不超过3次。 | G34: 次 | H34: 9 | I34: 8 | J34: 8.9290639 | K34: 7.6541327 | L34: 6.7984619 | N34: 9 | O34: 8 | P34: 7 | Q34: 医保 | T34: 平移取整 | U34: 加权平移取整，同质化检查项目持平省级 | V34: 003103000130000-310300013 | W34: 310300013 | X34: 斜视度测定 | Y34: 含九个注视方向双眼分别注视时的斜度，看远及看近 | AA34: 次 | AC34: 8.4 | AD34: 8 | AE34: 6.8 | AF34: =IFERROR(FIND("-儿童（加收）",C34,1),0) -> 0 | AG34: =SUBSTITUTE(C34,"-儿童（加收）","") -> 斜视度测定费 | AH34: =IF(AF34>0,_xlfn.MAXIFS(N:N,C:C,SUBSTITUTE(C34,"-儿童（加收）","")),0)+N34 -> 9 | AI34: =IF(AF34>0,_xlfn.MAXIFS(O:O,C:C,SUBSTITUTE(C34,"-儿童（加收）","")),0)+O34 -> 8 | AJ34: =IF(AF34>0,_xlfn.MAXIFS(P:P,C:C,SUBSTITUTE(C34,"-儿童（加收）","")),0)+P34 -> 7
C35: 斜视度测定费 | N35: 9 | O35: 8 | P35: 7 | V35: 003103000140000-310300014 | W35: 310300014 | X35: 三棱镜检查 | AA35: 次 | AC35: 10.5 | AD35: 10 | AE35: 8.5 | AF35: =IFERROR(FIND("-儿童（加收）",C35,1),0) -> 0 | AG35: =SUBSTITUTE(C35,"-儿童（加收）","") -> 斜视度测定费 | AH35: =IF(AF35>0,_xlfn.MAXIFS(N:N,C:C,SUBSTITUTE(C35,"-儿童（加收）","")),0)+N35 -> 9 | AI35: =IF(AF35>0,_xlfn.MAXIFS(O:O,C:C,SUBSTITUTE(C35,"-儿童（加收）","")),0)+O35 -> 8 | AJ35: =IF(AF35>0,_xlfn.MAXIFS(P:P,C:C,SUBSTITUTE(C35,"-儿童（加收）","")),0)+P35 -> 7
C36: 斜视度测定费 | N36: 9 | O36: 8 | P36: 7 | V36: 003103000240000-310300024 | W36: 310300024 | X36: 正切尺检查 | AA36: 次 | AC36: 3.2 | AD36: 3 | AE36: 2.6 | AF36: =IFERROR(FIND("-儿童（加收）",C36,1),0) -> 0 | AG36: =SUBSTITUTE(C36,"-儿童（加收）","") -> 斜视度测定费 | AH36: =IF(AF36>0,_xlfn.MAXIFS(N:N,C:C,SUBSTITUTE(C36,"-儿童（加收）","")),0)+N36 -> 9 | AI36: =IF(AF36>0,_xlfn.MAXIFS(O:O,C:C,SUBSTITUTE(C36,"-儿童（加收）","")),0)+O36 -> 8 | AJ36: =IF(AF36>0,_xlfn.MAXIFS(P:P,C:C,SUBSTITUTE(C36,"-儿童（加收）","")),0)+P36 -> 7
C37: 斜视度测定费 | N37: 9 | O37: 8 | P37: 7 | V37: 003103000720000-310300072 | W37: 310300072 | X37: 马氏（Maddox）杆试验 | AA37: 次 | AC37: 5.3 | AD37: 5 | AE37: 4.3 | AF37: =IFERROR(FIND("-儿童（加收）",C37,1),0) -> 0 | AG37: =SUBSTITUTE(C37,"-儿童（加收）","") -> 斜视度测定费 | AH37: =IF(AF37>0,_xlfn.MAXIFS(N:N,C:C,SUBSTITUTE(C37,"-儿童（加收）","")),0)+N37 -> 9 | AI37: =IF(AF37>0,_xlfn.MAXIFS(O:O,C:C,SUBSTITUTE(C37,"-儿童（加收）","")),0)+O37 -> 8 | AJ37: =IF(AF37>0,_xlfn.MAXIFS(P:P,C:C,SUBSTITUTE(C37,"-儿童（加收）","")),0)+P37 -> 7
A38: 13 | B38: 012403000130000 | C38: 角膜地形图检查费 | D38: 通过各种方式或设备检测角膜形态。 | E38: 所定价格涵盖设备准备、扫描、记录、分析、出具结果报告等步骤所需的人力资源和基本物质资源消耗。 | G38: 单侧 | H38: 77 | I38: 69 | J38: 73.5 | K38: 70 | L38: 59.5 | N38: 74 | O38: 69 | P38: 60 | Q38: 医保 | T38: 理顺 | U38: 平移后取整，县级按不超过省级下调拟定 | V38: 003103000400000-310300040 | W38: 310300040 | X38: 角膜地形图检查 | AA38: 次（单眼） | AC38: 73.5 | AD38: 70 | AE38: 59.5 | AF38: =IFERROR(FIND("-儿童（加收）",C38,1),0) -> 0 | AG38: =SUBSTITUTE(C38,"-儿童（加收）","") -> 角膜地形图检查费 | AH38: =IF(AF38>0,_xlfn.MAXIFS(N:N,C:C,SUBSTITUTE(C38,"-儿童（加收）","")),0)+N38 -> 74 | AI38: =IF(AF38>0,_xlfn.MAXIFS(O:O,C:C,SUBSTITUTE(C38,"-儿童（加收）","")),0)+O38 -> 69 | AJ38: =IF(AF38>0,_xlfn.MAXIFS(P:P,C:C,SUBSTITUTE(C38,"-儿童（加收）","")),0)+P38 -> 60
A39: 分项 | B39: 012403000130000 | C39: 角膜地形图检查费-单独行角膜厚度检查 | G39: 单侧 | H39: 16.5 | I39: 15 | J39: 15.75 | K39: 15 | L39: 12.75 | N39: 16 | O39: 15 | P39: 13 | Q39: 医保 | U39: 计价单位改变，单次（一般双眼检查）改为单侧，平移取整 | V39: 003103000420000-310300042 | W39: 310300042 | X39: 角膜厚度检查 | Y39: 包括裂隙灯法，超声法 | AA39: 次 | AC39: 31.5 | AD39: 30 | AE39: 25.5 | AF39: =IFERROR(FIND("-儿童（加收）",C39,1),0) -> 0 | AG39: =SUBSTITUTE(C39,"-儿童（加收）","") -> 角膜地形图检查费-单独行角膜厚度检查 | AH39: =IF(AF39>0,_xlfn.MAXIFS(N:N,C:C,SUBSTITUTE(C39,"-儿童（加收）","")),0)+N39 -> 16 | AI39: =IF(AF39>0,_xlfn.MAXIFS(O:O,C:C,SUBSTITUTE(C39,"-儿童（加收）","")),0)+O39 -> 15 | AJ39: =IF(AF39>0,_xlfn.MAXIFS(P:P,C:C,SUBSTITUTE(C39,"-儿童（加收）","")),0)+P39 -> 13
A40: 14 | B40: 012403000140000 | C40: 角膜曲率测量费 | D40: 通过各种方式或设备测量角膜曲率。 | E40: 所定价格涵盖设备准备、测量、记录、分析、出具结果报告等步骤所需的人力资源和基本物质资源消耗。 | G40: 单侧 | H40: 3 | I40: 2.5 | J40: 2.65 | K40: 2.5 | L40: 2.15 | N40: 3 | O40: 2.5 | P40: 2 | Q40: 医保 | T40: 平移取整 | U40: 计价单位改变，单次（一般双眼检查）改为单侧，平移取整，同质化检查项目持平省级 | V40: 003103000390000-310300039 | W40: 310300039 | X40: 角膜曲率测量 | AA40: 次 | AC40: 5.3 | AD40: 5 | AE40: 4.3 | AF40: =IFERROR(FIND("-儿童（加收）",C40,1),0) -> 0 | AG40: =SUBSTITUTE(C40,"-儿童（加收）","") -> 角膜曲率测量费 | AH40: =IF(AF40>0,_xlfn.MAXIFS(N:N,C:C,SUBSTITUTE(C40,"-儿童（加收）","")),0)+N40 -> 3 | AI40: =IF(AF40>0,_xlfn.MAXIFS(O:O,C:C,SUBSTITUTE(C40,"-儿童（加收）","")),0)+O40 -> 2.5 | AJ40: =IF(AF40>0,_xlfn.MAXIFS(P:P,C:C,SUBSTITUTE(C40,"-儿童（加收）","")),0)+P40 -> 2
A41: 15 | B41: 012403000150000 | C41: 角膜/结膜取样费 | D41: 通过各种方式获取角膜、结膜标本。 | E41: 所定价格涵盖取样、送检、处理用物等步骤所需的人力资源和基本物质资源消耗。 | F41: 角膜、结膜分别获取标本可分别计价。 | G41: 单侧 | H41: 22 | I41: 20 | J41: 20.415875 | K41: 19.962092 | L41: 8.5 | N41: 21 | O41: 20 | P41: 16 | Q41: 医保 | T41: 平移取整 | U41: 加权平均后取整，基层理顺比价 | V41: 003103000710000-310300071 | W41: 310300071 | X41: 结膜印痕细胞检查 | AA41: 次 | AC41: 21 | AD41: 20 | AE41: 17 | AF41: =IFERROR(FIND("-儿童（加收）",C41,1),0) -> 0 | AG41: =SUBSTITUTE(C41,"-儿童（加收）","") -> 角膜/结膜取样费 | AH41: =IF(AF41>0,_xlfn.MAXIFS(N:N,C:C,SUBSTITUTE(C41,"-儿童（加收）","")),0)+N41 -> 21 | AI41: =IF(AF41>0,_xlfn.MAXIFS(O:O,C:C,SUBSTITUTE(C41,"-儿童（加收）","")),0)+O41 -> 20 | AJ41: =IF(AF41>0,_xlfn.MAXIFS(P:P,C:C,SUBSTITUTE(C41,"-儿童（加收）","")),0)+P41 -> 16
C42: 角膜/结膜取样费 | N42: 21 | O42: 20 | P42: 16 | V42: 003103000760000-310300076 | W42: 310300076 | X42: 角膜刮片检查 | Y42: 不含微生物检查 | AA42: 次 | AC42: 10.5 | AD42: 10 | AE42: 8.5 | AF42: =IFERROR(FIND("-儿童（加收）",C42,1),0) -> 0 | AG42: =SUBSTITUTE(C42,"-儿童（加收）","") -> 角膜/结膜取样费 | AH42: =IF(AF42>0,_xlfn.MAXIFS(N:N,C:C,SUBSTITUTE(C42,"-儿童（加收）","")),0)+N42 -> 21 | AI42: =IF(AF42>0,_xlfn.MAXIFS(O:O,C:C,SUBSTITUTE(C42,"-儿童（加收）","")),0)+O42 -> 20 | AJ42: =IF(AF42>0,_xlfn.MAXIFS(P:P,C:C,SUBSTITUTE(C42,"-儿童（加收）","")),0)+P42 -> 16
C43: 角膜/结膜取样费 | N43: 21 | O43: 20 | P43: 16 | V43: 003103000770000-310300077 | W43: 310300077 | X43: 结膜囊取材检查 | Y43: 不含微生物检查 | AA43: 次 | AC43: 10.5 | AD43: 10 | AE43: 8.5 | AF43: =IFERROR(FIND("-儿童（加收）",C43,1),0) -> 0 | AG43: =SUBSTITUTE(C43,"-儿童（加收）","") -> 角膜/结膜取样费 | AH43: =IF(AF43>0,_xlfn.MAXIFS(N:N,C:C,SUBSTITUTE(C43,"-儿童（加收）","")),0)+N43 -> 21 | AI43: =IF(AF43>0,_xlfn.MAXIFS(O:O,C:C,SUBSTITUTE(C43,"-儿童（加收）","")),0)+O43 -> 20 | AJ43: =IF(AF43>0,_xlfn.MAXIFS(P:P,C:C,SUBSTITUTE(C43,"-儿童（加收）","")),0)+P43 -> 16
A44: 16 | B44: 012403000160000 | C44: 眼活体细胞检查费 | D44: 通过各种设备观察眼部细胞。 | E44: 所定价格涵盖设备准备、扫描、记录、分析、出具结果报告等步骤所需的人力资源和基本物质资源消耗。 | F44: 同时使用共焦激光显微镜、角膜内皮镜等不同设备开展此项检查时，每日单侧只能收费一次。 | G44: 单侧 | H44: 55 | I44: 50 | J44: 52.530895 | K44: 60.824397 | L44: 42.5 | N44: 53 | O44: 50 | P44: 43 | Q44: 医保 | T44: 理顺 | U44: 加权平均后取整，县级按不超过省级拟定，基层理顺比价 | V44: 003103000410000-310300041 | W44: 310300041 | X44: 角膜内皮镜检查 | AA44: 次（单眼） | AB44: 录象记录加收50% | AC44: 52.5 | AD44: 50 | AE44: 42.5 | AF44: =IFERROR(FIND("-儿童（加收）",C44,1),0) -> 0 | AG44: =SUBSTITUTE(C44,"-儿童（加收）","") -> 眼活体细胞检查费 | AH44: =IF(AF44>0,_xlfn.MAXIFS(N:N,C:C,SUBSTITUTE(C44,"-儿童（加收）","")),0)+N44 -> 53 | AI44: =IF(AF44>0,_xlfn.MAXIFS(O:O,C:C,SUBSTITUTE(C44,"-儿童（加收）","")),0)+O44 -> 50 | AJ44: =IF(AF44>0,_xlfn.MAXIFS(P:P,C:C,SUBSTITUTE(C44,"-儿童（加收）","")),0)+P44 -> 43
C45: 眼活体细胞检查费 | N45: 53 | O45: 50 | P45: 43 | V45: 003103000410001-31030004101 | W45: 31030004101 | X45: 角膜内皮镜检查（含录象记录） | AA45: 次（单眼） | AB45: 含录象记录 | AC45: 78.8 | AD45: 75 | AE45: 63.8 | AF45: =IFERROR(FIND("-儿童（加收）",C45,1),0) -> 0 | AG45: =SUBSTITUTE(C45,"-儿童（加收）","") -> 眼活体细胞检查费 | AH45: =IF(AF45>0,_xlfn.MAXIFS(N:N,C:C,SUBSTITUTE(C45,"-儿童（加收）","")),0)+N45 -> 53 | AI45: =IF(AF45>0,_xlfn.MAXIFS(O:O,C:C,SUBSTITUTE(C45,"-儿童（加收）","")),0)+O45 -> 50 | AJ45: =IF(AF45>0,_xlfn.MAXIFS(P:P,C:C,SUBSTITUTE(C45,"-儿童（加收）","")),0)+P45 -> 43
C46: 眼活体细胞检查费 | N46: 53 | O46: 50 | P46: 43 | V46: 003103000750000-310300075 | W46: 310300075 | X46: 眼活体组织检查 | AA46: 次 | AC46: 52.5 | AD46: 50 | AE46: 42.5 | AF46: =IFERROR(FIND("-儿童（加收）",C46,1),0) -> 0 | AG46: =SUBSTITUTE(C46,"-儿童（加收）","") -> 眼活体细胞检查费 | AH46: =IF(AF46>0,_xlfn.MAXIFS(N:N,C:C,SUBSTITUTE(C46,"-儿童（加收）","")),0)+N46 -> 53 | AI46: =IF(AF46>0,_xlfn.MAXIFS(O:O,C:C,SUBSTITUTE(C46,"-儿童（加收）","")),0)+O46 -> 50 | AJ46: =IF(AF46>0,_xlfn.MAXIFS(P:P,C:C,SUBSTITUTE(C46,"-儿童（加收）","")),0)+P46 -> 43
A47: 17 | B47: 012403000170000 | C47: 牵拉试验费 | D47: 通过牵拉角膜缘外结膜，判断眼球运动、主动肌收缩力量和复视情况。 | E47: 所定价格涵盖牵拉、观察分析、记录、分析、出具结果报告等步骤所需的人力资源和基本物质资源消耗。 | G47: 单侧 | H47: 8 | I47: 7 | J47: 8.4 | K47: 8 | L47: 6.8 | N47: 8 | O47: 7 | P47: 6 | Q47: 医保 | T47: 理顺 | U47: 平移后按不超过省级下调拟定，同质化检查项目持平省级 | V47: 003103000180000-310300018 | W47: 310300018 | X47: 牵拉试验 | Y47: 含有无复视及耐受程度，被动牵拉，主动收缩 | AA47: 次 | AC47: 8.4 | AD47: 8 | AE47: 6.8 | AF47: =IFERROR(FIND("-儿童（加收）",C47,1),0) -> 0 | AG47: =SUBSTITUTE(C47,"-儿童（加收）","") -> 牵拉试验费 | AH47: =IF(AF47>0,_xlfn.MAXIFS(N:N,C:C,SUBSTITUTE(C47,"-儿童（加收）","")),0)+N47 -> 8 | AI47: =IF(AF47>0,_xlfn.MAXIFS(O:O,C:C,SUBSTITUTE(C47,"-儿童（加收）","")),0)+O47 -> 7 | AJ47: =IF(AF47>0,_xlfn.MAXIFS(P:P,C:C,SUBSTITUTE(C47,"-儿童（加收）","")),0)+P47 -> 6
A48: 18 | B48: 012403000180000 | C48: 上睑下垂检查费 | D48: 通过各种方式判断上睑下垂情况。 | E48: 所定价格涵盖准备、测量、记录、分析、出具结果报告以及必要时滴药等步骤所需的人力资源和基本物质资源消耗。 | G48: 单侧 | H48: 5 | I48: 5 | J48: 5.3 | K48: 5 | L48: 4.3 | N48: 5 | O48: 5 | P48: 4.3 | Q48: 医保 | T48: 理顺 | U48: 平移后按不超过省级下调拟定，同质化检查项目持平省级 | V48: 003103000330000-310300033 | W48: 310300033 | X48: 上睑下垂检查 | AA48: 次 | AC48: 5.3 | AD48: 5 | AE48: 4.3 | AF48: =IFERROR(FIND("-儿童（加收）",C48,1),0) -> 0 | AG48: =SUBSTITUTE(C48,"-儿童（加收）","") -> 上睑下垂检查费 | AH48: =IF(AF48>0,_xlfn.MAXIFS(N:N,C:C,SUBSTITUTE(C48,"-儿童（加收）","")),0)+N48 -> 5 | AI48: =IF(AF48>0,_xlfn.MAXIFS(O:O,C:C,SUBSTITUTE(C48,"-儿童（加收）","")),0)+O48 -> 5 | AJ48: =IF(AF48>0,_xlfn.MAXIFS(P:P,C:C,SUBSTITUTE(C48,"-儿童（加收）","")),0)+P48 -> 4.3
A49: 19 | B49: 012403000190000 | C49: 双眼视觉功能检查费 | D49: 通过人工或设备，评估聚散功能、调节功能和立体视觉。 | E49: 所定价格涵盖设备准备、调节、检查、记录、分析、出具结果报告等步骤所需的人力资源和基本物质资源消耗。 | G49: 次 | H49: 11 | I49: 10 | J49: 10.656682 | K49: 10.105759 | L49: 7.6289127 | N49: 10.5 | O49: 10 | P49: 8.5 | Q49: 医保 | T49: 平移取整 | U49: 加权平移取整 | V49: 003103000100000-310300010 | W49: 310300010 | X49: 主导眼检查 | AA49: 次 | AC49: 2.1 | AD49: 2 | AE49: 1.7 | AF49: =IFERROR(FIND("-儿童（加收）",C49,1),0) -> 0 | AG49: =SUBSTITUTE(C49,"-儿童（加收）","") -> 双眼视觉功能检查费 | AH49: =IF(AF49>0,_xlfn.MAXIFS(N:N,C:C,SUBSTITUTE(C49,"-儿童（加收）","")),0)+N49 -> 10.5 | AI49: =IF(AF49>0,_xlfn.MAXIFS(O:O,C:C,SUBSTITUTE(C49,"-儿童（加收）","")),0)+O49 -> 10 | AJ49: =IF(AF49>0,_xlfn.MAXIFS(P:P,C:C,SUBSTITUTE(C49,"-儿童（加收）","")),0)+P49 -> 8.5
C50: 双眼视觉功能检查费 | N50: 10.5 | O50: 10 | P50: 8.5 | V50: 003103000190000-310300019 | W50: 310300019 | X50: 双眼视觉检查 | Y50: 含双眼同时知觉、双眼同时视、双眼融合功能、立体视功能 | AA50: 次 | AC50: 10.5 | AD50: 10 | AE50: 8.5 | AF50: =IFERROR(FIND("-儿童（加收）",C50,1),0) -> 0 | AG50: =SUBSTITUTE(C50,"-儿童（加收）","") -> 双眼视觉功能检查费 | AH50: =IF(AF50>0,_xlfn.MAXIFS(N:N,C:C,SUBSTITUTE(C50,"-儿童（加收）","")),0)+N50 -> 10.5 | AI50: =IF(AF50>0,_xlfn.MAXIFS(O:O,C:C,SUBSTITUTE(C50,"-儿童（加收）","")),0)+O50 -> 10 | AJ50: =IF(AF50>0,_xlfn.MAXIFS(P:P,C:C,SUBSTITUTE(C50,"-儿童（加收）","")),0)+P50 -> 8.5
C51: 双眼视觉功能检查费 | N51: 10.5 | O51: 10 | P51: 8.5 | V51: 003103000170000-310300017 | W51: 310300017 | X51: 调节/集合测定 | AA51: 次 | AC51: 8.4 | AD51: 8 | AE51: 6.8 | AF51: =IFERROR(FIND("-儿童（加收）",C51,1),0) -> 0 | AG51: =SUBSTITUTE(C51,"-儿童（加收）","") -> 双眼视觉功能检查费 | AH51: =IF(AF51>0,_xlfn.MAXIFS(N:N,C:C,SUBSTITUTE(C51,"-儿童（加收）","")),0)+N51 -> 10.5 | AI51: =IF(AF51>0,_xlfn.MAXIFS(O:O,C:C,SUBSTITUTE(C51,"-儿童（加收）","")),0)+O51 -> 10 | AJ51: =IF(AF51>0,_xlfn.MAXIFS(P:P,C:C,SUBSTITUTE(C51,"-儿童（加收）","")),0)+P51 -> 8.5
C52: 双眼视觉功能检查费 | N52: 10.5 | O52: 10 | P52: 8.5 | V52: 003103000620000-310300062 | W52: 310300062 | X52: 临界融合频率检查 | AA52: 次 | AF52: =IFERROR(FIND("-儿童（加收）",C52,1),0) -> 0 | AG52: =SUBSTITUTE(C52,"-儿童（加收）","") -> 双眼视觉功能检查费 | AH52: =IF(AF52>0,_xlfn.MAXIFS(N:N,C:C,SUBSTITUTE(C52,"-儿童（加收）","")),0)+N52 -> 10.5 | AI52: =IF(AF52>0,_xlfn.MAXIFS(O:O,C:C,SUBSTITUTE(C52,"-儿童（加收）","")),0)+O52 -> 10 | AJ52: =IF(AF52>0,_xlfn.MAXIFS(P:P,C:C,SUBSTITUTE(C52,"-儿童（加收）","")),0)+P52 -> 8.5
A53: 20 | B53: 012403000200000 | C53: 眼部照相费 | D53: 通过照相机对眼部外观、眼位、眼球运动、眼内结构进行照相。 | E53: 所定价格涵盖设备准备、照相、记录、出具结果报告及必要时散瞳等步骤所需的人力资源和基本物质资源消耗。 | F53: 1.睑板腺、眼前节、眼底可分别计价。2.婴幼儿指0-3周岁。 | G53: 单侧 | H53: 38 | I53: 34 | J53: 40.284109 | K53: 37.756348 | L53: 17.32167 | N53: 38 | O53: 34 | P53: 29 | Q53: 医保 | T53: 理顺，降低 | U53: 加权平移后按不超过省级拟定，同质化检查项目持平省级 | V53: 003103000510000-310300051 | W53: 310300051 | X53: 眼位照相 | AA53: 次 | AC53: 15.8 | AD53: 15 | AE53: 12.8 | AF53: =IFERROR(FIND("-儿童（加收）",C53,1),0) -> 0 | AG53: =SUBSTITUTE(C53,"-儿童（加收）","") -> 眼部照相费 | AH53: =IF(AF53>0,_xlfn.MAXIFS(N:N,C:C,SUBSTITUTE(C53,"-儿童（加收）","")),0)+N53 -> 38 | AI53: =IF(AF53>0,_xlfn.MAXIFS(O:O,C:C,SUBSTITUTE(C53,"-儿童（加收）","")),0)+O53 -> 34 | AJ53: =IF(AF53>0,_xlfn.MAXIFS(P:P,C:C,SUBSTITUTE(C53,"-儿童（加收）","")),0)+P53 -> 29
C54: 眼部照相费 | N54: 38 | O54: 34 | P54: 29 | V54: 003103000520000-310300052 | W54: 310300052 | X54: 眼前段照相 | AA54: 次 | AC54: 15.8 | AD54: 15 | AE54: 12.8 | AF54: =IFERROR(FIND("-儿童（加收）",C54,1),0) -> 0 | AG54: =SUBSTITUTE(C54,"-儿童（加收）","") -> 眼部照相费 | AH54: =IF(AF54>0,_xlfn.MAXIFS(N:N,C:C,SUBSTITUTE(C54,"-儿童（加收）","")),0)+N54 -> 38 | AI54: =IF(AF54>0,_xlfn.MAXIFS(O:O,C:C,SUBSTITUTE(C54,"-儿童（加收）","")),0)+O54 -> 34 | AJ54: =IF(AF54>0,_xlfn.MAXIFS(P:P,C:C,SUBSTITUTE(C54,"-儿童（加收）","")),0)+P54 -> 29
C55: 眼部照相费 | N55: 38 | O55: 34 | P55: 29 | V55: 003103000530000-310300053 | W55: 310300053 | X55: 眼底照相 | AA55: 次（单眼） | AC55: 21 | AD55: 20 | AE55: 17 | AF55: =IFERROR(FIND("-儿童（加收）",C55,1),0) -> 0 | AG55: =SUBSTITUTE(C55,"-儿童（加收）","") -> 眼部照相费 | AH55: =IF(AF55>0,_xlfn.MAXIFS(N:N,C:C,SUBSTITUTE(C55,"-儿童（加收）","")),0)+N55 -> 38 | AI55: =IF(AF55>0,_xlfn.MAXIFS(O:O,C:C,SUBSTITUTE(C55,"-儿童（加收）","")),0)+O55 -> 34 | AJ55: =IF(AF55>0,_xlfn.MAXIFS(P:P,C:C,SUBSTITUTE(C55,"-儿童（加收）","")),0)+P55 -> 29
C56: 眼部照相费 | N56: 38 | O56: 34 | P56: 29 | V56: 003103000310000-310300031 | W56: 310300031 | X56: 青光眼视网膜神经纤维层计算机图象分析 | Y56: 含计算机图相分析；不含OCT、HRT及SLO | AA56: 次（单眼） | AB56: 增加定量分析基层加收17元，县级医院加收20元，市级医院加收21元 | AC56: 31.5 | AD56: 30 | AE56: 25.5 | AF56: =IFERROR(FIND("-儿童（加收）",C56,1),0) -> 0 | AG56: =SUBSTITUTE(C56,"-儿童（加收）","") -> 眼部照相费 | AH56: =IF(AF56>0,_xlfn.MAXIFS(N:N,C:C,SUBSTITUTE(C56,"-儿童（加收）","")),0)+N56 -> 38 | AI56: =IF(AF56>0,_xlfn.MAXIFS(O:O,C:C,SUBSTITUTE(C56,"-儿童（加收）","")),0)+O56 -> 34 | AJ56: =IF(AF56>0,_xlfn.MAXIFS(P:P,C:C,SUBSTITUTE(C56,"-儿童（加收）","")),0)+P56 -> 29
C57: 眼部照相费 | N57: 38 | O57: 34 | P57: 29 | V57: 003103000310001-31030003101 | W57: 31030003101 | X57: 青光眼视网膜神经纤维层计算机图象分析（含定量分析） | AA57: 次（单眼） | AB57: 含定量分析 | AC57: 52.5 | AD57: 50 | AE57: 42.5 | AF57: =IFERROR(FIND("-儿童（加收）",C57,1),0) -> 0 | AG57: =SUBSTITUTE(C57,"-儿童（加收）","") -> 眼部照相费 | AH57: =IF(AF57>0,_xlfn.MAXIFS(N:N,C:C,SUBSTITUTE(C57,"-儿童（加收）","")),0)+N57 -> 38 | AI57: =IF(AF57>0,_xlfn.MAXIFS(O:O,C:C,SUBSTITUTE(C57,"-儿童（加收）","")),0)+O57 -> 34 | AJ57: =IF(AF57>0,_xlfn.MAXIFS(P:P,C:C,SUBSTITUTE(C57,"-儿童（加收）","")),0)+P57 -> 29
C58: 眼部照相费 | N58: 38 | O58: 34 | P58: 29 | V58: 003103000570000-310300057 | W58: 310300057 | X58: 扫描激光眼底检查（SLO） | AA58: 次（单眼） | AC58: 84 | AD58: 80 | AE58: 68 | AF58: =IFERROR(FIND("-儿童（加收）",C58,1),0) -> 0 | AG58: =SUBSTITUTE(C58,"-儿童（加收）","") -> 眼部照相费 | AH58: =IF(AF58>0,_xlfn.MAXIFS(N:N,C:C,SUBSTITUTE(C58,"-儿童（加收）","")),0)+N58 -> 38 | AI58: =IF(AF58>0,_xlfn.MAXIFS(O:O,C:C,SUBSTITUTE(C58,"-儿童（加收）","")),0)+O58 -> 34 | AJ58: =IF(AF58>0,_xlfn.MAXIFS(P:P,C:C,SUBSTITUTE(C58,"-儿童（加收）","")),0)+P58 -> 29
C59: 眼部照相费 | N59: 38 | O59: 34 | P59: 29 | V59: 003103000660000-310300066 | W59: 310300066 | X59: 视网膜地形图 | AA59: 次 | AC59: 63 | AD59: 60 | AE59: 51 | AF59: =IFERROR(FIND("-儿童（加收）",C59,1),0) -> 0 | AG59: =SUBSTITUTE(C59,"-儿童（加收）","") -> 眼部照相费 | AH59: =IF(AF59>0,_xlfn.MAXIFS(N:N,C:C,SUBSTITUTE(C59,"-儿童（加收）","")),0)+N59 -> 38 | AI59: =IF(AF59>0,_xlfn.MAXIFS(O:O,C:C,SUBSTITUTE(C59,"-儿童（加收）","")),0)+O59 -> 34 | AJ59: =IF(AF59>0,_xlfn.MAXIFS(P:P,C:C,SUBSTITUTE(C59,"-儿童（加收）","")),0)+P59 -> 29
C60: 眼部照相费 | N60: 38 | O60: 34 | P60: 29 | V60: 003103000550000-310300055 | W60: 310300055 | X60: 裂隙灯下眼底视神经立体照相 | AA60: 次（单眼） | AC60: 52.5 | AD60: 50 | AE60: 42.5 | AF60: =IFERROR(FIND("-儿童（加收）",C60,1),0) -> 0 | AG60: =SUBSTITUTE(C60,"-儿童（加收）","") -> 眼部照相费 | AH60: =IF(AF60>0,_xlfn.MAXIFS(N:N,C:C,SUBSTITUTE(C60,"-儿童（加收）","")),0)+N60 -> 38 | AI60: =IF(AF60>0,_xlfn.MAXIFS(O:O,C:C,SUBSTITUTE(C60,"-儿童（加收）","")),0)+O60 -> 34 | AJ60: =IF(AF60>0,_xlfn.MAXIFS(P:P,C:C,SUBSTITUTE(C60,"-儿童（加收）","")),0)+P60 -> 29
A61: 21 | B61: 012403000210000 | C61: 眼底镜检查费 | D61: 通过眼底镜观察眼底结构。 | E61: 所定价格涵盖设备准备、观察、记录、出具结果报告等步骤所需的人力资源与基本物质资源消耗。 | G61: 单侧 | H61: 9 | I61: 8 | J61: 7.4216836 | K61: 8.1316045 | L61: 6.8665628 | N61: 8 | O61: 7 | P61: 6 | Q61: 医保 | T61: 理顺，降低 | U61: 加权平均后取整，县级按不超过省级拟定，基层理顺比价 | V61: 003103000560000-310300056 | W61: 310300056 | X61: 眼底检查 | Y61: 包括直接、间接眼底镜法，不含散瞳 | AA61: 次 | AC61: 5.3 | AD61: 5 | AE61: 4.3 | AF61: =IFERROR(FIND("-儿童（加收）",C61,1),0) -> 0 | AG61: =SUBSTITUTE(C61,"-儿童（加收）","") -> 眼底镜检查费 | AH61: =IF(AF61>0,_xlfn.MAXIFS(N:N,C:C,SUBSTITUTE(C61,"-儿童（加收）","")),0)+N61 -> 8 | AI61: =IF(AF61>0,_xlfn.MAXIFS(O:O,C:C,SUBSTITUTE(C61,"-儿童（加收）","")),0)+O61 -> 7 | AJ61: =IF(AF61>0,_xlfn.MAXIFS(P:P,C:C,SUBSTITUTE(C61,"-儿童（加收）","")),0)+P61 -> 6
C62: 眼底镜检查费 | N62: 8 | O62: 7 | P62: 6 | V62: 003103000250000-310300025 | W62: 310300025 | X62: 注视性质检查 | AA62: 次 | AC62: 8.4 | AD62: 8 | AE62: 6.8 | AF62: =IFERROR(FIND("-儿童（加收）",C62,1),0) -> 0 | AG62: =SUBSTITUTE(C62,"-儿童（加收）","") -> 眼底镜检查费 | AH62: =IF(AF62>0,_xlfn.MAXIFS(N:N,C:C,SUBSTITUTE(C62,"-儿童（加收）","")),0)+N62 -> 8 | AI62: =IF(AF62>0,_xlfn.MAXIFS(O:O,C:C,SUBSTITUTE(C62,"-儿童（加收）","")),0)+O62 -> 7 | AJ62: =IF(AF62>0,_xlfn.MAXIFS(P:P,C:C,SUBSTITUTE(C62,"-儿童（加收）","")),0)+P62 -> 6
C63: 眼底镜检查费 | N63: 8 | O63: 7 | P63: 6 | V63: 003103000580000-310300058 | W63: 310300058 | X63: 视网膜裂孔定位检查 | Y63: 包括直接检眼镜观察+测算、双目间接检眼镜观察+巩膜加压法 | AA63: 次 | AC63: 10.5 | AD63: 10 | AE63: 8.5 | AF63: =IFERROR(FIND("-儿童（加收）",C63,1),0) -> 0 | AG63: =SUBSTITUTE(C63,"-儿童（加收）","") -> 眼底镜检查费 | AH63: =IF(AF63>0,_xlfn.MAXIFS(N:N,C:C,SUBSTITUTE(C63,"-儿童（加收）","")),0)+N63 -> 8 | AI63: =IF(AF63>0,_xlfn.MAXIFS(O:O,C:C,SUBSTITUTE(C63,"-儿童（加收）","")),0)+O63 -> 7 | AJ63: =IF(AF63>0,_xlfn.MAXIFS(P:P,C:C,SUBSTITUTE(C63,"-儿童（加收）","")),0)+P63 -> 6
C64: 眼底镜检查费 | N64: 8 | O64: 7 | P64: 6 | V64: 003103000490000-310300049 | W64: 310300049 | X64: 裂隙灯下眼底检查 | Y64: 包括前置镜、三面镜、视网膜镜 | AA64: 次 | AC64: 10.5 | AD64: 10 | AE64: 8.5 | AF64: =IFERROR(FIND("-儿童（加收）",C64,1),0) -> 0 | AG64: =SUBSTITUTE(C64,"-儿童（加收）","") -> 眼底镜检查费 | AH64: =IF(AF64>0,_xlfn.MAXIFS(N:N,C:C,SUBSTITUTE(C64,"-儿童（加收）","")),0)+N64 -> 8 | AI64: =IF(AF64>0,_xlfn.MAXIFS(O:O,C:C,SUBSTITUTE(C64,"-儿童（加收）","")),0)+O64 -> 7 | AJ64: =IF(AF64>0,_xlfn.MAXIFS(P:P,C:C,SUBSTITUTE(C64,"-儿童（加收）","")),0)+P64 -> 6
A65: 22 | B65: 012403000220000 | C65: 眼底血管造影费 | D65: 通过设备获得造影后的眼底血管图像。 | E65: 所定价格涵盖散瞳、注射、拍照、记录、出具结果报告等步骤所需的人力资源和基本物质资源消耗。 | G65: 次 | H65: 114 | I65: 103 | J65: 84 | K65: 80 | L65: 68 | N65: 105 | O65: 95 | P65: 81 | Q65: 医保 | T65: 提高 | U65: 平移后按省级上浮原则提高，理顺比价 | V65: 003103000540000-310300054 | W65: 310300054 | X65: 眼底血管造影 | Y65: 包括眼底荧光血管造影(FFA)、靛青绿血管造影(ICGA) | Z65: 造影剂 | AA65: 次（单眼） | AC65: 84 | AD65: 80 | AE65: 68 | AF65: =IFERROR(FIND("-儿童（加收）",C65,1),0) -> 0 | AG65: =SUBSTITUTE(C65,"-儿童（加收）","") -> 眼底血管造影费 | AH65: =IF(AF65>0,_xlfn.MAXIFS(N:N,C:C,SUBSTITUTE(C65,"-儿童（加收）","")),0)+N65 -> 105 | AI65: =IF(AF65>0,_xlfn.MAXIFS(O:O,C:C,SUBSTITUTE(C65,"-儿童（加收）","")),0)+O65 -> 95 | AJ65: =IF(AF65>0,_xlfn.MAXIFS(P:P,C:C,SUBSTITUTE(C65,"-儿童（加收）","")),0)+P65 -> 81
A66: 分项 | B66: 012403000220100 | C66: 眼底血管造影费-脉络膜血管造影费（扩展） | G66: 次 | H66: 114 | I66: 103 | N66: 105 | O66: 95 | P66: 81 | Q66: 医保 | V66: 003103000610000-310300061 | W66: 310300061 | X66: 视网膜动脉压测定 | AA66: 次 | AC66: 52.5 | AD66: 50 | AE66: 42.5 | AF66: =IFERROR(FIND("-儿童（加收）",C66,1),0) -> 0 | AG66: =SUBSTITUTE(C66,"-儿童（加收）","") -> 眼底血管造影费-脉络膜血管造影费（扩展） | AH66: =IF(AF66>0,_xlfn.MAXIFS(N:N,C:C,SUBSTITUTE(C66,"-儿童（加收）","")),0)+N66 -> 105 | AI66: =IF(AF66>0,_xlfn.MAXIFS(O:O,C:C,SUBSTITUTE(C66,"-儿童（加收）","")),0)+O66 -> 95 | AJ66: =IF(AF66>0,_xlfn.MAXIFS(P:P,C:C,SUBSTITUTE(C66,"-儿童（加收）","")),0)+P66 -> 81
A67: 23 | B67: 012403000230000 | C67: 眼部电生理检查费 | D67: 通过电生理设备检查视网膜和视神经功能。 | E67: 所定价格涵盖清洁皮肤、放置电极、刺激、采集数据、记录、出具结果报告等步骤所需的人力资源和基本物质资源消耗。 | F67: 1.图形视网膜电流图（P-ERG）、多焦视网膜电图（mf-ERG）、闪光视网膜电流图(F-ERG)、眼电图（EOG）、诱发电位（VEP）分别计价。2.单侧检查收费每日不超过三次。 | G67: 单侧 | H67: 73 | I67: 66 | J67: 64.499326 | K67: 58.333333 | N67: 65 | O67: 60 | P67: 50 | Q67: 医保 | S67: 0.1 | T67: 平移取整 | U67: 加权平均后取整 | V67: 003103000650000-310300065 | W67: 310300065 | X67: 视网膜电流图（ERG） | Y67: 包括图形视网膜电图（P-ERG）或多焦视网膜电图（m-ERG） | AA67: 次（单眼） | AC67: 52.5 | AD67: 50 | AE67: 42.5 | AF67: =IFERROR(FIND("-儿童（加收）",C67,1),0) -> 0 | AG67: =SUBSTITUTE(C67,"-儿童（加收）","") -> 眼部电生理检查费 | AH67: =IF(AF67>0,_xlfn.MAXIFS(N:N,C:C,SUBSTITUTE(C67,"-儿童（加收）","")),0)+N67 -> 65 | AI67: =IF(AF67>0,_xlfn.MAXIFS(O:O,C:C,SUBSTITUTE(C67,"-儿童（加收）","")),0)+O67 -> 60 | AJ67: =IF(AF67>0,_xlfn.MAXIFS(P:P,C:C,SUBSTITUTE(C67,"-儿童（加收）","")),0)+P67 -> 50
C68: 眼部电生理检查费 | N68: 65 | O68: 60 | P68: 50 | V68: 003103000650200-31030006501 | W68: 31030006501 | X68: 视网膜电流图（多焦视网膜电图m-ERG） | AA68: 次（单眼） | AB68: 多焦视网膜电图(m-ERG) | AC68: 52.5 | AD68: 50 | AE68: 42.5 | AF68: =IFERROR(FIND("-儿童（加收）",C68,1),0) -> 0 | AG68: =SUBSTITUTE(C68,"-儿童（加收）","") -> 眼部电生理检查费 | AH68: =IF(AF68>0,_xlfn.MAXIFS(N:N,C:C,SUBSTITUTE(C68,"-儿童（加收）","")),0)+N68 -> 65 | AI68: =IF(AF68>0,_xlfn.MAXIFS(O:O,C:C,SUBSTITUTE(C68,"-儿童（加收）","")),0)+O68 -> 60 | AJ68: =IF(AF68>0,_xlfn.MAXIFS(P:P,C:C,SUBSTITUTE(C68,"-儿童（加收）","")),0)+P68 -> 50
C69: 眼部电生理检查费 | N69: 65 | O69: 60 | P69: 50 | V69: 003103000650100-31030006502 | W69: 31030006502 | X69: 视网膜电流图（图形视网膜电图P-ERG） | AA69: 次（单眼） | AB69: 图形视网膜电图(P-ERG) | AC69: 52.5 | AD69: 50 | AE69: 42.5 | AF69: =IFERROR(FIND("-儿童（加收）",C69,1),0) -> 0 | AG69: =SUBSTITUTE(C69,"-儿童（加收）","") -> 眼部电生理检查费 | AH69: =IF(AF69>0,_xlfn.MAXIFS(N:N,C:C,SUBSTITUTE(C69,"-儿童（加收）","")),0)+N69 -> 65 | AI69: =IF(AF69>0,_xlfn.MAXIFS(O:O,C:C,SUBSTITUTE(C69,"-儿童（加收）","")),0)+O69 -> 60 | AJ69: =IF(AF69>0,_xlfn.MAXIFS(P:P,C:C,SUBSTITUTE(C69,"-儿童（加收）","")),0)+P69 -> 50
C70: 眼部电生理检查费 | N70: 65 | O70: 60 | P70: 50 | V70: 003103000670000-310300067 | W70: 310300067 | X70: 眼电图（EOG） | Y70: 含运动或感觉 | AA70: 次（单眼） | AC70: 52.5 | AD70: 50 | AE70: 42.5 | AF70: =IFERROR(FIND("-儿童（加收）",C70,1),0) -> 0 | AG70: =SUBSTITUTE(C70,"-儿童（加收）","") -> 眼部电生理检查费 | AH70: =IF(AF70>0,_xlfn.MAXIFS(N:N,C:C,SUBSTITUTE(C70,"-儿童（加收）","")),0)+N70 -> 65 | AI70: =IF(AF70>0,_xlfn.MAXIFS(O:O,C:C,SUBSTITUTE(C70,"-儿童（加收）","")),0)+O70 -> 60 | AJ70: =IF(AF70>0,_xlfn.MAXIFS(P:P,C:C,SUBSTITUTE(C70,"-儿童（加收）","")),0)+P70 -> 50
C71: 眼部电生理检查费 | N71: 65 | O71: 60 | P71: 50 | V71: 003103000680000-310300068 | W71: 310300068 | X71: 视诱发电位（VEP） | Y71: 含单导、图形 | AA71: 次（单眼） | AB71: 多焦VEP加收100% | AC71: 52.5 | AD71: 50 | AE71: 42.5 | AF71: =IFERROR(FIND("-儿童（加收）",C71,1),0) -> 0 | AG71: =SUBSTITUTE(C71,"-儿童（加收）","") -> 眼部电生理检查费 | AH71: =IF(AF71>0,_xlfn.MAXIFS(N:N,C:C,SUBSTITUTE(C71,"-儿童（加收）","")),0)+N71 -> 65 | AI71: =IF(AF71>0,_xlfn.MAXIFS(O:O,C:C,SUBSTITUTE(C71,"-儿童（加收）","")),0)+O71 -> 60 | AJ71: =IF(AF71>0,_xlfn.MAXIFS(P:P,C:C,SUBSTITUTE(C71,"-儿童（加收）","")),0)+P71 -> 50
C72: 眼部电生理检查费 | N72: 65 | O72: 60 | P72: 50 | V72: 003103000680000-31030006801 | W72: 31030006801 | X72: 视诱发电位（多焦VEP） | AA72: 次（单眼） | AB72: 含多焦VEP | AC72: 105 | AD72: 100 | AE72: 85 | AF72: =IFERROR(FIND("-儿童（加收）",C72,1),0) -> 0 | AG72: =SUBSTITUTE(C72,"-儿童（加收）","") -> 眼部电生理检查费 | AH72: =IF(AF72>0,_xlfn.MAXIFS(N:N,C:C,SUBSTITUTE(C72,"-儿童（加收）","")),0)+N72 -> 65 | AI72: =IF(AF72>0,_xlfn.MAXIFS(O:O,C:C,SUBSTITUTE(C72,"-儿童（加收）","")),0)+O72 -> 60 | AJ72: =IF(AF72>0,_xlfn.MAXIFS(P:P,C:C,SUBSTITUTE(C72,"-儿童（加收）","")),0)+P72 -> 50
A73: 24 | B73: 012403000240000 | C73: 眼球突出度测量费 | D73: 通过各种方式测量眼球突出度。 | E73: 所定价格涵盖设备准备、观察测量、记录、出具结果报告等步骤所需的人力资源和基本物质资源消耗。 | G73: 次 | H73: 5 | I73: 5 | J73: 5.3 | K73: 5 | L73: 4.3 | N73: 5 | O73: 4.8 | P73: 4.3 | Q73: 医保 | T73: 理顺 | U73: 平移后市级按不超过省级拟定，同质化项目，持平省级，缩小价差 | V73: 003103000300000-310300030 | W73: 310300030 | X73: 眼球突出度测量 | Y73: 包括米尺测量法、眼球突出计测量法 | AA73: 次 | AC73: 5.3 | AD73: 5 | AE73: 4.3 | AF73: =IFERROR(FIND("-儿童（加收）",C73,1),0) -> 0 | AG73: =SUBSTITUTE(C73,"-儿童（加收）","") -> 眼球突出度测量费 | AH73: =IF(AF73>0,_xlfn.MAXIFS(N:N,C:C,SUBSTITUTE(C73,"-儿童（加收）","")),0)+N73 -> 5 | AI73: =IF(AF73>0,_xlfn.MAXIFS(O:O,C:C,SUBSTITUTE(C73,"-儿童（加收）","")),0)+O73 -> 4.8 | AJ73: =IF(AF73>0,_xlfn.MAXIFS(P:P,C:C,SUBSTITUTE(C73,"-儿童（加收）","")),0)+P73 -> 4.3
A74: 25 | B74: 012403000250000 | C74: 眼外肌功能检查费 | D74: 通过分析眼球运动轨迹，评估眼外肌功能。 | E74: 所定价格涵盖移动光源、观察、记录、出具结果报告所需的人力资源和基本物质资源消耗。 | G74: 次 | H74: 11 | I74: 10 | J74: 10.5 | K74: 10 | L74: 8.5 | N74: 10.5 | O74: 10 | P74: 8.5 | Q74: 医保 | T74: 平移 | U74: 平移 | V74: 003103000690000-310300069 | W74: 310300069 | X74: 眼外肌功能检查 | Y74: 含眼球运动、歪头试验、集合与散开 | AA74: 次 | AC74: 10.5 | AD74: 10 | AE74: 8.5 | AF74: =IFERROR(FIND("-儿童（加收）",C74,1),0) -> 0 | AG74: =SUBSTITUTE(C74,"-儿童（加收）","") -> 眼外肌功能检查费 | AH74: =IF(AF74>0,_xlfn.MAXIFS(N:N,C:C,SUBSTITUTE(C74,"-儿童（加收）","")),0)+N74 -> 10.5 | AI74: =IF(AF74>0,_xlfn.MAXIFS(O:O,C:C,SUBSTITUTE(C74,"-儿童（加收）","")),0)+O74 -> 10 | AJ74: =IF(AF74>0,_xlfn.MAXIFS(P:P,C:C,SUBSTITUTE(C74,"-儿童（加收）","")),0)+P74 -> 8.5
C75: 眼外肌功能检查费 | N75: 10.5 | O75: 10 | P75: 8.5 | V75: 003103000700000-310300070 | W75: 310300070 | X75: 眼肌力检查 | AA75: 次 | AC75: 10.5 | AD75: 10 | AE75: 8.5 | AF75: =IFERROR(FIND("-儿童（加收）",C75,1),0) -> 0 | AG75: =SUBSTITUTE(C75,"-儿童（加收）","") -> 眼外肌功能检查费 | AH75: =IF(AF75>0,_xlfn.MAXIFS(N:N,C:C,SUBSTITUTE(C75,"-儿童（加收）","")),0)+N75 -> 10.5 | AI75: =IF(AF75>0,_xlfn.MAXIFS(O:O,C:C,SUBSTITUTE(C75,"-儿童（加收）","")),0)+O75 -> 10 | AJ75: =IF(AF75>0,_xlfn.MAXIFS(P:P,C:C,SUBSTITUTE(C75,"-儿童（加收）","")),0)+P75 -> 8.5
A76: 26 | B76: 012403000260000 | C76: 眼像差检查费 | D76: 应用各种检查仪器分析视觉质量。 | E76: 所定价格涵盖设备准备、检查测定、记录、分析、出具结果报告等步骤所需的人力资源和基本物质资源消耗。 | G76: 单侧 | H76: 10 | I76: 9 | J76: 10.5 | K76: 10 | L76: 8.5 | N76: 10 | O76: 9 | P76: 8 | Q76: 医保 | T76: 理顺 | U76: 平移后市级按不超过省级拟定，同质化项目，持平省级定价 | V76: 003103000260000-310300026 | W76: 310300026 | X76: 眼象差检查 | AA76: 次 | AC76: 10.5 | AD76: 10 | AE76: 8.5 | AF76: =IFERROR(FIND("-儿童（加收）",C76,1),0) -> 0 | AG76: =SUBSTITUTE(C76,"-儿童（加收）","") -> 眼像差检查费 | AH76: =IF(AF76>0,_xlfn.MAXIFS(N:N,C:C,SUBSTITUTE(C76,"-儿童（加收）","")),0)+N76 -> 10 | AI76: =IF(AF76>0,_xlfn.MAXIFS(O:O,C:C,SUBSTITUTE(C76,"-儿童（加收）","")),0)+O76 -> 9 | AJ76: =IF(AF76>0,_xlfn.MAXIFS(P:P,C:C,SUBSTITUTE(C76,"-儿童（加收）","")),0)+P76 -> 8
A77: 28 | B77: 012403000280000 | C77: 眼震电图费 | D77: 通过各种方式评估眼球运动功能和平衡机制。 | E77: 所定价格涵盖放置电极、检查、记录、分析、出具结果报告等步骤所需的人力资源和基本物质资源消耗。 | G77: 次 | H77: 77 | I77: 69 | J77: 73.5 | K77: 70 | L77: 59.5 | N77: 74 | O77: 69 | P77: 60 | Q77: 医保 | T77: 理顺 | U77: 平移后取整，县级按不超过省级下调拟定 | V77: 003104010210000-310401021 | W77: 310401021 | X77: 眼震电图 | Y77: 包括温度试验和自发眼震 | AA77: 次 | AC77: 73.5 | AD77: 70 | AE77: 59.5 | AF77: =IFERROR(FIND("-儿童（加收）",C77,1),0) -> 0 | AG77: =SUBSTITUTE(C77,"-儿童（加收）","") -> 眼震电图费 | AH77: =IF(AF77>0,_xlfn.MAXIFS(N:N,C:C,SUBSTITUTE(C77,"-儿童（加收）","")),0)+N77 -> 74 | AI77: =IF(AF77>0,_xlfn.MAXIFS(O:O,C:C,SUBSTITUTE(C77,"-儿童（加收）","")),0)+O77 -> 69 | AJ77: =IF(AF77>0,_xlfn.MAXIFS(P:P,C:C,SUBSTITUTE(C77,"-儿童（加收）","")),0)+P77 -> 60
A78: 29 | B78: 012403000290000 | C78: 代偿头位测定费 | D78: 通过各种方式检查头部偏斜情况。 | E78: 所定价格涵盖摆位、设备准备、调整头位、记录、分析、出具结果报告等步骤所需的人力资源和基本物质资源消耗。 | G78: 次 | H78: 8 | I78: 7 | J78: 8.4 | K78: 8 | L78: 6.8 | N78: 8 | O78: 7 | P78: 6 | Q78: 医保 | T78: 理顺 | U78: 平移后市级按不超过省级拟定，同质化项目，持平省级定价 | V78: 003103000110000-310300011 | W78: 310300011 | X78: 代偿头位测定 | Y78: 含使用头位检测仪 | AA78: 次 | AC78: 8.4 | AD78: 8 | AE78: 6.8 | AF78: =IFERROR(FIND("-儿童（加收）",C78,1),0) -> 0 | AG78: =SUBSTITUTE(C78,"-儿童（加收）","") -> 代偿头位测定费 | AH78: =IF(AF78>0,_xlfn.MAXIFS(N:N,C:C,SUBSTITUTE(C78,"-儿童（加收）","")),0)+N78 -> 8 | AI78: =IF(AF78>0,_xlfn.MAXIFS(O:O,C:C,SUBSTITUTE(C78,"-儿童（加收）","")),0)+O78 -> 7 | AJ78: =IF(AF78>0,_xlfn.MAXIFS(P:P,C:C,SUBSTITUTE(C78,"-儿童（加收）","")),0)+P78 -> 6
A79: 30 | B79: 012403000300000 | C79: 房角镜检查费 | D79: 利用房角镜进行各类检查。 | E79: 所定价格涵盖摆位、设备准备、检查、记录、分析、出具结果报告等步骤所需的人力资源和基本物质资源消耗。 | G79: 单侧 | H79: 11 | I79: 10 | J79: 10.5 | K79: 10 | L79: 8.5 | N79: 10.5 | O79: 10 | P79: 8.5 | Q79: 医保 | T79: 平移 | U79: 平移 | V79: 003103000500000-310300050 | W79: 310300050 | X79: 裂隙灯下房角镜检查 | AA79: 次 | AC79: 10.5 | AD79: 10 | AE79: 8.5 | AF79: =IFERROR(FIND("-儿童（加收）",C79,1),0) -> 0 | AG79: =SUBSTITUTE(C79,"-儿童（加收）","") -> 房角镜检查费 | AH79: =IF(AF79>0,_xlfn.MAXIFS(N:N,C:C,SUBSTITUTE(C79,"-儿童（加收）","")),0)+N79 -> 10.5 | AI79: =IF(AF79>0,_xlfn.MAXIFS(O:O,C:C,SUBSTITUTE(C79,"-儿童（加收）","")),0)+O79 -> 10 | AJ79: =IF(AF79>0,_xlfn.MAXIFS(P:P,C:C,SUBSTITUTE(C79,"-儿童（加收）","")),0)+P79 -> 8.5
A80: 31 | B80: 012403000310000 | C80: 裂隙灯检查费 | D80: 通过应用裂隙灯显微镜进行各类检查。 | E80: 所定价格涵盖摆位、设备准备、测试、记录、分析、出具结果报告等步骤所需的人力资源和基本物质资源消耗。 | G80: 次 | H80: 6 | I80: 5 | J80: 5.3482936 | K80: 5.1236939 | L80: 4.3188782 | N80: 5.4 | O80: 5 | P80: 4.3 | Q80: 医保 | T80: 平移取整 | U80: 平移取整 | V80: 003103000480000-310300048 | W80: 310300048 | X80: 裂隙灯检查 | AA80: 次 | AC80: 5.3 | AD80: 5 | AE80: 4.3 | AF80: =IFERROR(FIND("-儿童（加收）",C80,1),0) -> 0 | AG80: =SUBSTITUTE(C80,"-儿童（加收）","") -> 裂隙灯检查费 | AH80: =IF(AF80>0,_xlfn.MAXIFS(N:N,C:C,SUBSTITUTE(C80,"-儿童（加收）","")),0)+N80 -> 5.4 | AI80: =IF(AF80>0,_xlfn.MAXIFS(O:O,C:C,SUBSTITUTE(C80,"-儿童（加收）","")),0)+O80 -> 5 | AJ80: =IF(AF80>0,_xlfn.MAXIFS(P:P,C:C,SUBSTITUTE(C80,"-儿童（加收）","")),0)+P80 -> 4.3
C81: 裂隙灯检查费 | N81: 5.4 | O81: 5 | P81: 4.3 | U81: 平移 | V81: 003103000460000-310300046 | W81: 310300046 | X81: 前房深度测量 | Y81: 包括裂隙灯法(测量周边前房及轴部前房)，前房深度测量仪法 | AA81: 次 | AC81: 6.3 | AD81: 6 | AE81: 5.1 | AF81: =IFERROR(FIND("-儿童（加收）",C81,1),0) -> 0 | AG81: =SUBSTITUTE(C81,"-儿童（加收）","") -> 裂隙灯检查费 | AH81: =IF(AF81>0,_xlfn.MAXIFS(N:N,C:C,SUBSTITUTE(C81,"-儿童（加收）","")),0)+N81 -> 5.4 | AI81: =IF(AF81>0,_xlfn.MAXIFS(O:O,C:C,SUBSTITUTE(C81,"-儿童（加收）","")),0)+O81 -> 5 | AJ81: =IF(AF81>0,_xlfn.MAXIFS(P:P,C:C,SUBSTITUTE(C81,"-儿童（加收）","")),0)+P81 -> 4.3
A82: 32 | B82: 012403000320000 | C82: 眼部超声生物显微镜检查费 | D82: 利用超声生物显微镜（UBM）检查眼内结构。 | E82: 所定价格涵盖设备准备、探头检查、图像采集存储、记录、分析、出具结果报告等步骤所需的人力资源和基本物质资源消耗。 | G82: 单侧 | H82: 80 | I82: 72 | J82: 84 | K82: 80 | L82: 68 | N82: 80 | O82: 72 | P82: 62 | Q82: 医保 | S82: 0.1 | T82: 理顺 | U82: 平移后按不超过省级下调拟定，同质化检查项目持平省级 | V82: 003103000630000-310300063 | W82: 310300063 | X82: 超声生物显微镜检查（UBM） | AA82: 次（单眼） | AC82: 84 | AD82: 80 | AE82: 68 | AF82: =IFERROR(FIND("-儿童（加收）",C82,1),0) -> 0 | AG82: =SUBSTITUTE(C82,"-儿童（加收）","") -> 眼部超声生物显微镜检查费 | AH82: =IF(AF82>0,_xlfn.MAXIFS(N:N,C:C,SUBSTITUTE(C82,"-儿童（加收）","")),0)+N82 -> 80 | AI82: =IF(AF82>0,_xlfn.MAXIFS(O:O,C:C,SUBSTITUTE(C82,"-儿童（加收）","")),0)+O82 -> 72 | AJ82: =IF(AF82>0,_xlfn.MAXIFS(P:P,C:C,SUBSTITUTE(C82,"-儿童（加收）","")),0)+P82 -> 62
A83: 33 | B83: 012403000330000 | C83: 眼部相干光断层扫描费 | D83: 通过相干光断层扫描设备对眼部进行扫描，辅助进行眼部疾病的鉴别和诊断。 | E83: 所定价格涵盖设备准备、扫描、记录、分析、出具结果报告等步骤所需的人力资源和基本物质资源消耗。 | F83: 眼底、眼前节、眼底血管可分别计价。 | G83: 单侧 | H83: 45 | I83: 41 | J83: 47.237755 | K83: 45 | L83: 38.25 | N83: 45 | O83: 41 | P83: 35 | Q83: 医保 | S83: 0.1 | T83: 理顺 | U83: 眼底可独立计价，则原项目可按立项后项目*2计算，原项目拆分平移 加权平移后按不超过省级下调拟定，同质化检查项目持平省级 | V83: 003103000640000-310300064 | W83: 310300064 | X83: 光学相干断层成相（OCT） | Y83: 含测眼球后极组织厚度及断面相 | AA83: 次（单眼） | AC83: 94.5 | AD83: 90 | AE83: 76.5 | AF83: =IFERROR(FIND("-儿童（加收）",C83,1),0) -> 0 | AG83: =SUBSTITUTE(C83,"-儿童（加收）","") -> 眼部相干光断层扫描费 | AH83: =IF(AF83>0,_xlfn.MAXIFS(N:N,C:C,SUBSTITUTE(C83,"-儿童（加收）","")),0)+N83 -> 45 | AI83: =IF(AF83>0,_xlfn.MAXIFS(O:O,C:C,SUBSTITUTE(C83,"-儿童（加收）","")),0)+O83 -> 41 | AJ83: =IF(AF83>0,_xlfn.MAXIFS(P:P,C:C,SUBSTITUTE(C83,"-儿童（加收）","")),0)+P83 -> 35
C84: 眼部相干光断层扫描费 | N84: 45 | O84: 41 | P84: 35 | V84: 003103000590000-310300059 | W84: 310300059 | X84: 海德堡视网膜厚度检查（HRT） | AA84: 次（单眼） | AC84: 84 | AD84: 80 | AE84: 68 | AF84: =IFERROR(FIND("-儿童（加收）",C84,1),0) -> 0 | AG84: =SUBSTITUTE(C84,"-儿童（加收）","") -> 眼部相干光断层扫描费 | AH84: =IF(AF84>0,_xlfn.MAXIFS(N:N,C:C,SUBSTITUTE(C84,"-儿童（加收）","")),0)+N84 -> 45 | AI84: =IF(AF84>0,_xlfn.MAXIFS(O:O,C:C,SUBSTITUTE(C84,"-儿童（加收）","")),0)+O84 -> 41 | AJ84: =IF(AF84>0,_xlfn.MAXIFS(P:P,C:C,SUBSTITUTE(C84,"-儿童（加收）","")),0)+P84 -> 35
A85: 34 | B85: 013103000010000 | C85: 注射费（结膜下） | D85: 通过对结膜下注射药物，达到治疗目的。 | E85: 所定价格涵盖核对信息、定位、消毒、穿刺、注射、拔针、按压、遮盖、观察用药反应、处理用物等步骤所需的人力资源和基本物质资源消耗。 | F85: 不与“眼内穿刺费”同时收取。 | G85: 单侧 | H85: 11 | I85: 10 | J85: 10.5 | K85: 10 | L85: 8.5 | N85: 10.5 | O85: 10 | P85: 8.5 | Q85: 医保 | T85: 平移 | U85: 平移 | V85: 003103000940000-310300094 | W85: 310300094 | X85: 球结膜下注射 | AA85: 次 | AC85: 10.5 | AD85: 10 | AE85: 8.5 | AF85: =IFERROR(FIND("-儿童（加收）",C85,1),0) -> 0 | AG85: =SUBSTITUTE(C85,"-儿童（加收）","") -> 注射费（结膜下） | AH85: =IF(AF85>0,_xlfn.MAXIFS(N:N,C:C,SUBSTITUTE(C85,"-儿童（加收）","")),0)+N85 -> 10.5 | AI85: =IF(AF85>0,_xlfn.MAXIFS(O:O,C:C,SUBSTITUTE(C85,"-儿童（加收）","")),0)+O85 -> 10 | AJ85: =IF(AF85>0,_xlfn.MAXIFS(P:P,C:C,SUBSTITUTE(C85,"-儿童（加收）","")),0)+P85 -> 8.5
A86: 35 | B86: 013103000020000 | C86: 注射费（球后/球旁） | D86: 通过对球后、球旁注射药物，达到治疗目的。 | E86: 所定价格涵盖核对信息、定位、消毒、穿刺、注射、拔针、按压、遮盖、观察用药反应、处理用物等步骤所需的人力资源和基本物质资源消耗。 | F86: 不与“眼内穿刺费”同时收取。 | G86: 单侧 | H86: 11 | I86: 10 | J86: 10.5 | K86: 10 | L86: 8.5 | N86: 10.5 | O86: 10 | P86: 8.5 | Q86: 医保 | T86: 平移 | U86: 平移 | V86: 003103000950000-310300095 | W86: 310300095 | X86: 球后注射 | Y86: 包括球周半球后，球旁 | AA86: 次 | AC86: 10.5 | AD86: 10 | AE86: 8.5 | AF86: =IFERROR(FIND("-儿童（加收）",C86,1),0) -> 0 | AG86: =SUBSTITUTE(C86,"-儿童（加收）","") -> 注射费（球后/球旁） | AH86: =IF(AF86>0,_xlfn.MAXIFS(N:N,C:C,SUBSTITUTE(C86,"-儿童（加收）","")),0)+N86 -> 10.5 | AI86: =IF(AF86>0,_xlfn.MAXIFS(O:O,C:C,SUBSTITUTE(C86,"-儿童（加收）","")),0)+O86 -> 10 | AJ86: =IF(AF86>0,_xlfn.MAXIFS(P:P,C:C,SUBSTITUTE(C86,"-儿童（加收）","")),0)+P86 -> 8.5
C87: 注射费（球后/球旁） | N87: 10.5 | O87: 10 | P87: 8.5 | V87: 003103000960000-310300096 | W87: 310300096 | X87: 眶上神经封闭 | AA87: 次 | AC87: 10.5 | AD87: 10 | AE87: 8.5 | AF87: =IFERROR(FIND("-儿童（加收）",C87,1),0) -> 0 | AG87: =SUBSTITUTE(C87,"-儿童（加收）","") -> 注射费（球后/球旁） | AH87: =IF(AF87>0,_xlfn.MAXIFS(N:N,C:C,SUBSTITUTE(C87,"-儿童（加收）","")),0)+N87 -> 10.5 | AI87: =IF(AF87>0,_xlfn.MAXIFS(O:O,C:C,SUBSTITUTE(C87,"-儿童（加收）","")),0)+O87 -> 10 | AJ87: =IF(AF87>0,_xlfn.MAXIFS(P:P,C:C,SUBSTITUTE(C87,"-儿童（加收）","")),0)+P87 -> 8.5
A88: 36 | B88: 013103000030000 | C88: 睑板腺治疗费 | D88: 通过按摩睑板腺，缓解睑板腺功能障碍。 | E88: 所定价格涵盖表面麻醉、局部按摩、清洁等步骤所需的人力资源与基本物质资源消耗。 | G88: 单睑 | H88: 9 | I88: 8 | J88: 8.4 | K88: 8 | L88: 6.8 | N88: 8.4 | O88: 8 | P88: 6.8 | Q88: 医保 | T88: 平移 | U88: 平移 | V88: 003103000870000-310300087 | W88: 310300087 | X88: 睑板腺按摩 | AA88: 次 | AC88: 8.4 | AD88: 8 | AE88: 6.8 | AF88: =IFERROR(FIND("-儿童（加收）",C88,1),0) -> 0 | AG88: =SUBSTITUTE(C88,"-儿童（加收）","") -> 睑板腺治疗费 | AH88: =IF(AF88>0,_xlfn.MAXIFS(N:N,C:C,SUBSTITUTE(C88,"-儿童（加收）","")),0)+N88 -> 8.4 | AI88: =IF(AF88>0,_xlfn.MAXIFS(O:O,C:C,SUBSTITUTE(C88,"-儿童（加收）","")),0)+O88 -> 8 | AJ88: =IF(AF88>0,_xlfn.MAXIFS(P:P,C:C,SUBSTITUTE(C88,"-儿童（加收）","")),0)+P88 -> 6.8
A89: 37 | B89: 013103000040000 | C89: 结膜磨擦挤压费 | D89: 通过摩擦挤压结膜，治疗结膜炎。 | E89: 所定价格涵盖表面麻醉、开睑、摩擦挤压等步骤所需的人力资源和基本物质资源消耗。 | G89: 单侧 | H89: 11 | I89: 10 | J89: 10.5 | K89: 10 | L89: 8.5 | N89: 10.5 | O89: 10 | P89: 8.5 | Q89: 医保 | T89: 平移 | U89: 平移 | V89: 003103000920000-310300092 | W89: 310300092 | X89: 沙眼磨擦压挤术 | AA89: 次 | AC89: 10.5 | AD89: 10 | AE89: 8.5 | AF89: =IFERROR(FIND("-儿童（加收）",C89,1),0) -> 0 | AG89: =SUBSTITUTE(C89,"-儿童（加收）","") -> 结膜磨擦挤压费 | AH89: =IF(AF89>0,_xlfn.MAXIFS(N:N,C:C,SUBSTITUTE(C89,"-儿童（加收）","")),0)+N89 -> 10.5 | AI89: =IF(AF89>0,_xlfn.MAXIFS(O:O,C:C,SUBSTITUTE(C89,"-儿童（加收）","")),0)+O89 -> 10 | AJ89: =IF(AF89>0,_xlfn.MAXIFS(P:P,C:C,SUBSTITUTE(C89,"-儿童（加收）","")),0)+P89 -> 8.5
A90: 38 | B90: 013103000050000 | C90: 泪道冲洗费 | D90: 通过冲洗泪道进行疏通。 | E90: 所定价格涵盖摆位、消毒、开睑、插入泪小点、冲洗、记录结果等步骤所需的人力资源和基本物质资源消耗。 | G90: 单侧 | H90: 11 | I90: 10 | J90: 7.35 | K90: 7 | L90: 5.95 | N90: 10.5 | O90: 10 | P90: 8.5 | Q90: 医保 | T90: 理顺，提高 | U90: 平移后按省级定价原则，根据项目间比价关系拟定（技术难度、风险程度与“注射费（结膜下）”相同） | V90: 003103000360000-310300036 | W90: 310300036 | X90: 泪道冲洗 | AA90: 次 | AC90: 4.2 | AD90: 4 | AE90: 3.4 | AF90: =IFERROR(FIND("-儿童（加收）",C90,1),0) -> 0 | AG90: =SUBSTITUTE(C90,"-儿童（加收）","") -> 泪道冲洗费 | AH90: =IF(AF90>0,_xlfn.MAXIFS(N:N,C:C,SUBSTITUTE(C90,"-儿童（加收）","")),0)+N90 -> 10.5 | AI90: =IF(AF90>0,_xlfn.MAXIFS(O:O,C:C,SUBSTITUTE(C90,"-儿童（加收）","")),0)+O90 -> 10 | AJ90: =IF(AF90>0,_xlfn.MAXIFS(P:P,C:C,SUBSTITUTE(C90,"-儿童（加收）","")),0)+P90 -> 8.5
C91: 泪道冲洗费 | N91: 10.5 | O91: 10 | P91: 8.5 | V91: 003103001050000-310300105 | W91: 310300105 | X91: 泪小点扩张 | AA91: 次 | AC91: 10.5 | AD91: 10 | AE91: 8.5 | AF91: =IFERROR(FIND("-儿童（加收）",C91,1),0) -> 0 | AG91: =SUBSTITUTE(C91,"-儿童（加收）","") -> 泪道冲洗费 | AH91: =IF(AF91>0,_xlfn.MAXIFS(N:N,C:C,SUBSTITUTE(C91,"-儿童（加收）","")),0)+N91 -> 10.5 | AI91: =IF(AF91>0,_xlfn.MAXIFS(O:O,C:C,SUBSTITUTE(C91,"-儿童（加收）","")),0)+O91 -> 10 | AJ91: =IF(AF91>0,_xlfn.MAXIFS(P:P,C:C,SUBSTITUTE(C91,"-儿童（加收）","")),0)+P91 -> 8.5
A92: 分项 | B92: 013103000050011 | C92: 泪道冲洗费-泪管扩张（加收） | G92: 单侧 | H92: 22 | I92: 20 | J92: 21 | K92: 20.071942 | L92: 17 | N92: 21 | O92: 20 | P92: 17 | Q92: 医保 | U92: 平移 | V92: 003103001060000-310300106 | W92: 310300106 | X92: 泪道探通术 | AA92: 次 | AB92: 激光加收50% | AC92: 21 | AD92: 20 | AE92: 17 | AF92: =IFERROR(FIND("-儿童（加收）",C92,1),0) -> 0 | AG92: =SUBSTITUTE(C92,"-儿童（加收）","") -> 泪道冲洗费-泪管扩张（加收） | AH92: =IF(AF92>0,_xlfn.MAXIFS(N:N,C:C,SUBSTITUTE(C92,"-儿童（加收）","")),0)+N92 -> 21 | AI92: =IF(AF92>0,_xlfn.MAXIFS(O:O,C:C,SUBSTITUTE(C92,"-儿童（加收）","")),0)+O92 -> 20 | AJ92: =IF(AF92>0,_xlfn.MAXIFS(P:P,C:C,SUBSTITUTE(C92,"-儿童（加收）","")),0)+P92 -> 17
C93: 泪道冲洗费-泪管扩张（加收） | N93: 21 | O93: 20 | P93: 17 | V93: 003103001060001-31030010601 | W93: 31030010601 | X93: 泪道探通术（激光） | AA93: 次 | AB93: 激光 | AC93: 31.5 | AD93: 30 | AE93: 25.5 | AF93: =IFERROR(FIND("-儿童（加收）",C93,1),0) -> 0 | AG93: =SUBSTITUTE(C93,"-儿童（加收）","") -> 泪道冲洗费-泪管扩张（加收） | AH93: =IF(AF93>0,_xlfn.MAXIFS(N:N,C:C,SUBSTITUTE(C93,"-儿童（加收）","")),0)+N93 -> 21 | AI93: =IF(AF93>0,_xlfn.MAXIFS(O:O,C:C,SUBSTITUTE(C93,"-儿童（加收）","")),0)+O93 -> 20 | AJ93: =IF(AF93>0,_xlfn.MAXIFS(P:P,C:C,SUBSTITUTE(C93,"-儿童（加收）","")),0)+P93 -> 17
A94: 39 | B94: 013103000060000 | C94: 结膜囊冲洗费 | D94: 通过冲洗结膜囊进行清洁。 | E94: 所定价格涵盖开睑、冲洗等步骤所需的人力资源和基本物质资源消耗。 | G94: 单侧 | H94: 7 | I94: 6 | J94: 6.3 | K94: 6 | L94: 5.1 | N94: 6.3 | O94: 6 | P94: 5.1 | Q94: 医保 | T94: 平移 | U94: 平移 | V94: 003103000880000-310300088 | W94: 310300088 | X94: 冲洗结膜囊 | AA94: 次 | AC94: 6.3 | AD94: 6 | AE94: 5.1 | AF94: =IFERROR(FIND("-儿童（加收）",C94,1),0) -> 0 | AG94: =SUBSTITUTE(C94,"-儿童（加收）","") -> 结膜囊冲洗费 | AH94: =IF(AF94>0,_xlfn.MAXIFS(N:N,C:C,SUBSTITUTE(C94,"-儿童（加收）","")),0)+N94 -> 6.3 | AI94: =IF(AF94>0,_xlfn.MAXIFS(O:O,C:C,SUBSTITUTE(C94,"-儿童（加收）","")),0)+O94 -> 6 | AJ94: =IF(AF94>0,_xlfn.MAXIFS(P:P,C:C,SUBSTITUTE(C94,"-儿童（加收）","")),0)+P94 -> 5.1
C95: 结膜囊冲洗费 | N95: 6.3 | O95: 6 | P95: 5.1 | V95: 003103000890000-310300089 | W95: 310300089 | X95: 睑结膜伪膜去除冲洗 | AA95: 次 | AC95: 6.3 | AD95: 6 | AE95: 5.1 | AF95: =IFERROR(FIND("-儿童（加收）",C95,1),0) -> 0 | AG95: =SUBSTITUTE(C95,"-儿童（加收）","") -> 结膜囊冲洗费 | AH95: =IF(AF95>0,_xlfn.MAXIFS(N:N,C:C,SUBSTITUTE(C95,"-儿童（加收）","")),0)+N95 -> 6.3 | AI95: =IF(AF95>0,_xlfn.MAXIFS(O:O,C:C,SUBSTITUTE(C95,"-儿童（加收）","")),0)+O95 -> 6 | AJ95: =IF(AF95>0,_xlfn.MAXIFS(P:P,C:C,SUBSTITUTE(C95,"-儿童（加收）","")),0)+P95 -> 5.1
A96: 40 | B96: 013103000070000 | C96: 角膜/结膜异物取出费 | D96: 通过各种方式剔除或拨除角膜异物、结膜结石等异物。 | E96: 所定价格涵盖消毒、剔除或拨除、涂药等步骤所需的人力资源和基本物质资源消耗。 | F96: 单侧角膜异物取出按一个计价单位收取。 | G96: 单睑 | H96: 15 | I96: 13.5 | J96: 10.5 | K96: 10 | L96: 8.5 | N96: 13.5 | O96: 13 | P96: 11 | Q96: 医保 | T96: 理顺，提高 | U96: 平移后按省级定价原则，根据项目间比价关系拟定（技术难度、风险程度为“结膜囊冲洗费”2.15倍） | V96: 003103000910000-310300091 | W96: 310300091 | X96: 取结膜结石 | AA96: 次 | AC96: 10.5 | AD96: 10 | AE96: 8.5 | AF96: =IFERROR(FIND("-儿童（加收）",C96,1),0) -> 0 | AG96: =SUBSTITUTE(C96,"-儿童（加收）","") -> 角膜/结膜异物取出费 | AH96: =IF(AF96>0,_xlfn.MAXIFS(N:N,C:C,SUBSTITUTE(C96,"-儿童（加收）","")),0)+N96 -> 13.5 | AI96: =IF(AF96>0,_xlfn.MAXIFS(O:O,C:C,SUBSTITUTE(C96,"-儿童（加收）","")),0)+O96 -> 13 | AJ96: =IF(AF96>0,_xlfn.MAXIFS(P:P,C:C,SUBSTITUTE(C96,"-儿童（加收）","")),0)+P96 -> 11
A97: 41 | B97: 013103000080000 | C97: 电解倒睫费 | D97: 通过电解方式拔除倒睫。 | E97: 所定价格涵盖消毒、放置电极、拔除等步骤所需的人力资源和基本物质资源消耗。 | G97: 单侧 | H97: 9 | I97: 8 | J97: 8.4 | K97: 8 | L97: 6.8 | N97: 8.4 | O97: 8 | P97: 6.8 | Q97: 医保 | T97: 平移 | U97: 平移 | V97: 003103000850000-310300085 | W97: 310300085 | X97: 电解倒睫 | Y97: 包括拔倒睫 | AA97: 次 | AC97: 8.4 | AD97: 8 | AE97: 6.8 | AF97: =IFERROR(FIND("-儿童（加收）",C97,1),0) -> 0 | AG97: =SUBSTITUTE(C97,"-儿童（加收）","") -> 电解倒睫费 | AH97: =IF(AF97>0,_xlfn.MAXIFS(N:N,C:C,SUBSTITUTE(C97,"-儿童（加收）","")),0)+N97 -> 8.4 | AI97: =IF(AF97>0,_xlfn.MAXIFS(O:O,C:C,SUBSTITUTE(C97,"-儿童（加收）","")),0)+O97 -> 8 | AJ97: =IF(AF97>0,_xlfn.MAXIFS(P:P,C:C,SUBSTITUTE(C97,"-儿童（加收）","")),0)+P97 -> 6.8
A98: 42 | B98: 013103000090000 | C98: 眼内穿刺费 | D98: 通过穿刺眼内进行抽吸、引流、冲洗或注射等。 | E98: 所定价格涵盖消毒、穿刺、完成相应诊疗操作等步骤所需的人力资源和基本物质资源消耗。 | F98: 1.眼内包括但不限于前房、玻璃体等部位。前房、玻璃体不可分别计价。2.不与“注射费（结膜下）”、“注射费（球后/球旁）”同时收取。 | G98: 单侧 | H98: 400 | I98: 360 | J98: 335.61179 | K98: 343.92828 | L98: 281.77094 | N98: 360 | O98: 340 | P98: 290 | Q98: 医保 | T98: 理顺 | U98: 加权平移后，理顺各级比价关系 | V98: 003304090130000-330409013 | W98: 330409013 | X98: 眶内血肿穿刺术 | AA98: 单侧 | AC98: 500 | AD98: 480 | AE98: 408 | AF98: =IFERROR(FIND("-儿童（加收）",C98,1),0) -> 0 | AG98: =SUBSTITUTE(C98,"-儿童（加收）","") -> 眼内穿刺费 | AH98: =IF(AF98>0,_xlfn.MAXIFS(N:N,C:C,SUBSTITUTE(C98,"-儿童（加收）","")),0)+N98 -> 360 | AI98: =IF(AF98>0,_xlfn.MAXIFS(O:O,C:C,SUBSTITUTE(C98,"-儿童（加收）","")),0)+O98 -> 340 | AJ98: =IF(AF98>0,_xlfn.MAXIFS(P:P,C:C,SUBSTITUTE(C98,"-儿童（加收）","")),0)+P98 -> 290
C99: 眼内穿刺费 | N99: 360 | O99: 340 | P99: 290 | V99: 003103001000000-310300100 | W99: 310300100 | X99: 前房穿刺术 | Y99: 包括前房冲洗术 | AA99: 次 | AB99: 六岁及以下儿童在原价基础上加收30% | AC99: 157.5 | AD99: 150 | AE99: 127.5 | AF99: =IFERROR(FIND("-儿童（加收）",C99,1),0) -> 0 | AG99: =SUBSTITUTE(C99,"-儿童（加收）","") -> 眼内穿刺费 | AH99: =IF(AF99>0,_xlfn.MAXIFS(N:N,C:C,SUBSTITUTE(C99,"-儿童（加收）","")),0)+N99 -> 360 | AI99: =IF(AF99>0,_xlfn.MAXIFS(O:O,C:C,SUBSTITUTE(C99,"-儿童（加收）","")),0)+O99 -> 340 | AJ99: =IF(AF99>0,_xlfn.MAXIFS(P:P,C:C,SUBSTITUTE(C99,"-儿童（加收）","")),0)+P99 -> 290
C100: 眼内穿刺费 | N100: 360 | O100: 340 | P100: 290 | V100: 003103001000100-31030010001 | W100: 31030010001 | X100: 前房穿刺术（前房冲洗术） | AA100: 次 | AB100: 前房冲洗术 | AC100: 157.5 | AD100: 150 | AE100: 127.5 | AF100: =IFERROR(FIND("-儿童（加收）",C100,1),0) -> 0 | AG100: =SUBSTITUTE(C100,"-儿童（加收）","") -> 眼内穿刺费 | AH100: =IF(AF100>0,_xlfn.MAXIFS(N:N,C:C,SUBSTITUTE(C100,"-儿童（加收）","")),0)+N100 -> 360 | AI100: =IF(AF100>0,_xlfn.MAXIFS(O:O,C:C,SUBSTITUTE(C100,"-儿童（加收）","")),0)+O100 -> 340 | AJ100: =IF(AF100>0,_xlfn.MAXIFS(P:P,C:C,SUBSTITUTE(C100,"-儿童（加收）","")),0)+P100 -> 290
...

Sheet 改变收费方式，测算医疗费用项目
A1: 现行收费方式 | N1: 立项指南收费方式
A2: 国家结算编码 | B2: 项目代码 | C2: 项目名称 | D2: 项目内涵 | E2: 除外内容 | F2: 计价单位 | G2: 说明 | H2: 省属三甲价格（元） | I2: 省属三甲以下价格（元） | J2: 价格 (市级) | K2: 价格 (县级) | L2: 价格 (基层) | M2: 医保属性 | N2: 项目代码 | O2: 项目名称 | P2: 服务产出 | Q2: 价格构成 | R2: 计价说明 | S2: 计价单位 | T2: 拟定价格 (市级) | U2: 拟定价格 (县级) | V2: 拟定价格 (基层) | W2: 改变后价格 (市级) | X2: 改变后价格 (县级) | Y2: 改变后价格 (基层)
A3: 003103000450000-310300045 | B3: 310300045 | C3: 人工晶体度数测量 | F3: 次 | H3: 22 | I3: 20 | J3: 21 | K3: 20 | L3: 17 | M3: 医保 | N3: 012403000140000 | O3: 角膜曲率测量费 | P3: 通过各种方式或设备测量角膜曲率。 | Q3: 所定价格涵盖设备准备、测量、记录、分析、出具结果报告等步骤所需的人力资源和基本物质资源消耗。 | S3: 单侧 | T3: =VLOOKUP(O3,眼科项目!$C$3:$O$485,11,FALSE) -> 3 | U3: =VLOOKUP(O3,眼科项目!$C$3:$O$485,12,FALSE) -> 2.5 | V3: =VLOOKUP(O3,眼科项目!$C$3:$O$485,13,FALSE) -> 2 | W3: =SUM(T3:T5) -> 16.9 | X3: =SUM(U3:U5) -> 14.5 | Y3: =SUM(V3:V5) -> 12.6
N4: 012403000270000 | O4: 眼轴测量费 | P4: 应用各种检查仪器测定眼轴。 | Q4: 所定价格涵盖消毒、设备准备、测量、重复多次、记录、分析、出具结果报告等步骤所需的人力资源和基本物质资源消耗。 | S4: 单侧 | T4: =VLOOKUP(O4,眼科项目!$C$3:$O$485,11,FALSE) -> 8.5 | U4: =VLOOKUP(O4,眼科项目!$C$3:$O$485,12,FALSE) -> 7 | V4: =VLOOKUP(O4,眼科项目!$C$3:$O$485,13,FALSE) -> 6.3
N5: 012403000310000 | O5: 裂隙灯检查费 | P5: 通过应用裂隙灯显微镜进行各类检查。 | Q5: 所定价格涵盖摆位、设备准备、测试、记录、分析、出具结果报告等步骤所需的人力资源和基本物质资源消耗。 | S5: 次 | T5: =VLOOKUP(O5,眼科项目!$C$3:$O$485,11,FALSE) -> 5.4 | U5: =VLOOKUP(O5,眼科项目!$C$3:$O$485,12,FALSE) -> 5 | V5: =VLOOKUP(O5,眼科项目!$C$3:$O$485,13,FALSE) -> 4.3
A6: 003103000090000-310300009 | B6: 310300009 | C6: 隐形眼镜配置 | D6: 含验光、角膜曲率测量、泪液分泌功能(Schirmer)测定 | F6: 次 | H6: 15 | I6: 14 | J6: 15.8 | K6: 15 | L6: 12.8 | N6: 012403000040000 | O6: 显然验光费 | P6: 通过反复插试镜片，确定矫正视力度数。 | Q6: 所定价格涵盖戴试镜架、插试镜片、调整度数、记录、出具结果报告等步骤所需的人力资源和基本物质资源消耗。 | S6: 次 | T6: =VLOOKUP(O6,眼科项目!$C$3:$O$485,11,FALSE) -> 3.8 | U6: =VLOOKUP(O6,眼科项目!$C$3:$O$485,12,FALSE) -> 3.5 | V6: =VLOOKUP(O6,眼科项目!$C$3:$O$485,13,FALSE) -> 3.3 | W6: =SUM(T6:T8) -> 14.8 | X6: =SUM(U6:U8) -> 13 | Y6: =SUM(V6:V8) -> 11.3
N7: 012403000140000 | O7: 角膜曲率测量费 | P7: 通过各种方式或设备测量角膜曲率。 | Q7: 所定价格涵盖设备准备、测量、记录、分析、出具结果报告等步骤所需的人力资源和基本物质资源消耗。 | S7: 单侧 | T7: =VLOOKUP(O7,眼科项目!$C$3:$O$485,11,FALSE) -> 3 | U7: =VLOOKUP(O7,眼科项目!$C$3:$O$485,12,FALSE) -> 2.5 | V7: =VLOOKUP(O7,眼科项目!$C$3:$O$485,13,FALSE) -> 2
N8: 012403000090000 | O8: 泪液分泌功能测定费 | P8: 通过各种方式对泪液分泌功能进行测定。 | Q8: 所定价格涵盖放置纸条、测定滤纸浸湿长度、记录并分析结果等步骤所需的人力资源和基本物质资源消耗。 | S8: 单侧 | T8: =VLOOKUP(O8,眼科项目!$C$3:$O$485,11,FALSE) -> 8 | U8: =VLOOKUP(O8,眼科项目!$C$3:$O$485,12,FALSE) -> 7 | V8: =VLOOKUP(O8,眼科项目!$C$3:$O$485,13,FALSE) -> 6
A9: 003304060150000-330406015 | B9: 330406015 | C9: 白内障囊外摘除联合青光眼人工晶体植入术 | E9: 胶原膜 | F9: 次 | H9: 2880 | I9: 2590 | J9: 2480 | K9: 2230 | L9: 1900 | M9: 医保 | N9: 013304000010000 | O9: 晶状体摘除费 | P9: 通过超声乳化、娩核、晶状体切除或粉碎等各种方式完成病变晶状体摘除。 | Q9: 所定价格涵盖手术计划、术区准备、切开、晶状体取出、缝合及必要时染色等步骤所需的人力资源和基本物质资源消耗。 | R9: 晶体囊截开术三甲医院按330元，三甲以下医院按297元收取。 | S9: 单侧 | T9: =VLOOKUP(O9,眼科项目!$C$3:$O$485,11,FALSE) -> 1800 | U9: =VLOOKUP(O9,眼科项目!$C$3:$O$485,12,FALSE) -> 1650 | V9: =VLOOKUP(O9,眼科项目!$C$3:$O$485,13,FALSE) -> 1400 | W9: =T9+T10*0.5 -> 2510 | X9: =U9+U10*0.5 -> 2290 | Y9: =V9+V10*0.5 -> 1945
N10: 013304000030000 | O10: 人工晶状体植入费（常规） | S10: 单侧 | T10: =VLOOKUP(O10,眼科项目!$C$3:$O$485,11,FALSE) -> 1420 | U10: =VLOOKUP(O10,眼科项目!$C$3:$O$485,12,FALSE) -> 1280 | V10: =VLOOKUP(O10,眼科项目!$C$3:$O$485,13,FALSE) -> 1090
A11: 003304060150000-33040601501 | B11: 33040601501 | C11: 小儿白内障囊外摘除联合青光眼人工晶体植入术 | F11: 次 | H11: 3745 | I11: 3365 | J11: 3225 | K11: 2900 | L11: 2465 | M11: 医保 | N11: 013304000010000 | O11: 晶状体摘除费 | P11: 通过超声乳化、娩核、晶状体切除或粉碎等各种方式完成病变晶状体摘除。 | Q11: 所定价格涵盖手术计划、术区准备、切开、晶状体取出、缝合及必要时染色等步骤所需的人力资源和基本物质资源消耗。 | R11: 晶体囊截开术三甲医院按330元，三甲以下医院按297元收取。 | S11: 单侧 | T11: =VLOOKUP(O11,眼科项目!$C$3:$O$485,11,FALSE) -> 1800 | U11: =VLOOKUP(O11,眼科项目!$C$3:$O$485,12,FALSE) -> 1650 | V11: =VLOOKUP(O11,眼科项目!$C$3:$O$485,13,FALSE) -> 1400 | W11: =T11+T12+(T13+T14)*0.5 -> 3262.5 | X11: =U11+U12+(U13+U14)*0.5 -> 2977.5 | Y11: =V11+V12+(V13+V14)*0.5 -> 2527.5
N12: 013304000010001 | O12: 晶状体摘除费-儿童（加收） | S12: 单侧 | T12: =VLOOKUP(O12,眼科项目!$C$3:$O$485,11,FALSE) -> 540 | U12: =VLOOKUP(O12,眼科项目!$C$3:$O$485,12,FALSE) -> 495 | V12: =VLOOKUP(O12,眼科项目!$C$3:$O$485,13,FALSE) -> 420
N13: 013304000030000 | O13: 人工晶状体植入费（常规） | S13: 单侧 | T13: =VLOOKUP(O13,眼科项目!$C$3:$O$485,11,FALSE) -> 1420 | U13: =VLOOKUP(O13,眼科项目!$C$3:$O$485,12,FALSE) -> 1280 | V13: =VLOOKUP(O13,眼科项目!$C$3:$O$485,13,FALSE) -> 1090
N14: 013304000030001 | O14: 人工晶状体植入费（常规）-儿童（加收） | S14: 单侧 | T14: =VLOOKUP(O14,眼科项目!$C$3:$O$485,11,FALSE) -> 425 | U14: =VLOOKUP(O14,眼科项目!$C$3:$O$485,12,FALSE) -> 385 | V14: =VLOOKUP(O14,眼科项目!$C$3:$O$485,13,FALSE) -> 325
A15: 003304060170000-330406017 | B15: 330406017 | C15: 白内障摘除联合玻璃体切割术 | D15: 包括前路摘晶体，后路摘晶体 | E15: 玻璃体切割头、膨胀气体、硅油、重水 | F15: 次 | H15: 2880 | I15: 2590 | J15: 2530 | K15: 2280 | L15: 1940 | M15: 医保 | N15: 013304000010000 | O15: 晶状体摘除费 | P15: 通过超声乳化、娩核、晶状体切除或粉碎等各种方式完成病变晶状体摘除。 | Q15: 所定价格涵盖手术计划、术区准备、切开、晶状体取出、缝合及必要时染色等步骤所需的人力资源和基本物质资源消耗。 | R15: 晶体囊截开术三甲医院按330元，三甲以下医院按297元收取。 | S15: 单侧 | T15: =VLOOKUP(O15,眼科项目!$C$3:$O$485,11,FALSE) -> 1800 | U15: =VLOOKUP(O15,眼科项目!$C$3:$O$485,12,FALSE) -> 1650 | V15: =VLOOKUP(O15,眼科项目!$C$3:$O$485,13,FALSE) -> 1400 | W15: =T16+T15*0.5 -> 3430 | X15: =U16+U15*0.5 -> 3105 | Y15: =V16+V15*0.5 -> 2640
N16: 013304000070000 | O16: 玻璃体切除费 | P16: 通过各种手术方式切除玻璃体。 | Q16: 所定价格涵盖手术计划、术区准备、切开、穿刺、灌注、切除、必要时缝合等步骤所需的人力资源和基本物质资源消耗。 | S16: 单侧 | T16: =VLOOKUP(O16,眼科项目!$C$3:$O$485,11,FALSE) -> 2530 | U16: =VLOOKUP(O16,眼科项目!$C$3:$O$485,12,FALSE) -> 2280 | V16: =VLOOKUP(O16,眼科项目!$C$3:$O$485,13,FALSE) -> 1940
A17: 003304060170000-33040601701 | B17: 33040601701 | C17: 小儿白内障摘除联合玻璃体切割术 | F17: 次 | H17: 3745 | I17: 3365 | J17: 3290 | K17: 2965 | L17: 2520 | M17: 医保 | N17: 013304000010000 | O17: 晶状体摘除费 | P17: 通过超声乳化、娩核、晶状体切除或粉碎等各种方式完成病变晶状体摘除。 | Q17: 所定价格涵盖手术计划、术区准备、切开、晶状体取出、缝合及必要时染色等步骤所需的人力资源和基本物质资源消耗。 | R17: 晶体囊截开术三甲医院按330元，三甲以下医院按297元收取。 | S17: 单侧 | T17: =VLOOKUP(O17,眼科项目!$C$3:$O$485,11,FALSE) -> 1800 | U17: =VLOOKUP(O17,眼科项目!$C$3:$O$485,12,FALSE) -> 1650 | V17: =VLOOKUP(O17,眼科项目!$C$3:$O$485,13,FALSE) -> 1400 | W17: =T19+T20+(T17+T18)*0.5 -> 4460 | X17: =U19+U20+(U17+U18)*0.5 -> 4037.5 | Y17: =V19+V20+(V17+V18)*0.5 -> 3430
N18: 013304000010001 | O18: 晶状体摘除费-儿童（加收） | S18: 单侧 | T18: =VLOOKUP(O18,眼科项目!$C$3:$O$485,11,FALSE) -> 540 | U18: =VLOOKUP(O18,眼科项目!$C$3:$O$485,12,FALSE) -> 495 | V18: =VLOOKUP(O18,眼科项目!$C$3:$O$485,13,FALSE) -> 420
N19: 013304000070000 | O19: 玻璃体切除费 | P19: 通过各种手术方式切除玻璃体。 | Q19: 所定价格涵盖手术计划、术区准备、切开、穿刺、灌注、切除、必要时缝合等步骤所需的人力资源和基本物质资源消耗。 | S19: 单侧 | T19: =VLOOKUP(O19,眼科项目!$C$3:$O$485,11,FALSE) -> 2530 | U19: =VLOOKUP(O19,眼科项目!$C$3:$O$485,12,FALSE) -> 2280 | V19: =VLOOKUP(O19,眼科项目!$C$3:$O$485,13,FALSE) -> 1940
N20: 013304000070001 | O20: 玻璃体切除费-儿童（加收） | S20: 单侧 | T20: =VLOOKUP(O20,眼科项目!$C$3:$O$485,11,FALSE) -> 760 | U20: =VLOOKUP(O20,眼科项目!$C$3:$O$485,12,FALSE) -> 685 | V20: =VLOOKUP(O20,眼科项目!$C$3:$O$485,13,FALSE) -> 580
A21: 003304060060000-330406006 | B21: 330406006 | C21: 白内障囊外摘除+人工晶体植入术 | F21: 次 | H21: 1920 | I21: 1730 | J21: 1690 | K21: 1520 | L21: 1290 | M21: 医保 | N21: 013304000010000 | O21: 晶状体摘除费 | P21: 通过超声乳化、娩核、晶状体切除或粉碎等各种方式完成病变晶状体摘除。 | Q21: 所定价格涵盖手术计划、术区准备、切开、晶状体取出、缝合及必要时染色等步骤所需的人力资源和基本物质资源消耗。 | R21: 晶体囊截开术三甲医院按330元，三甲以下医院按297元收取。 | S21: 单侧 | T21: =VLOOKUP(O21,眼科项目!$C$3:$O$485,11,FALSE) -> 1800 | U21: =VLOOKUP(O21,眼科项目!$C$3:$O$485,12,FALSE) -> 1650 | V21: =VLOOKUP(O21,眼科项目!$C$3:$O$485,13,FALSE) -> 1400 | W21: =T21+T22*0.5 -> 2510 | X21: =U21+U22*0.5 -> 2290 | Y21: =V21+V22*0.5 -> 1945
A22: 003304060060000-330406006 | B22: 330406006 | C22: 白内障囊外摘除+人工晶体植入术 | F22: 次 | H22: 1920 | I22: 1730 | J22: 1690 | K22: 1520 | L22: 1290 | M22: 医保 | N22: 013304000030000 | O22: 人工晶状体植入费（常规） | S22: 单侧 | T22: =VLOOKUP(O22,眼科项目!$C$3:$O$485,11,FALSE) -> 1420 | U22: =VLOOKUP(O22,眼科项目!$C$3:$O$485,12,FALSE) -> 1280 | V22: =VLOOKUP(O22,眼科项目!$C$3:$O$485,13,FALSE) -> 1090
A23: 003304060060000-33040600601 | B23: 33040600601 | C23: 小儿白内障囊外摘除+人工晶体植入术 | F23: 次 | H23: 2495 | I23: 2250 | J23: 2195 | K23: 1975 | L23: 1680 | M23: 医保 | N23: 013304000010000 | O23: 晶状体摘除费 | P23: 通过超声乳化、娩核、晶状体切除或粉碎等各种方式完成病变晶状体摘除。 | Q23: 所定价格涵盖手术计划、术区准备、切开、晶状体取出、缝合及必要时染色等步骤所需的人力资源和基本物质资源消耗。 | R23: 晶体囊截开术三甲医院按330元，三甲以下医院按297元收取。 | S23: 单侧 | T23: =VLOOKUP(O23,眼科项目!$C$3:$O$485,11,FALSE) -> 1800 | U23: =VLOOKUP(O23,眼科项目!$C$3:$O$485,12,FALSE) -> 1650 | V23: =VLOOKUP(O23,眼科项目!$C$3:$O$485,13,FALSE) -> 1400 | W23: =T23+T24+(T25+T26)*0.5 -> 3262.5 | X23: =U23+U24+(U25+U26)*0.5 -> 2977.5 | Y23: =V23+V24+(V25+V26)*0.5 -> 2527.5
A24: 003304060060000-33040600601 | B24: 33040600601 | C24: 小儿白内障囊外摘除+人工晶体植入术 | F24: 次 | H24: 2495 | I24: 2250 | J24: 2195 | K24: 1975 | L24: 1680 | M24: 医保 | N24: 013304000010001 | O24: 晶状体摘除费-儿童（加收） | S24: 单侧 | T24: =VLOOKUP(O24,眼科项目!$C$3:$O$485,11,FALSE) -> 540 | U24: =VLOOKUP(O24,眼科项目!$C$3:$O$485,12,FALSE) -> 495 | V24: =VLOOKUP(O24,眼科项目!$C$3:$O$485,13,FALSE) -> 420
A25: 003304060060000-33040600601 | B25: 33040600601 | C25: 小儿白内障囊外摘除+人工晶体植入术 | F25: 次 | H25: 2495 | I25: 2250 | J25: 2195 | K25: 1975 | L25: 1680 | M25: 医保 | N25: 013304000030000 | O25: 人工晶状体植入费（常规） | S25: 单侧 | T25: =VLOOKUP(O25,眼科项目!$C$3:$O$485,11,FALSE) -> 1420 | U25: =VLOOKUP(O25,眼科项目!$C$3:$O$485,12,FALSE) -> 1280 | V25: =VLOOKUP(O25,眼科项目!$C$3:$O$485,13,FALSE) -> 1090
A26: 003304060060000-33040600601 | B26: 33040600601 | C26: 小儿白内障囊外摘除+人工晶体植入术 | F26: 次 | H26: 2495 | I26: 2250 | J26: 2195 | K26: 1975 | L26: 1680 | M26: 医保 | N26: 013304000030001 | O26: 人工晶状体植入费（常规）-儿童（加收） | S26: 单侧 | T26: =VLOOKUP(O26,眼科项目!$C$3:$O$485,11,FALSE) -> 425 | U26: =VLOOKUP(O26,眼科项目!$C$3:$O$485,12,FALSE) -> 385 | V26: =VLOOKUP(O26,眼科项目!$C$3:$O$485,13,FALSE) -> 325
A27: 003304060100000-330406010 | B27: 330406010 | C27: 白内障超声乳化摘除术+人工晶体植入术 | E27: 一次性乳化专用刀、一次性超乳包 | F27: 次 | H27: 3600 | I27: 3240 | J27: 3090 | K27: 2780 | L27: 2360 | M27: 医保 | N27: 013304000010000 | O27: 晶状体摘除费 | P27: 通过超声乳化、娩核、晶状体切除或粉碎等各种方式完成病变晶状体摘除。 | Q27: 所定价格涵盖手术计划、术区准备、切开、晶状体取出、缝合及必要时染色等步骤所需的人力资源和基本物质资源消耗。 | R27: 晶体囊截开术三甲医院按330元，三甲以下医院按297元收取。 | S27: 单侧 | T27: =VLOOKUP(O27,眼科项目!$C$3:$O$485,11,FALSE) -> 1800 | U27: =VLOOKUP(O27,眼科项目!$C$3:$O$485,12,FALSE) -> 1650 | V27: =VLOOKUP(O27,眼科项目!$C$3:$O$485,13,FALSE) -> 1400 | W27: =T27+T28*0.5 -> 2510 | X27: =U27+U28*0.5 -> 2290 | Y27: =V27+V28*0.5 -> 1945
N28: 013304000030000 | O28: 人工晶状体植入费（常规） | S28: 单侧 | T28: =VLOOKUP(O28,眼科项目!$C$3:$O$485,11,FALSE) -> 1420 | U28: =VLOOKUP(O28,眼科项目!$C$3:$O$485,12,FALSE) -> 1280 | V28: =VLOOKUP(O28,眼科项目!$C$3:$O$485,13,FALSE) -> 1090
A29: 003304060100000-33040601001 | B29: 33040601001 | C29: 小儿白内障超声乳化摘除术+人工晶体植入术 | F29: 次 | H29: 4680 | I29: 4210 | J29: 4015 | K29: 3615 | L29: 3075 | M29: 医保 | N29: 013304000010000 | O29: 晶状体摘除费 | P29: 通过超声乳化、娩核、晶状体切除或粉碎等各种方式完成病变晶状体摘除。 | Q29: 所定价格涵盖手术计划、术区准备、切开、晶状体取出、缝合及必要时染色等步骤所需的人力资源和基本物质资源消耗。 | R29: 晶体囊截开术三甲医院按330元，三甲以下医院按297元收取。 | S29: 单侧 | T29: =VLOOKUP(O29,眼科项目!$C$3:$O$485,11,FALSE) -> 1800 | U29: =VLOOKUP(O29,眼科项目!$C$3:$O$485,12,FALSE) -> 1650 | V29: =VLOOKUP(O29,眼科项目!$C$3:$O$485,13,FALSE) -> 1400 | W29: =T29+T30+(T31+T32)*0.5 -> 3262.5 | X29: =U29+U30+(U31+U32)*0.5 -> 2977.5 | Y29: =V29+V30+(V31+V32)*0.5 -> 2527.5
N30: 013304000010001 | O30: 晶状体摘除费-儿童（加收） | S30: 单侧 | T30: =VLOOKUP(O30,眼科项目!$C$3:$O$485,11,FALSE) -> 540 | U30: =VLOOKUP(O30,眼科项目!$C$3:$O$485,12,FALSE) -> 495 | V30: =VLOOKUP(O30,眼科项目!$C$3:$O$485,13,FALSE) -> 420
N31: 013304000030000 | O31: 人工晶状体植入费（常规） | S31: 单侧 | T31: =VLOOKUP(O31,眼科项目!$C$3:$O$485,11,FALSE) -> 1420 | U31: =VLOOKUP(O31,眼科项目!$C$3:$O$485,12,FALSE) -> 1280 | V31: =VLOOKUP(O31,眼科项目!$C$3:$O$485,13,FALSE) -> 1090
N32: 013304000030001 | O32: 人工晶状体植入费（常规）-儿童（加收） | S32: 单侧 | T32: =VLOOKUP(O32,眼科项目!$C$3:$O$485,11,FALSE) -> 425 | U32: =VLOOKUP(O32,眼科项目!$C$3:$O$485,12,FALSE) -> 385 | V32: =VLOOKUP(O32,眼科项目!$C$3:$O$485,13,FALSE) -> 325
A33: 003304060180000-330406018 | B33: 330406018 | C33: 球内异物取出术联合晶体玻璃体切除及人工晶体植入术（四联术） | E33: 玻璃体切割头、膨胀气体、硅油、重水、一次性超乳包 | F33: 次 | H33: 6900 | I33: 5800 | J33: 5320 | K33: 4790 | L33: 4070 | M33: 医保 | N33: 013304000610000 | O33: 球内异物取出费 | P33: 通过各种手术方式取出眼球内异物。 | Q33: 所定价格涵盖手术计划、术区准备、消毒、定位、切开、取出异物、缝合等步骤所需的人力资源和基本物质资源消耗。 | S33: 单侧 | T33: =VLOOKUP(O33,眼科项目!$C$3:$O$485,11,FALSE) -> 1150 | U33: =VLOOKUP(O33,眼科项目!$C$3:$O$485,12,FALSE) -> 1010 | V33: =VLOOKUP(O33,眼科项目!$C$3:$O$485,13,FALSE) -> 860 | W33: =T35+(T33+T34+T36)*0.5 -> 4715 | X33: =U35+(U33+U34+U36)*0.5 -> 4250 | Y33: =V35+(V33+V34+V36)*0.5 -> 3615
N34: 013304000010000 | O34: 晶状体摘除费 | P34: 通过超声乳化、娩核、晶状体切除或粉碎等各种方式完成病变晶状体摘除。 | Q34: 所定价格涵盖手术计划、术区准备、切开、晶状体取出、缝合及必要时染色等步骤所需的人力资源和基本物质资源消耗。 | R34: 晶体囊截开术三甲医院按330元，三甲以下医院按297元收取。 | S34: 单侧 | T34: =VLOOKUP(O34,眼科项目!$C$3:$O$485,11,FALSE) -> 1800 | U34: =VLOOKUP(O34,眼科项目!$C$3:$O$485,12,FALSE) -> 1650 | V34: =VLOOKUP(O34,眼科项目!$C$3:$O$485,13,FALSE) -> 1400
N35: 013304000070000 | O35: 玻璃体切除费 | P35: 通过各种手术方式切除玻璃体。 | Q35: 所定价格涵盖手术计划、术区准备、切开、穿刺、灌注、切除、必要时缝合等步骤所需的人力资源和基本物质资源消耗。 | S35: 单侧 | T35: =VLOOKUP(O35,眼科项目!$C$3:$O$485,11,FALSE) -> 2530 | U35: =VLOOKUP(O35,眼科项目!$C$3:$O$485,12,FALSE) -> 2280 | V35: =VLOOKUP(O35,眼科项目!$C$3:$O$485,13,FALSE) -> 1940
N36: 013304000030000 | O36: 人工晶状体植入费（常规） | S36: 单侧 | T36: =VLOOKUP(O36,眼科项目!$C$3:$O$485,11,FALSE) -> 1420 | U36: =VLOOKUP(O36,眼科项目!$C$3:$O$485,12,FALSE) -> 1280 | V36: =VLOOKUP(O36,眼科项目!$C$3:$O$485,13,FALSE) -> 1090
A37: 003304060180000-33040601801 | B37: 33040601801 | C37: 小儿球内异物取出术联合晶体玻璃体切除及人工晶体植入术（四联术） | F37: 次 | H37: 8970 | I37: 7540 | J37: 6915 | K37: 6225 | L37: 5290 | M37: 医保 | N37: 013304000610000 | O37: 球内异物取出费 | P37: 通过各种手术方式取出眼球内异物。 | Q37: 所定价格涵盖手术计划、术区准备、消毒、定位、切开、取出异物、缝合等步骤所需的人力资源和基本物质资源消耗。 | S37: 单侧 | T37: =VLOOKUP(O37,眼科项目!$C$3:$O$485,11,FALSE) -> 1150 | U37: =VLOOKUP(O37,眼科项目!$C$3:$O$485,12,FALSE) -> 1010 | V37: =VLOOKUP(O37,眼科项目!$C$3:$O$485,13,FALSE) -> 860 | W37: =T41+T42+(T37+T38+T39+T40+T43+T44)*0.5 -> 6130 | X37: =U41+U42+(U37+U38+U39+U40+U43+U44)*0.5 -> 5527.5 | Y37: =V41+V42+(V37+V38+V39+V40+V43+V44)*0.5 -> 4697.5
N38: 013304000610001 | O38: 球内异物取出费-儿童（加收） | S38: 单侧 | T38: =VLOOKUP(O38,眼科项目!$C$3:$O$485,11,FALSE) -> 345 | U38: =VLOOKUP(O38,眼科项目!$C$3:$O$485,12,FALSE) -> 305 | V38: =VLOOKUP(O38,眼科项目!$C$3:$O$485,13,FALSE) -> 260
N39: 013304000010000 | O39: 晶状体摘除费 | P39: 通过超声乳化、娩核、晶状体切除或粉碎等各种方式完成病变晶状体摘除。 | Q39: 所定价格涵盖手术计划、术区准备、切开、晶状体取出、缝合及必要时染色等步骤所需的人力资源和基本物质资源消耗。 | R39: 晶体囊截开术三甲医院按330元，三甲以下医院按297元收取。 | S39: 单侧 | T39: =VLOOKUP(O39,眼科项目!$C$3:$O$485,11,FALSE) -> 1800 | U39: =VLOOKUP(O39,眼科项目!$C$3:$O$485,12,FALSE) -> 1650 | V39: =VLOOKUP(O39,眼科项目!$C$3:$O$485,13,FALSE) -> 1400
N40: 013304000010001 | O40: 晶状体摘除费-儿童（加收） | S40: 单侧 | T40: =VLOOKUP(O40,眼科项目!$C$3:$O$485,11,FALSE) -> 540 | U40: =VLOOKUP(O40,眼科项目!$C$3:$O$485,12,FALSE) -> 495 | V40: =VLOOKUP(O40,眼科项目!$C$3:$O$485,13,FALSE) -> 420
N41: 013304000070000 | O41: 玻璃体切除费 | P41: 通过各种手术方式切除玻璃体。 | Q41: 所定价格涵盖手术计划、术区准备、切开、穿刺、灌注、切除、必要时缝合等步骤所需的人力资源和基本物质资源消耗。 | S41: 单侧 | T41: =VLOOKUP(O41,眼科项目!$C$3:$O$485,11,FALSE) -> 2530 | U41: =VLOOKUP(O41,眼科项目!$C$3:$O$485,12,FALSE) -> 2280 | V41: =VLOOKUP(O41,眼科项目!$C$3:$O$485,13,FALSE) -> 1940
N42: 013304000070001 | O42: 玻璃体切除费-儿童（加收） | S42: 单侧 | T42: =VLOOKUP(O42,眼科项目!$C$3:$O$485,11,FALSE) -> 760 | U42: =VLOOKUP(O42,眼科项目!$C$3:$O$485,12,FALSE) -> 685 | V42: =VLOOKUP(O42,眼科项目!$C$3:$O$485,13,FALSE) -> 580
N43: 013304000030000 | O43: 人工晶状体植入费（常规） | S43: 单侧 | T43: =VLOOKUP(O43,眼科项目!$C$3:$O$485,11,FALSE) -> 1420 | U43: =VLOOKUP(O43,眼科项目!$C$3:$O$485,12,FALSE) -> 1280 | V43: =VLOOKUP(O43,眼科项目!$C$3:$O$485,13,FALSE) -> 1090
N44: 013304000030001 | O44: 人工晶状体植入费（常规）-儿童（加收） | S44: 单侧 | T44: =VLOOKUP(O44,眼科项目!$C$3:$O$485,11,FALSE) -> 425 | U44: =VLOOKUP(O44,眼科项目!$C$3:$O$485,12,FALSE) -> 385 | V44: =VLOOKUP(O44,眼科项目!$C$3:$O$485,13,FALSE) -> 325
A45: 003304060080000-330406008 | B45: 330406008 | C45: 人工晶体置换术 | F45: 次 | H45: 2400 | I45: 2160 | J45: 2060 | K45: 1850 | L45: 1570 | M45: 医保 | N45: 013304000020000 | O45: 人工晶状体取出费 | P45: 通过手术方式取出人工晶状体。 | Q45: 所定价格涵盖手术计划、术区准备、切开、晶状体取出、缝合及必要时染色等步骤所需的人力资源和基本物质资源消耗。 | S45: 单侧 | T45: =VLOOKUP(O45,眼科项目!$C$3:$O$485,11,FALSE) -> 1180 | U45: =VLOOKUP(O45,眼科项目!$C$3:$O$485,12,FALSE) -> 1060 | V45: =VLOOKUP(O45,眼科项目!$C$3:$O$485,13,FALSE) -> 900 | W45: =T46+T45*0.5 -> 2010 | X45: =U46+U45*0.5 -> 1810 | Y45: =V46+V45*0.5 -> 1540
N46: 013304000030000 | O46: 人工晶状体植入费（常规） | P46: 通过手术方式完成人工晶状体植入。 | Q46: 所定价格涵盖手术计划、术区准备、切口制作、注入粘弹剂、植入、缝合等步骤所需的人力资源和基本物质资源消耗。 | R46: 同时行晶状体摘除术的可按晶状体摘除费、人工晶状体植入费（常规）分别收取。 | S46: 单侧 | T46: =VLOOKUP(O46,眼科项目!$C$3:$O$485,11,FALSE) -> 1420 | U46: =VLOOKUP(O46,眼科项目!$C$3:$O$485,12,FALSE) -> 1280 | V46: =VLOOKUP(O46,眼科项目!$C$3:$O$485,13,FALSE) -> 1090
A47: 003304060080000-33040600801 | B47: 33040600801 | C47: 小儿人工晶体置换术 | F47: 次 | H47: 3120 | I47: 2810 | J47: 2680 | K47: 2405 | L47: 2045 | M47: 医保 | N47: 013304000020000 | O47: 人工晶状体取出费 | P47: 通过手术方式取出人工晶状体。 | Q47: 所定价格涵盖手术计划、术区准备、切开、晶状体取出、缝合及必要时染色等步骤所需的人力资源和基本物质资源消耗。 | S47: 单侧 | T47: =VLOOKUP(O47,眼科项目!$C$3:$O$485,11,FALSE) -> 1180 | U47: =VLOOKUP(O47,眼科项目!$C$3:$O$485,12,FALSE) -> 1060 | V47: =VLOOKUP(O47,眼科项目!$C$3:$O$485,13,FALSE) -> 900 | W47: =T49+T50+(T47+T48)*0.5 -> 2612.5 | X47: =U49+U50+(U47+U48)*0.5 -> 2355 | Y47: =V49+V50+(V47+V48)*0.5 -> 2000
N48: 013304000020001 | O48: 人工晶状体取出费-儿童（加收） | S48: 单侧 | T48: =VLOOKUP(O48,眼科项目!$C$3:$O$485,11,FALSE) -> 355 | U48: =VLOOKUP(O48,眼科项目!$C$3:$O$485,12,FALSE) -> 320 | V48: =VLOOKUP(O48,眼科项目!$C$3:$O$485,13,FALSE) -> 270
N49: 013304000030000 | O49: 人工晶状体植入费（常规） | P49: 通过手术方式完成人工晶状体植入。 | Q49: 所定价格涵盖手术计划、术区准备、切口制作、注入粘弹剂、植入、缝合等步骤所需的人力资源和基本物质资源消耗。 | R49: 同时行晶状体摘除术的可按晶状体摘除费、人工晶状体植入费（常规）分别收取。 | S49: 单侧 | T49: =VLOOKUP(O49,眼科项目!$C$3:$O$485,11,FALSE) -> 1420 | U49: =VLOOKUP(O49,眼科项目!$C$3:$O$485,12,FALSE) -> 1280 | V49: =VLOOKUP(O49,眼科项目!$C$3:$O$485,13,FALSE) -> 1090
N50: 013304000030001 | O50: 人工晶状体植入费（常规）-儿童（加收） | S50: 单侧 | T50: =VLOOKUP(O50,眼科项目!$C$3:$O$485,11,FALSE) -> 425 | U50: =VLOOKUP(O50,眼科项目!$C$3:$O$485,12,FALSE) -> 385 | V50: =VLOOKUP(O50,眼科项目!$C$3:$O$485,13,FALSE) -> 325
A51: 003304060130000-330406013 | B51: 330406013 | C51: 白内障青光眼联合手术 | F51: 次 | H51: 2300 | I51: 2080 | J51: 2030 | K51: 1830 | L51: 1560 | M51: 医保 | N51: 013304000010000 | O51: 晶状体摘除费 | P51: 通过超声乳化、娩核、晶状体切除或粉碎等各种方式完成病变晶状体摘除。 | Q51: 所定价格涵盖手术计划、术区准备、切开、晶状体取出、缝合及必要时染色等步骤所需的人力资源和基本物质资源消耗。 | R51: 晶体囊截开术三甲医院按330元，三甲以下医院按297元收取。 | S51: 单侧 | T51: =VLOOKUP(O51,眼科项目!$C$3:$O$485,11,FALSE) -> 1800 | U51: =VLOOKUP(O51,眼科项目!$C$3:$O$485,12,FALSE) -> 1650 | V51: =VLOOKUP(O51,眼科项目!$C$3:$O$485,13,FALSE) -> 1400 | W51: =T51+T52*0.5 -> 2225 | X51: =U51+U52*0.5 -> 2050 | Y51: =V51+V52*0.5 -> 1750
N52: 013304000100000 | O52: 小梁切除费（常规） | P52: 通过去除小梁网或深层角巩膜组织，建立新的房水引流通道。 | Q52: 所定价格涵盖手术计划、术区准备、切开、分离、穿刺、注入、切除、固定等步骤所需的人力资源和基本物质资源消耗。 | R52: 不与“虹膜切除费”同时收取。 | S52: 单侧 | T52: =VLOOKUP(O52,眼科项目!$C$3:$O$485,11,FALSE) -> 850 | U52: =VLOOKUP(O52,眼科项目!$C$3:$O$485,12,FALSE) -> 800 | V52: =VLOOKUP(O52,眼科项目!$C$3:$O$485,13,FALSE) -> 700
A53: 003304060130000-33040601301 | B53: 33040601301 | C53: 小儿白内障青光眼联合手术 | F53: 次 | H53: 2990 | I53: 2705 | J53: 2640 | K53: 2380 | L53: 2025 | M53: 医保 | N53: 013304000010000 | O53: 晶状体摘除费 | P53: 通过超声乳化、娩核、晶状体切除或粉碎等各种方式完成病变晶状体摘除。 | Q53: 所定价格涵盖手术计划、术区准备、切开、晶状体取出、缝合及必要时染色等步骤所需的人力资源和基本物质资源消耗。 | R53: 晶体囊截开术三甲医院按330元，三甲以下医院按297元收取。 | S53: 单侧 | T53: =VLOOKUP(O53,眼科项目!$C$3:$O$485,11,FALSE) -> 1800 | U53: =VLOOKUP(O53,眼科项目!$C$3:$O$485,12,FALSE) -> 1650 | V53: =VLOOKUP(O53,眼科项目!$C$3:$O$485,13,FALSE) -> 1400 | W53: =T53+T54+(T55+T56)*0.5 -> 2892.5 | X53: =U53+U54+(U55+U56)*0.5 -> 2665 | Y53: =V53+V54+(V55+V56)*0.5 -> 2275
N54: 013304000010001 | O54: 晶状体摘除费-儿童（加收） | S54: 单侧 | T54: =VLOOKUP(O54,眼科项目!$C$3:$O$485,11,FALSE) -> 540 | U54: =VLOOKUP(O54,眼科项目!$C$3:$O$485,12,FALSE) -> 495 | V54: =VLOOKUP(O54,眼科项目!$C$3:$O$485,13,FALSE) -> 420
N55: 013304000100000 | O55: 小梁切除费（常规） | P55: 通过去除小梁网或深层角巩膜组织，建立新的房水引流通道。 | Q55: 所定价格涵盖手术计划、术区准备、切开、分离、穿刺、注入、切除、固定等步骤所需的人力资源和基本物质资源消耗。 | R55: 不与“虹膜切除费”同时收取。 | S55: 单侧 | T55: =VLOOKUP(O55,眼科项目!$C$3:$O$485,11,FALSE) -> 850 | U55: =VLOOKUP(O55,眼科项目!$C$3:$O$485,12,FALSE) -> 800 | V55: =VLOOKUP(O55,眼科项目!$C$3:$O$485,13,FALSE) -> 700
N56: 013304000100001 | O56: 小梁切除费（常规）-儿童（加收） | S56: 单侧 | T56: =VLOOKUP(O56,眼科项目!$C$3:$O$485,11,FALSE) -> 255 | U56: =VLOOKUP(O56,眼科项目!$C$3:$O$485,12,FALSE) -> 240 | V56: =VLOOKUP(O56,眼科项目!$C$3:$O$485,13,FALSE) -> 210
A57: 003304060140000-330406014 | B57: 330406014 | C57: 白内障摘除联合青光眼硅管植入术 | F57: 次 | H57: 2880 | I57: 2590 | J57: 2030 | K57: 1830 | L57: 1560 | M57: 医保 | N57: 013304000010000 | O57: 晶状体摘除费 | P57: 通过超声乳化、娩核、晶状体切除或粉碎等各种方式完成病变晶状体摘除。 | Q57: 所定价格涵盖手术计划、术区准备、切开、晶状体取出、缝合及必要时染色等步骤所需的人力资源和基本物质资源消耗。 | R57: 晶体囊截开术三甲医院按330元，三甲以下医院按297元收取。 | S57: 单侧 | T57: =VLOOKUP(O57,眼科项目!$C$3:$O$485,11,FALSE) -> 1800 | U57: =VLOOKUP(O57,眼科项目!$C$3:$O$485,12,FALSE) -> 1650 | V57: =VLOOKUP(O57,眼科项目!$C$3:$O$485,13,FALSE) -> 1400 | W57: =T57+T58*0.5 -> 2475 | X57: =U57+U58*0.5 -> 2260 | Y57: =V57+V58*0.5 -> 1920
N58: 013304000160000 | O58: 房水引流物植入费 | P58: 通过手术植入引流物，建立新的房水引流通道。 | Q58: 所定价格涵盖手术计划、术区准备、切开、注入粘弹剂、植入引流物、调整位置、缝合等步骤所需的人力资源和基本物质资源消耗。 | S58: 单侧 | T58: =VLOOKUP(O58,眼科项目!$C$3:$O$485,11,FALSE) -> 1350 | U58: =VLOOKUP(O58,眼科项目!$C$3:$O$485,12,FALSE) -> 1220 | V58: =VLOOKUP(O58,眼科项目!$C$3:$O$485,13,FALSE) -> 1040
A59: 003304060140000-33040601401 | B59: 33040601401 | C59: 小儿白内障摘除联合青光眼硅管植入术 | F59: 次 | H59: 3745 | I59: 3365 | J59: 2640 | K59: 2380 | L59: 2025 | M59: 医保 | N59: 013304000010000 | O59: 晶状体摘除费 | P59: 通过超声乳化、娩核、晶状体切除或粉碎等各种方式完成病变晶状体摘除。 | Q59: 所定价格涵盖手术计划、术区准备、切开、晶状体取出、缝合及必要时染色等步骤所需的人力资源和基本物质资源消耗。 | R59: 晶体囊截开术三甲医院按330元，三甲以下医院按297元收取。 | S59: 单侧 | T59: =VLOOKUP(O59,眼科项目!$C$3:$O$485,11,FALSE) -> 1800 | U59: =VLOOKUP(O59,眼科项目!$C$3:$O$485,12,FALSE) -> 1650 | V59: =VLOOKUP(O59,眼科项目!$C$3:$O$485,13,FALSE) -> 1400 | W59: =T59+T60+(T61+T62)*0.5 -> 3217.5 | X59: =U59+U60+(U61+U62)*0.5 -> 2937.5 | Y59: =V59+V60+(V61+V62)*0.5 -> 2495
N60: 013304000010001 | O60: 晶状体摘除费-儿童（加收） | S60: 单侧 | T60: =VLOOKUP(O60,眼科项目!$C$3:$O$485,11,FALSE) -> 540 | U60: =VLOOKUP(O60,眼科项目!$C$3:$O$485,12,FALSE) -> 495 | V60: =VLOOKUP(O60,眼科项目!$C$3:$O$485,13,FALSE) -> 420
N61: 013304000160000 | O61: 房水引流物植入费 | P61: 通过手术植入引流物，建立新的房水引流通道。 | Q61: 所定价格涵盖手术计划、术区准备、切开、注入粘弹剂、植入引流物、调整位置、缝合等步骤所需的人力资源和基本物质资源消耗。 | S61: 单侧 | T61: =VLOOKUP(O61,眼科项目!$C$3:$O$485,11,FALSE) -> 1350 | U61: =VLOOKUP(O61,眼科项目!$C$3:$O$485,12,FALSE) -> 1220 | V61: =VLOOKUP(O61,眼科项目!$C$3:$O$485,13,FALSE) -> 1040
N62: 013304000160001 | O62: 房水引流物植入费-儿童（加收） | S62: 单侧 | T62: =VLOOKUP(O62,眼科项目!$C$3:$O$485,11,FALSE) -> 405 | U62: =VLOOKUP(O62,眼科项目!$C$3:$O$485,12,FALSE) -> 365 | V62: =VLOOKUP(O62,眼科项目!$C$3:$O$485,13,FALSE) -> 310
A63: 003304050160000-330405016 | B63: 330405016 | C63: 小梁切开联合小梁切除术 | F63: 次 | H63: 1340 | I63: 1210 | J63: 1180 | K63: 1060 | L63: 900 | M63: 医保 | N63: 013304000100000 | O63: 小梁切除费（常规） | P63: 通过去除小梁网或深层角巩膜组织，建立新的房水引流通道。 | Q63: 所定价格涵盖手术计划、术区准备、切开、分离、穿刺、注入、切除、固定等步骤所需的人力资源和基本物质资源消耗。 | R63: 不与“虹膜切除费”同时收取。 | S63: 单侧 | T63: =VLOOKUP(O63,眼科项目!$C$3:$O$485,11,FALSE) -> 850 | U63: =VLOOKUP(O63,眼科项目!$C$3:$O$485,12,FALSE) -> 800 | V63: =VLOOKUP(O63,眼科项目!$C$3:$O$485,13,FALSE) -> 700 | W63: =T64+T63*0.5 -> 1435 | X63: =U64+U63*0.5 -> 1310 | Y63: =V64+V63*0.5 -> 1125
N64: 013304000120000 | O64: 小梁切开费 | P64: 通过切开房角或小梁网，建立新的房水引流通道。 | Q64: 所定价格涵盖手术计划、术区准备、切开、分离、穿刺、注入、固定等步骤所需的人力资源和基本物质资源消耗。 | S64: 单侧 | T64: =VLOOKUP(O64,眼科项目!$C$3:$O$485,11,FALSE) -> 1010 | U64: =VLOOKUP(O64,眼科项目!$C$3:$O$485,12,FALSE) -> 910 | V64: =VLOOKUP(O64,眼科项目!$C$3:$O$485,13,FALSE) -> 775
A65: 003304050160000-33040501601 | B65: 33040501601 | C65: 小儿小梁切开联合小梁切除术 | F65: 次 | H65: 1740 | I65: 1575 | J65: 1535 | K65: 1380 | L65: 1175 | M65: 医保 | N65: 013304000100000 | O65: 小梁切除费（常规） | P65: 通过去除小梁网或深层角巩膜组织，建立新的房水引流通道。 | Q65: 所定价格涵盖手术计划、术区准备、切开、分离、穿刺、注入、切除、固定等步骤所需的人力资源和基本物质资源消耗。 | R65: 不与“虹膜切除费”同时收取。 | S65: 单侧 | T65: =VLOOKUP(O65,眼科项目!$C$3:$O$485,11,FALSE) -> 850 | U65: =VLOOKUP(O65,眼科项目!$C$3:$O$485,12,FALSE) -> 800 | V65: =VLOOKUP(O65,眼科项目!$C$3:$O$485,13,FALSE) -> 700 | W65: =T67+T68+(T65+T66)*0.5 -> 1867.5 | X65: =U67+U68+(U65+U66)*0.5 -> 1705 | Y65: =V67+V68+(V65+V66)*0.5 -> 1460
N66: 013304000100001 | O66: 小梁切除费（常规）-儿童（加收） | S66: 单侧 | T66: =VLOOKUP(O66,眼科项目!$C$3:$O$485,11,FALSE) -> 255 | U66: =VLOOKUP(O66,眼科项目!$C$3:$O$485,12,FALSE) -> 240 | V66: =VLOOKUP(O66,眼科项目!$C$3:$O$485,13,FALSE) -> 210
N67: 013304000120000 | O67: 小梁切开费 | P67: 通过切开房角或小梁网，建立新的房水引流通道。 | Q67: 所定价格涵盖手术计划、术区准备、切开、分离、穿刺、注入、固定等步骤所需的人力资源和基本物质资源消耗。 | S67: 单侧 | T67: =VLOOKUP(O67,眼科项目!$C$3:$O$485,11,FALSE) -> 1010 | U67: =VLOOKUP(O67,眼科项目!$C$3:$O$485,12,FALSE) -> 910 | V67: =VLOOKUP(O67,眼科项目!$C$3:$O$485,13,FALSE) -> 775
N68: 013304000120001 | O68: 小梁切开费-儿童（加收） | S68: 单侧 | T68: =VLOOKUP(O68,眼科项目!$C$3:$O$485,11,FALSE) -> 305 | U68: =VLOOKUP(O68,眼科项目!$C$3:$O$485,12,FALSE) -> 275 | V68: =VLOOKUP(O68,眼科项目!$C$3:$O$485,13,FALSE) -> 230

Sheet Sheet1
A1: id | B1: code | C1: sever_type | D1: change_time | E1: old_hilist_code | F1: new_hilist_code | G1: hilist_name | H1: selfpay_prop | I1: old_price | J1: old_price_city | K1: old_price_town | L1: old_price_village | M1: new_price | N1: new_price_city | O1: new_price_town | P1: new_price_village | Q1: unit | R1: batch | S1: is_use_old | T1: merge_type | U1: cnt_change_model | V1: cnt_change_value | W1: ="insert into server_list_change_all_20250525 ("&_xlfn.TEXTJOIN(",",TRUE,A1:V1)&") values" -> insert into server_list_change_all_20250525 (id,code,sever_type,change_time,old_hilist_code,new_hilist_code,hilist_name,selfpay_prop,old_price,old_price_city,old_price_town,old_price_village,new_price,new_price_city,new_price_town,new_price_village,unit,batch,is_use_old,merge_type,cnt_change_model,cnt_change_value) values
A2: 2066 | B2: null | C2: 1 | D2: 2026-03-24 00:00:00 | E2: 003103000010000-310300001 | F2: 003103000010000-310300001 | G2: 普通视力检查 | H2: null | I2: null | J2: 1.1 | K2: 1 | L2: 0.9 | M2: null | N2: 1 | O2: 1 | P2: 1 | Q2: 次 | R2: 24 | S2: 1 | T2: normal | U2: main | V2: 0 | W2: ="("&A2&","&B2&","&C2&",'"&D2&"','"&E2&"','"&F2&"','"&G2&"',"&H2&","&I2&","&J2&","&K2&","&L2&","&M2&","&N2&","&O2&","&P2&",'"&Q2&"',"&R2&","&S2&",'"&T2&"','"&U2&"',"&V2&")," -> (2066,null,1,'2026-03-24 00:00:00','003103000010000-310300001','003103000010000-310300001','普通视力检查',null,null,1.1,1,0.9,null,1,1,1,'次',24,1,'normal','main',0),
A3: 2067 | B3: null | C3: 1 | D3: 2026-03-24 00:00:00 | E3: 003103000020000-310300002 | F3: 003103000020000-310300002 | G3: 特殊视力检查 | H3: null | I3: null | J3: 2.1 | K3: 2 | L3: 1.7 | M3: null | N3: 0 | O3: 0 | P3: 0 | Q3: 项 | R3: 24 | S3: 1 | T3: normal | U3: main | V3: 0 | W3: ="("&A3&","&B3&","&C3&",'"&D3&"','"&E3&"','"&F3&"','"&G3&"',"&H3&","&I3&","&J3&","&K3&","&L3&","&M3&","&N3&","&O3&","&P3&",'"&Q3&"',"&R3&","&S3&",'"&T3&"','"&U3&"',"&V3&")," -> (2067,null,1,'2026-03-24 00:00:00','003103000020000-310300002','003103000020000-310300002','特殊视力检查',null,null,2.1,2,1.7,null,0,0,0,'项',24,1,'normal','main',0),
A4: 2068 | B4: null | C4: 1 | D4: 2026-03-24 00:00:00 | E4: 003103000020100-31030000201 | F4: 003103000020100-31030000201 | G4: 特殊视力检查（儿童图形视力表） | H4: null | I4: null | J4: 2.1 | K4: 2 | L4: 1.7 | M4: null | N4: 0 | O4: 0 | P4: 0 | Q4: 项 | R4: 24 | S4: 1 | T4: normal | U4: main | V4: 0 | W4: ="("&A4&","&B4&","&C4&",'"&D4&"','"&E4&"','"&F4&"','"&G4&"',"&H4&","&I4&","&J4&","&K4&","&L4&","&M4&","&N4&","&O4&","&P4&",'"&Q4&"',"&R4&","&S4&",'"&T4&"','"&U4&"',"&V4&")," -> (2068,null,1,'2026-03-24 00:00:00','003103000020100-31030000201','003103000020100-31030000201','特殊视力检查（儿童图形视力表）',null,null,2.1,2,1.7,null,0,0,0,'项',24,1,'normal','main',0),
A5: 2069 | B5: null | C5: 1 | D5: 2026-03-24 00:00:00 | E5: 003103000020200-31030000202 | F5: 003103000020200-31030000202 | G5: 特殊视力检查（点视力表） | H5: null | I5: null | J5: 2.1 | K5: 2 | L5: 1.7 | M5: null | N5: 0 | O5: 0 | P5: 0 | Q5: 项 | R5: 24 | S5: 1 | T5: normal | U5: main | V5: 0 | W5: ="("&A5&","&B5&","&C5&",'"&D5&"','"&E5&"','"&F5&"','"&G5&"',"&H5&","&I5&","&J5&","&K5&","&L5&","&M5&","&N5&","&O5&","&P5&",'"&Q5&"',"&R5&","&S5&",'"&T5&"','"&U5&"',"&V5&")," -> (2069,null,1,'2026-03-24 00:00:00','003103000020200-31030000202','003103000020200-31030000202','特殊视力检查（点视力表）',null,null,2.1,2,1.7,null,0,0,0,'项',24,1,'normal','main',0),
A6: 2070 | B6: null | C6: 1 | D6: 2026-03-24 00:00:00 | E6: 003103000020300-31030000203 | F6: 003103000020300-31030000203 | G6: 特殊视力检查（条栅视力卡） | H6: null | I6: null | J6: 2.1 | K6: 2 | L6: 1.7 | M6: null | N6: 0 | O6: 0 | P6: 0 | Q6: 项 | R6: 24 | S6: 1 | T6: normal | U6: main | V6: 0 | W6: ="("&A6&","&B6&","&C6&",'"&D6&"','"&E6&"','"&F6&"','"&G6&"',"&H6&","&I6&","&J6&","&K6&","&L6&","&M6&","&N6&","&O6&","&P6&",'"&Q6&"',"&R6&","&S6&",'"&T6&"','"&U6&"',"&V6&")," -> (2070,null,1,'2026-03-24 00:00:00','003103000020300-31030000203','003103000020300-31030000203','特殊视力检查（条栅视力卡）',null,null,2.1,2,1.7,null,0,0,0,'项',24,1,'normal','main',0),
A7: 2071 | B7: null | C7: 1 | D7: 2026-03-24 00:00:00 | E7: 003103000020400-31030000204 | F7: 003103000020400-31030000204 | G7: 特殊视力检查（视动性眼震仪） | H7: null | I7: null | J7: 2.1 | K7: 2 | L7: 1.7 | M7: null | N7: 0 | O7: 0 | P7: 0 | Q7: 项 | R7: 24 | S7: 1 | T7: normal | U7: main | V7: 0 | W7: ="("&A7&","&B7&","&C7&",'"&D7&"','"&E7&"','"&F7&"','"&G7&"',"&H7&","&I7&","&J7&","&K7&","&L7&","&M7&","&N7&","&O7&","&P7&",'"&Q7&"',"&R7&","&S7&",'"&T7&"','"&U7&"',"&V7&")," -> (2071,null,1,'2026-03-24 00:00:00','003103000020400-31030000204','003103000020400-31030000204','特殊视力检查（视动性眼震仪）',null,null,2.1,2,1.7,null,0,0,0,'项',24,1,'normal','main',0),
A8: 2072 | B8: null | C8: 1 | D8: 2026-03-24 00:00:00 | E8: 003103000030000-310300003 | F8: 003103000030000-310300003 | G8: 选择性观看检查 | H8: null | I8: null | J8: 2.1 | K8: 2 | L8: 1.7 | M8: null | N8: 12 | O8: 11.5 | P8: 11 | Q8: 次 | R8: 24 | S8: 1 | T8: normal | U8: main | V8: 0 | W8: ="("&A8&","&B8&","&C8&",'"&D8&"','"&E8&"','"&F8&"','"&G8&"',"&H8&","&I8&","&J8&","&K8&","&L8&","&M8&","&N8&","&O8&","&P8&",'"&Q8&"',"&R8&","&S8&",'"&T8&"','"&U8&"',"&V8&")," -> (2072,null,1,'2026-03-24 00:00:00','003103000030000-310300003','003103000030000-310300003','选择性观看检查',null,null,2.1,2,1.7,null,12,11.5,11,'次',24,1,'normal','main',0),
A9: 2073 | B9: null | C9: 1 | D9: 2026-03-24 00:00:00 | E9: 003103000040000-310300004 | F9: 003103000040000-310300004 | G9: 视网膜视力检查 | H9: null | I9: null | J9: 5.3 | K9: 5 | L9: 4.3 | M9: null | N9: 12 | O9: 11.5 | P9: 11 | Q9: 次 | R9: 24 | S9: 1 | T9: normal | U9: main | V9: 0 | W9: ="("&A9&","&B9&","&C9&",'"&D9&"','"&E9&"','"&F9&"','"&G9&"',"&H9&","&I9&","&J9&","&K9&","&L9&","&M9&","&N9&","&O9&","&P9&",'"&Q9&"',"&R9&","&S9&",'"&T9&"','"&U9&"',"&V9&")," -> (2073,null,1,'2026-03-24 00:00:00','003103000040000-310300004','003103000040000-310300004','视网膜视力检查',null,null,5.3,5,4.3,null,12,11.5,11,'次',24,1,'normal','main',0),
A10: 2074 | B10: null | C10: 1 | D10: 2026-03-24 00:00:00 | E10: 003103000060000-310300006 | F10: 003103000060000-310300006 | G10: 阿姆斯勒（Amsler）表检查 | H10: null | I10: null | J10: 2.1 | K10: 2 | L10: 1.7 | M10: null | N10: 12 | O10: 11.5 | P10: 11 | Q10: 次（单眼） | R10: 24 | S10: 1 | T10: normal | U10: main | V10: 0 | W10: ="("&A10&","&B10&","&C10&",'"&D10&"','"&E10&"','"&F10&"','"&G10&"',"&H10&","&I10&","&J10&","&K10&","&L10&","&M10&","&N10&","&O10&","&P10&",'"&Q10&"',"&R10&","&S10&",'"&T10&"','"&U10&"',"&V10&")," -> (2074,null,1,'2026-03-24 00:00:00','003103000060000-310300006','003103000060000-310300006','阿姆斯勒（Amsler）表检查',null,null,2.1,2,1.7,null,12,11.5,11,'次（单眼）',24,1,'normal','main',0),
A11: 2075 | B11: null | C11: 1 | D11: 2026-03-24 00:00:00 | E11: 003103000210000-310300021 | F11: 003103000210000-310300021 | G11: 对比敏感度检查 | H11: null | I11: null | J11: 3.2 | K11: 3 | L11: 2.6 | M11: null | N11: 12 | O11: 11.5 | P11: 11 | Q11: 次 | R11: 24 | S11: 1 | T11: normal | U11: main | V11: 0 | W11: ="("&A11&","&B11&","&C11&",'"&D11&"','"&E11&"','"&F11&"','"&G11&"',"&H11&","&I11&","&J11&","&K11&","&L11&","&M11&","&N11&","&O11&","&P11&",'"&Q11&"',"&R11&","&S11&",'"&T11&"','"&U11&"',"&V11&")," -> (2075,null,1,'2026-03-24 00:00:00','003103000210000-310300021','003103000210000-310300021','对比敏感度检查',null,null,3.2,3,2.6,null,12,11.5,11,'次',24,1,'normal','main',0),
A12: 2076 | B12: null | C12: 1 | D12: 2026-03-24 00:00:00 | E12: 003103000210000-31030002101 | F12: 003103000210000-31030002101 | G12: 对比敏感度检查（使用微机处理） | H12: null | I12: null | J12: 15.8 | K12: 15 | L12: 12.8 | M12: null | N12: 12 | O12: 11.5 | P12: 11 | Q12: 次 | R12: 24 | S12: 1 | T12: normal | U12: main | V12: 0 | W12: ="("&A12&","&B12&","&C12&",'"&D12&"','"&E12&"','"&F12&"','"&G12&"',"&H12&","&I12&","&J12&","&K12&","&L12&","&M12&","&N12&","&O12&","&P12&",'"&Q12&"',"&R12&","&S12&",'"&T12&"','"&U12&"',"&V12&")," -> (2076,null,1,'2026-03-24 00:00:00','003103000210000-31030002101','003103000210000-31030002101','对比敏感度检查（使用微机处理）',null,null,15.8,15,12.8,null,12,11.5,11,'次',24,1,'normal','main',0),
A13: 2077 | B13: null | C13: 1 | D13: 2026-03-24 00:00:00 | E13: 003103000220000-310300022 | F13: 003103000220000-310300022 | G13: 暗适应测定 | H13: null | I13: null | J13: 15.8 | K13: 15 | L13: 12.8 | M13: null | N13: 0 | O13: 0 | P13: 0 | Q13: 次 | R13: 24 | S13: 1 | T13: normal | U13: main | V13: 0 | W13: ="("&A13&","&B13&","&C13&",'"&D13&"','"&E13&"','"&F13&"','"&G13&"',"&H13&","&I13&","&J13&","&K13&","&L13&","&M13&","&N13&","&O13&","&P13&",'"&Q13&"',"&R13&","&S13&",'"&T13&"','"&U13&"',"&V13&")," -> (2077,null,1,'2026-03-24 00:00:00','003103000220000-310300022','003103000220000-310300022','暗适应测定',null,null,15.8,15,12.8,null,0,0,0,'次',24,1,'normal','main',0),
... A404: 2468 | B404: null | C404: 1 | D404: 2026-03-24 00:00:00 | E404: 003304030080000-33040300801 | F404: 003304030080000-33040300801 | G404: 小儿球结膜放射状切开冲洗+减压术 | H404: null | I404: null | J404: 490 | K404: 470 | L404: 400 | M404: null | N404: 490 | O404: 440 | P404: 397 | Q404: 次 | R404: 24 | S404: 1 | T404: normal | U404: main | V404: 0 | W404: ="("&A404&","&B404&","&C404&",'"&D404&"','"&E404&"','"&F404&"','"&G404&"',"&H404&","&I404&","&J404&","&K404&","&L404&","&M404&","&N404&","&O404&","&P404&",'"&Q404&"',"&R404&","&S404&",'"&T404&"','"&U404&"',"&V404&")," -> (2468,null,1,'2026-03-24 00:00:00','003304030080000-33040300801','003304030080000-33040300801','小儿球结膜放射状切开冲洗+减压术',null,null,490,470,400,null,490,440,397,'次',24,1,'normal','main',0),
