Workbook

Sheet 映射表
A1: 呼吸系统类立项指南项目对应及拟定情况（征求意见稿）
A2: 呼吸系统类立项指南项目 | V2: 现行项目
A3: 序号 | B3: 项目代码 | C3: 项目名称 | D3: 归集口径 | E3: 服务产出 | F3: 价格构成 | G3: 计价单位 | H3: 计价说明 | I3: 省三甲价格 | J3: 省三甲以下价格 | K3: 平移价格 (市级) | L3: 平移价格 (县级) | M3: 平移价格 (基层) | N3: 拟定价格 (市级) | O3: 拟定价格 (县级) | P3: 拟定价格 (基层) | Q3: 医保 属性 | R3: 医保限定支付范围 | S3: 个人先行自付比例 | T3: 调整情况 | U3: 备注 | V3: 国家结算编码 | W3: 项目编码 | X3: 项目名称 | Y3: 项目内涵 | Z3: 除外内容 | AA3: 计价单位 | AB3: 说明 | AC3: 价格 (市级) | AD3: 价格 (县级) | AE3: 价格 (基层) | AF3: 医保属性
A4: 1 | B4: 012407000010000 | C4: 肺容积检查费 | D4: 检查费 | E4: 通过各种方式测量肺容纳的气体量。 | F4: 所定价格涵盖设备准备、仪器测定、撤除、处理用物、出具报告等步骤所需的人力资源和基本物质资源消耗。 | G4: 次 | I4: 50 | J4: 45 | K4: 57.5 | L4: 50 | M4: 42.5 | N4: 50 | O4: 45 | P4: 39 | Q4: 医保 | T4: 理顺，调低 | U4: 平移后按不超过省级拟定；同质化检查类项目持平省级 | V4: 003106010050000-310601005 | W4: 310601005 | X4: 残气容积测定 | Y4: 包括体描法，氦气平衡法，氮气稀释法，重复呼吸法 | AA4: 项 | AC4: 57.5 | AD4: 50 | AE4: 42.5 | AF4: 医保
A5: 2 | B5: 012407000020000 | C5: 肺通气功能检查费 | D5: 检查费 | E5: 通过各种方式测量肺与外界环境之间的气体交换情况。 | F5: 所定价格涵盖设备准备、仪器测定、撤除、处理用物、出具报告等步骤所需的人力资源和基本物质资源消耗。 | G5: 次 | H5: 支气管舒张试验按两次肺通气功能检查费收取。 | I5: 105 | J5: 95 | K5: 171.79046 | L5: 215.44649 | M5: 131.10052 | N5: 105 | O5: 95 | P5: 85 | Q5: 医保 | T5: 理顺，调低 | U5: 平移后按不超过省级拟定；同质化检查类项目持平省级 | V5: 003106010010000-310601001 | W5: 310601001 | X5: 肺通气功能检查 | Y5: 含潮气量、肺活量、每分通气量、补吸、呼气量、深吸气量、用力肺活量、一秒钟用力呼吸容积；不含最大通气量 | AA5: 次 | AB5: 最大通气量基层加收29.8元，县级医院加收35元，市级医院加收40.3元 | AC5: 74.8 | AD5: 65 | AE5: 55.3 | AF5: 医保
V6: 003106010010000-31060100101 | W6: 31060100101 | X6: 肺通气功能检查（最大通气量加收） | AA6: 次 | AB6: 最大通气量加收 | AC6: 40.3 | AD6: 35 | AE6: 29.8 | AF6: 医保 | AG6: 纳入价格构成
V7: 003106010080000-310601008 | W7: 310601008 | X7: 流速容量曲线（V—V曲线） | Y7: 含最大吸气和呼气流量曲线 | AA7: 项 | AC7: 34.5 | AD7: 30 | AE7: 25.5 | AF7: 医保
V8: 003106010090000-310601009 | W8: 310601009 | X8: 二氧化碳反应曲线 | AA8: 项 | AC8: 34.5 | AD8: 30 | AE8: 25.5 | AF8: 医保
C9: 肺通气功能检查费（支气管舒张试验） | I9: =I5*2 -> 210 | J9: =J5*2 -> 190 | K9: 115 | L9: 100 | M9: 85 | N9: 210 | O9: 190 | P9: 170 | U9: 支气管舒张试验按两次肺通气功能检查费收取。 | V9: 003106010120000-310601012 | W9: 310601012 | X9: 支气管舒张试验 | Y9: 含通气功能测定2次 | AA9: 项 | AC9: 115 | AD9: 100 | AE9: 85 | AF9: 医保
A10: 分项 | B10: 012407000020001 | C10: 肺通气功能检查费-儿童（加收） | D10: 检查费 | G10: 次 | I10: 32 | J10: 29 | N10: 32 | O10: 29 | P10: 26 | Q10: 医保 | U10: 儿童加收30%
A11: 分项 | B11: 012407000020011 | C11: 肺通气功能检查费-简易肺功能检查（减收） | D11: 检查费 | G11: 次 | I11: 65 | J11: 59 | K11: 59 | L11: 55 | M11: 51 | N11: 65 | O11: 59 | P11: 51 | Q11: 医保 | U11: 主项扣除原项目价格，得减收的平移价格，我市原项目价格倒挂省级，现减收后调整为不超过省级。 | V11: 003106020010000-310602001 | W11: 310602001 | X11: 床边简易肺功能测定（肺通气功能测定） | AA11: 次 | AB11: 即肺通气功能测定 | AC11: 46 | AD11: 40 | AE11: 34 | AF11: 医保
A12: 3 | B12: 012407000030000 | C12: 支气管激发试验检查费 | D12: 检查费 | E12: 通过各种刺激方式评估气道反应性。 | F12: 所定价格涵盖设备准备、仪器测定、撤除、处理用物、出具报告等步骤所需的人力资源和基本物质资源消耗。 | G12: 次 | I12: 100 | J12: 90 | K12: 115 | L12: 100 | M12: 85 | N12: 100 | O12: 90 | P12: 77 | Q12: 医保 | T12: 理顺，调低 | U12: 平移后按不超过省级拟定；同质化检查类项目持平省级 | V12: 003106010100000-310601010 | W12: 310601010 | X12: 支气管激发试验 | AA12: 项 | AC12: 115 | AD12: 100 | AE12: 85 | AF12: 医保
V13: 003106010110000-310601011 | W13: 310601011 | X13: 运动激发试验 | Y13: 含通气功能测定7次；不含心电监测 | AA13: 项 | AC13: 115 | AD13: 100 | AE13: 85 | AF13: 医保
A14: 4 | B14: 012407000040000 | C14: 肺弥散功能检查费 | D14: 检查费 | E14: 通过各种方式测量肺泡与肺毛细血管血液之间的气体交换情况。 | F14: 所定价格涵盖设备准备、仪器测定、撤除、处理用物、出具报告等步骤所需的人力资源和基本物质资源消耗。 | G14: 次 | I14: 60 | J14: 54 | K14: 69 | L14: 60 | M14: 51 | N14: 60 | O14: 54 | P14: 46 | Q14: 医保 | T14: 理顺，调低 | U14: 平移后按不超过省级拟定；同质化检查类项目持平省级 | V14: 003106010020000-310601002 | W14: 310601002 | X14: 肺弥散功能检查 | Y14: 包括一口气法，重复呼吸法 | AA14: 项 | AC14: 69 | AD14: 60 | AE14: 51 | AF14: 医保
A15: 5 | B15: 012407000050000 | C15: 呼吸阻力检查费 | D15: 检查费 | E15: 通过各种方式测量气道内单位流量所产生的压力差。 | F15: 所定价格涵盖设备准备、仪器测定、撤除、处理用物、出具报告等步骤所需的人力资源和基本物质资源消耗。 | G15: 次 | I15: 110 | J15: 99 | K15: 99.931637 | L15: 88.698049 | M15: 76.35989 | N15: 100 | O15: 90 | P15: 77 | Q15: 医保 | T15: 平移取整 | U15: 平移取整 | V15: 003106010040000-310601004 | W15: 310601004 | X15: 气道阻力测定 | Y15: 包括阻断法；不含残气容积测定 | AA15: 项 | AC15: 57.5 | AD15: 50 | AE15: 42.5 | AF15: 医保
V16: 003106010060000-310601006 | W16: 310601006 | X16: 强迫振荡肺功能检查 | AA16: 项 | AC16: 115 | AD16: 100 | AE16: 85 | AF16: 医保
V17: 003106010070000-310601007 | W17: 310601007 | X17: 第一秒平静吸气口腔闭合压测定 | AA17: 项 | AG17: 纳入价格构成
A18: 6 | B18: 012407000060000 | C18: 运动心肺功能检查费 | D18: 检查费 | E18: 通过在运动状态下监测心肺功能指标，判断心脏、肺脏和循环系统之间的相互作用与贮备能力。 | F18: 所定价格涵盖设备准备、仪器测定、撤除、处理用物、出具报告等步骤所需的人力资源和基本物质资源消耗。 | G18: 次 | I18: 160 | J18: 144 | K18: 184 | L18: 160 | M18: 136 | N18: 160 | O18: 144 | P18: 123 | Q18: 医保 | T18: 理顺，调低 | U18: 平移后按不超过省级拟定；同质化检查类项目持平省级 | V18: 003106010030000-310601003 | W18: 310601003 | X18: 运动心肺功能检查 | Y18: 不含心电监测 | AA18: 项 | AB18: 因病情变化未能完成本试验者，亦按本标准计价 | AC18: 184 | AD18: 160 | AE18: 136 | AF18: 医保
A19: 7 | B19: 012407000070000 | C19: 肺阻抗血流图检查费 | D19: 检查费 | E19: 通过测量肺部血流的物理性质和速度，检查肺部是否存在阻力增加。 | F19: 所定价格涵盖设备准备、仪器测定、撤除、处理用物、出具报告等步骤所需的人力资源和基本物质资源消耗。 | G19: 次 | I19: 12 | J19: 11 | K19: 11.5 | L19: 10 | M19: 8.5 | N19: 11.5 | O19: 10 | P19: 8.5 | Q19: 医保 | T19: 平移 | U19: 平移 | V19: 003106020020000-310602002 | W19: 310602002 | X19: 肺阻抗血流图 | AC19: 11.5 | AD19: 10 | AE19: 8.5
A20: 8 | B20: 012407000080000 | C20: 肺电阻抗成像检查费 | D20: 检查费 | E20: 通过检查呼吸周期中胸部电阻抗变化，检查肺部通气、血流等指标的变化。 | F20: 所定价格涵盖设备准备、仪器测定、撤除、处理用物、出具报告等步骤所需的人力资源和基本物质资源消耗。 | G20: 次 | I20: 160 | J20: 144 | N20: 150 | O20: 135 | P20: 115 | Q20: 非医保 | T20: 新增 | U20: 新增项目，同质化检查类项目暂按不超过省级95%拟定
A21: 9 | B21: 012407000090000 | C21: 呼吸肌功能检查费 | D21: 检查费 | E21: 通过测量气道压力和流量变化等指标评估患者呼吸肌力量。 | F21: 所定价格涵盖设备准备、仪器测定、撤除、处理用物、出具报告等步骤所需的人力资源和基本物质资源消耗。 | G21: 次 | I21: 60 | J21: 54 | K21: 69 | L21: 60 | M21: 51 | N21: 60 | O21: 54 | P21: 46 | Q21: 医保 | T21: 理顺，调低 | U21: 平移后按不超过省级拟定；同质化检查类项目持平省级 | V21: 003106020030000-310602003 | W21: 310602003 | X21: 呼吸肌功能测定 | Y21: 含最大吸气、呼气压、膈肌功能测定 | AA21: 次 | AC21: 69 | AD21: 60 | AE21: 51 | AF21: 医保
A22: 10 | B22: 012407000100000 | C22: 膈肌功能检查费 | D22: 检查费 | E22: 通过电活动或压力测定，评估患者膈肌功能。 | F22: 所定价格涵盖设备准备、仪器测定、撤除、处理用物、出具报告等步骤所需的人力资源和基本物质资源消耗。 | G22: 次 | I22: 60 | J22: 54 | K22: 69 | L22: 60 | M22: 51 | N22: 60 | O22: 54 | P22: 46 | Q22: 医保 | T22: 理顺，调低 | U22: 平移后按不超过省级拟定；同质化检查类项目持平省级 | V22: 003106020030000-310602003 | W22: 310602003 | X22: 呼吸肌功能测定 | Y22: 含最大吸气、呼气压、膈肌功能测定 | AA22: 次 | AC22: 69 | AD22: 60 | AE22: 51 | AF22: 医保
A23: 11 | B23: 012407000110000 | C23: 睡眠呼吸监测费 | D23: 检查费 | E23: 对睡眠状态下患者呼吸行为状、呼吸功能进行监测，同步观察患者必要的生命体征及电生理指标。 | F23: 所定价格涵盖设备准备、仪器测定、撤除、处理用物、出具报告等步骤所需的人力资源和基本物质资源消耗。 | G23: 次 | H23: 不得同时收取心电、脑电、肌电、眼动、呼吸监测和血氧饱和度测定费用。 | I23: 400 | J23: 360 | K23: 379.5 | L23: 356.5 | M23: 333.5 | N23: 380 | O23: 357 | P23: 335 | Q23: 医保 | T23: 平移取整 | U23: 计价单位由小时改为次，一次按11-12小时计算。 | V23: 003106040010000-310604001 | W23: 310604001 | X23: 睡眠呼吸监测 | Y23: 含心电、脑电、肌电、眼动、呼吸监测和血氧饱和度测定 | AA23: 小时 | AC23: 33 | AD23: 31 | AE23: 29 | AF23: 医保
A24: 分项 | B24: 012407000110001 | C24: 睡眠呼吸监测费-便携睡眠呼吸监测（减收） | G24: 次 | I24: 277 | J24: 249 | K24: 230.5 | L24: 227 | M24: 224.5 | N24: 250 | O24: 242 | P24: 186 | Q24: 医保 | U24: 主项扣除原项目价格，得出减收的平移价格，我市原项目价格倒挂省级，现减收后调整为不超过省级。 | V24: 003106020040000-310602004 | W24: 310602004 | X24: 动态呼吸监测（呼吸Holter） | AA24: 次 | AC24: 115 | AD24: 100 | AE24: 85 | AF24: 医保
V25: 003106040020000-310604002 | W25: 310604002 | X25: 睡眠呼吸监测过筛试验 | Y25: 含口鼻呼吸、胸腹呼吸、血氧饱和度测定 | AA25: 次 | AC25: 149.5 | AD25: 130 | AE25: 110.5
A26: 12 | B26: 012407000120000 | C26: 经皮氧分压/二氧化碳监测费 | D26: 检查费 | E26: 通过经皮测定方法，持续测定氧分压和/或二氧化碳。 | F26: 所定价格涵盖设备准备、仪器测定、撤除、处理用物等步骤所需的人力资源和基本物质资源消耗。 | G26: 小时 | H26: 超过3小时按3小时收费。 | I26: 15 | J26: 14 | N26: 14 | O26: 13 | P26: 12 | Q26: 医保 | T26: 新增 | U26: 按比价拟定，同质化检查类项目暂按不超过省级95%拟定 | Y26: 患者仰卧，连接氧分压测定仪于肢体不同部位，开启氧分压测定仪，分别检测肢体不同部位的氧分压，记录并报告。
A27: 13 | B27: 012407000130000 | C27: 支气管镜检查费（常规内镜） | D27: 检查费 | E27: 通过支气管镜观察和诊断支气管、气管、气管壁或肺部等部位的疾病。 | F27: 所定价格涵盖设备准备、体位摆放、入镜、观察、图像采集、撤镜、处理用物、出具报告等步骤所需的人力资源和基本物质资源消耗。 | G27: 次 | H27: 本项目中的“特殊光源”指：荧光、窄谱光源。 | I27: 250 | J27: 225 | K27: 239.43968 | L27: 215.61159 | M27: 192 | N27: 240 | O27: 216 | P27: 190 | Q27: 医保 | S27: 0.2 | T27: 平移取整 | U27: 平移取整 | V27: 003106050020000-310605002 | W27: 310605002 | X27: 纤维支气管镜检查 | Y27: 包括针吸活检、支气管刷片 | Z27: 特殊穿刺针 | AA27: 次 | AC27: 138 | AD27: 120 | AE27: 102 | AF27: 医保
V28: 003106050010000-310605001 | W28: 310605001 | X28: 硬质气管镜检查 | AA28: 次 | AC28: 115 | AD28: 100 | AE28: 85 | AF28: 医保
V29: 003106050000001-31060500002 | W29: 31060500002 | X29: 呼吸系统窥镜诊疗（使用电子支气管镜加收） | AA29: 次 | AB29: 使用电子支气管镜加收 | AC29: 138 | AD29: 120 | AE29: 102 | AF29: 医保 | AG29: 纳入价格构成
V30: 003106050000001-31060500001 | W30: 31060500001 | X30: 呼吸系统窥镜诊疗（使用电子纤维内镜加收） | AA30: 次 | AB30: 使用电子纤维内镜加收 | AC30: 115 | AD30: 100 | AE30: 85 | AF30: 医保 | AG30: 纳入价格构成
A31: 分项 | B31: 012407000130001 | C31: 支气管镜检查费（常规内镜）-特殊光源检查（加收） | D31: 检查费 | G31: 次 | H31: 本项目中的“特殊光源”指：荧光、窄谱光源。 | I31: 85 | J31: 77 | N31: 82 | O31: 74 | P31: 65 | Q31: 医保 | S31: 0.2 | U31: 新增加项，为主项的34%
A32: 14 | B32: 012407000140000 | C32: 支气管镜检查费（超声内镜） | D32: 检查费 | E32: 通过超声支气管镜观察和诊断支气管、气管、气管壁、气管腔外或肺部等部位的疾病。 | F32: 所定价格涵盖设备准备、体位摆放、入镜、观察、图像采集、撤镜、处理用物、出具报告等步骤所需的人力资源和基本物质资源消耗。 | G32: 次 | I32: 650 | J32: 585 | K32: 585 | L32: 527 | M32: 448 | N32: 585 | O32: 527 | P32: 448 | Q32: 医保 | S32: 0.2 | T32: 平移 | U32: 平移 | V32: 003106050020000-310605015 | W32: 310605015 | X32: 超声支气管镜检查 | Y32: 咽部麻醉、润滑，插入超声支气管镜，观察气道变化，将超声水囊充满，观察支气管壁及壁外结构，定位后进行经支气管淋巴结针吸活检。标本送细胞学和组织学等检查。不含病理学检查、活检。 | Z32: 穿刺针 | AA32: 次 | AC32: 585 | AD32: 527 | AE32: 448 | AF32: 医保
A33: 15 | B33: 012407000150000 | C33: 支气管镜检查费（共聚焦激光显微内镜） | D33: 检查费 | E33: 通过共聚焦激光显微支气管镜观察和诊断支气管、气管、气管壁或肺部等部位的疾病。 | F33: 所定价格涵盖设备准备、体位摆放、入镜、观察、图像采集、撤镜、处理用物、出具报告等步骤所需的人力资源和基本物质资源消耗。 | G33: 次 | I33: 695 | J33: 626 | N33: 630 | O33: 570 | P33: 485 | Q33: 非医保 | T33: 新增 | U33: 新增项目，按比价拟定
A34: 16 | B34: 012407000160000 | C34: 肺叶通气功能检查费 | D34: 检查费 | E34: 通过无创方式置入球囊导管，评估支气管通气情况。 | F34: 所定价格涵盖设备准备、体位摆放、导管置入、球囊充气、数据采集、设备撤除、处理用物人力资源、设备运转成本与基本物质资源消耗。 | G34: 次 | I34: 594 | J34: 535 | N34: 540 | O34: 490 | P34: 415 | Q34: 非医保 | T34: 新增 | U34: 新增项目，按比价拟定
A35: 17 | B35: 012407000170000 | C35: 纵隔镜探查费 | D35: 检查费 | E35: 通过纵隔镜观察和诊断纵隔、支气管、气管、胸腺、食管、淋巴结或肺部等部位的疾病。 | F35: 所定价格涵盖设备准备、体位摆放、切开、入镜、观察、撤镜、缝合、关闭、处理用物等手术步骤所需的人力资源和基本物质资源消耗。 | G35: 次 | I35: 550 | J35: 495 | K35: 575 | L35: 500 | M35: 425 | N35: 540 | O35: 490 | P35: 415 | Q35: 医保 | T35: 理顺，调低 | U35: 平移后按不超过省级拟定 | V35: 003106050140000-310605014 | W35: 310605014 | X35: 纵隔镜检查 | Y35: 含纵隔淋巴结活检 | AA35: 次 | AC35: 575 | AD35: 500 | AE35: 425 | AF35: 医保
A36: 18 | B36: 013106000010000 | C36: 体外膈肌起搏治疗费 | D36: 治疗费 | E36: 通过电刺激，诱导膈肌主动收缩。 | F36: 所定价格涵盖设备准备、连接电极、起搏治疗、撤除、处理用物等步骤所需的人力资源和基本物质资源消耗。 | G36: 次 | I36: 15 | J36: 15 | K36: 17.3 | L36: 15 | M36: 12.8 | N36: 15 | O36: 14 | P36: 13 | Q36: 医保 | T36: 理顺，调低 | U36: 平移后按不超过省级拟定 | V36: 003106030030000-310603003 | W36: 310603003 | X36: 体外膈肌起搏治疗 | AA36: 次 | AC36: 17.3 | AD36: 15 | AE36: 12.8 | AF36: 医保
A37: 19 | B37: 013106000020000 | C37: 一氧化氮吸入治疗费 | D37: 治疗费 | E37: 通过吸入一氧化氮进行治疗。 | F37: 所定价格涵盖设备准备、气体调节、吸入治疗、调节、监测、处理用物等步骤所需的人力资源、设备运转成本消耗与基本物质资源消耗。 | G37: 小时 | I37: 50 | J37: 50 | K37: 9 | L37: 9 | M37: 9 | N37: 45 | O37: 45 | P37: 41 | Q37: 医保 | T37: 提高 | U37: 省级通过区域间比价提高价格（我省价格过低），我市按比价提高，市县持平，基层拉开比价。 | V37: 353106040090000-12030000140 | W37: 12030000140 | X37: 一氧化氮吸入 | Y37: 机械通气的同时，连接一氧化氮装置，监测一氧化氮及二氧化氮浓度，根据患者病情调节浓度，观察使用效果。 | AA37: 小时 | AB37: 每日不超过90元 | AC37: 9 | AD37: 9 | AE37: 9 | AF37: 医保
A38: 20 | B38: 013106000030000 | C38: 雾化吸入治疗费 | D38: 治疗费 | E38: 通过各种方式吸入气雾或气溶胶颗粒进行治疗。 | F38: 所定价格涵盖设备准备、成分制备、连接、调节、吸入、观察、记录、处理用物等所需的人力资源和基本物质资源消耗。 | G38: 次 | H38: 多种药物确需分开雾化吸入的可分别计价收费。 | I38: 15 | J38: 15 | K38: 12.205279 | L38: 12.202812 | M38: 11.500005 | N38: 14 | O38: 13 | P38: 12 | Q38: 医保 | T38: 提高 | U38: 一次性雾化吸入器纳入价格构成，我市医疗机构采购均价约7.2元。叠加项目价格购平移。 省级通过区域间比价提高价格（我省价格过低），我市按比价提高，同质化项目缩小价差 | V38: 001207000010000-120700001 | W38: 120700001 | X38: 雾化吸入 | Y38: 包括超声、高压泵、氧化雾化、蒸气雾化吸入及机械通气经呼吸机管道雾化给药 | Z38: 药物、一次性雾化器 | AA38: 次 | AF38: 医保
V39: 001207000010100-12070000101 | W39: 12070000101 | X39: 超声雾化吸入 | AA39: 次 | AC39: 5 | AD39: 5 | AE39: 4.3 | AF39: 医保
V40: 001207000010200-12070000102 | W40: 12070000102 | X40: 高压泵雾化吸入 | AA40: 次 | AC40: 5 | AD40: 5 | AE40: 4.3 | AF40: 医保
V41: 001207000010300-12070000103 | W41: 12070000103 | X41: 氧化雾化 | AA41: 次 | AC41: 5 | AD41: 5 | AE41: 4.3 | AF41: 医保
V42: 001207000010400-12070000104 | W42: 12070000104 | X42: 蒸气雾化吸入 | AA42: 次 | AC42: 5 | AD42: 5 | AE42: 4.3 | AF42: 医保
V43: 001207000010500-12070000105 | W43: 12070000105 | X43: 机械通气经呼吸机管道雾化给药 | AA43: 次 | AC43: 5 | AD43: 5 | AE43: 4.3 | AF43: 医保
V44: 001207000010000-12070000106 | W44: 12070000106 | X44: 新生儿雾化吸入 | AA44: 次 | AC44: 6.5 | AD44: 6.5 | AE44: 5.6 | AF44: 医保
A45: 21 | B45: 013106000040000 | C45: 全肺灌洗治疗费 | D45: 治疗费 | E45: 通过对单侧肺部进行全肺灌洗，清除大面积肺泡中的异物、分泌物和其他沉积物，不含气管插管费、内镜检查费。 | F45: 所定价格涵盖患者评估准备、灌洗、观察监测、撤除、处理用物等步骤所需的人力资源、设备运转成本消耗与基本物质资源消耗。 | G45: 单侧 | I45: 1100 | J45: 990 | N45: 1000 | O45: 900 | P45: 765 | Q45: 医保 | S45: 0.2 | T45: 新增 | U45: 新增项目，按同比价拟定
A46: 22 | B46: 013106000050000 | C46: 支气管肺泡灌洗费 | D46: 治疗费 | E46: 通过无创方式清除特定肺段肺泡内异物、分泌物和其他沉积物或采集样本，不含内镜检查费。 | F46: 所定价格涵盖设备准备、镜下治疗、处理用物等步骤所需的人力资源、设备运转成本消耗与基本物质资源消耗。 | G46: 次 | H46: “次”指每个肺段。 | I46: 110 | J46: 99 | K46: 115 | L46: 100 | M46: 85 | N46: 105 | O46: 95 | P46: 81 | Q46: 医保 | T46: 理顺，调低 | U46: 平移后按不超过省级拟定 | V46: 003106050060000-310605006 | W46: 310605006 | X46: 经纤支镜肺泡灌洗诊疗术 | Y46: 含生理盐水 | AA46: 每个肺段 | AC46: 115 | AD46: 100 | AE46: 85 | AF46: 医保
A47: 23 | B47: 013106000060000 | C47: 支气管镜治疗费（常规） | D47: 治疗费 | E47: 通过支气管镜进行滴药、冲洗、吸痰等常规治疗，不含内镜检查费。 | F47: 所定价格涵盖设备准备、镜下治疗、处理用物等步骤所需的人力资源、设备运转成本消耗与基本物质资源消耗。 | G47: 次 | I47: 180 | J47: 162 | K47: 149.5 | L47: 130 | M47: 110.5 | N47: 165 | O47: 150 | P47: 130 | Q47: 医保 | T47: 提高 | U47: 平移后结合日常医院反馈提价意见，按比价关系提高 | V47: 003106050030000-310605003 | W47: 310605003 | X47: 经纤支镜治疗 | Y47: 含经纤支镜痰吸引和滴药、止血、化疗 | Z47: 药物 | AA47: 次 | AB47: 取异物加收100% | AC47: 149.5 | AD47: 130 | AE47: 110.5 | AF47: 医保
A48: 24 | B48: 013106000070000 | C48: 支气管镜治疗费（特殊） | D48: 治疗费 | E48: 通过支气管镜进行封堵、套圈、注药、球囊扩张，以及射频、微波、激光、凝固、冷冻、电凝、脉冲、光动力等各种特殊治疗，不含内镜检查费。 | F48: 所定价格涵盖设备准备、镜下治疗、处理用物等步骤所需的人力资源、设备运转成本消耗与基本物质资源消耗。 | G48: 次 | I48: 460 | J48: 414 | K48: 433.0229 | L48: 424.97908 | M48: 323.75 | N48: 435 | O48: 410 | P48: 350 | Q48: 医保 | T48: 理顺 | U48: 平移取整，县级按不超过省级调整，基层按比价调整 | V48: 003106050080000-310605008 | W48: 310605008 | X48: 经纤支镜特殊治疗 | Y48: 指微波治疗法。 | AA48: 次 | AB48: 激光法、高频电法、氩离子凝固法、冷冻法分别按照市级488元/次、县级435元/次、基层375元/次收取。 | AC48: 325 | AD48: 290 | AE48: 250 | AF48: 医保
V49: 003106050080000-31060500801 | W49: 31060500801 | X49: 经纤支镜特殊治疗（激光法） | AA49: 次 | AB49: 激光法 | AC49: 488 | AD49: 435 | AE49: 375 | AF49: 医保
V50: 003106050080000-31060500802 | W50: 31060500802 | X50: 经纤支镜特殊治疗（高频电法） | AA50: 次 | AB50: 高频电法 | AC50: 488 | AD50: 435 | AE50: 375 | AF50: 医保
V51: 003106050080000-31060500803 | W51: 31060500803 | X51: 经纤支镜特殊治疗（冷冻法） | AA51: 次 | AB51: 冷冻法 | AC51: 488 | AD51: 435 | AE51: 375 | AF51: 医保
V52: 003106050080000-31060500804 | W52: 31060500804 | X52: 经纤支镜特殊治疗（氩离子凝固法） | AA52: 次 | AB52: 氩离子凝固法 | AC52: 488 | AD52: 435 | AE52: 375 | AF52: 医保
V53: 003106060010100-31060600101 | W53: 31060600101 | X53: 经内镜胸部肿瘤特殊治疗（激光法） | AA53: 次 | AB53: 激光法 | AC53: 517.5 | AD53: 450 | AE53: 382.5 | AF53: 医保
V54: 003106060010200-31060600102 | W54: 31060600102 | X54: 经内镜胸部肿瘤特殊治疗（电凝法） | AA54: 次 | AB54: 电凝法 | AC54: 517.5 | AD54: 450 | AE54: 382.5 | AF54: 医保
V55: 003106060010000-310606001 | W55: 310606001 | X55: 经内镜胸部肿瘤特殊治疗 | Y55: 包括食管、气管、支气管、肺良性肿瘤或狭窄的治疗。指局部注药法 | Z55: 吻合器、生物蛋白胶 | AA55: 次 | AB55: 激光法、电凝法分别加收50% | AC55: 345 | AD55: 300 | AE55: 255 | AF55: 医保
V56: 003106050090000-310605009 | W56: 310605009 | X56: 经内镜气管扩张术 | Z56: 球囊、导管 | AA56: 次 | AC56: 230 | AD56: 200 | AE56: 170 | AF56: 医保
A57: 25 | B57: 013307000010000 | C57: 气道支架置入费 | D57: 手术费 | E57: 通过无创方式置入气道支架，不含内镜检查费。 | F57: 所定价格涵盖患者评估准备、导丝引导、支架置入、必要时球囊扩张、处理用物等步骤所需的人力资源、设备运转成本消耗与基本物质资源消耗。 | G57: 次 | I57: 780 | J57: 702 | K57: 545 | L57: 490 | M57: 420 | N57: 710 | O57: 640 | P57: 545 | Q57: 医保 | T57: 提高 | U57: 省级通过区域间比价提高价格（我省价格过低），我市按比价提高 | V57: 003106050100000-310605010 | W57: 310605010 | X57: 经纤支镜支架置入术 | Y57: 包括经纤支镜支架取出术 | Z57: 支架 | AA57: 次 | AC57: 545 | AD57: 490 | AE57: 420 | AF57: 医保
A58: 分项 | B58: 013307000010001 | C58: 气道支架置入费-儿童（加收） | D58: 手术费 | G58: 次 | I58: 234 | J58: 211 | N58: 215 | O58: 190 | P58: 165 | Q58: 医保 | U58: 儿童加收30%
A59: 26 | B59: 013307000020000 | C59: 气道支架取出费 | D59: 手术费 | E59: 通过无创方式取出气道支架，不含内镜检查费。 | F59: 所定价格涵盖患者评估准备、支架取出、处理用物等步骤所需的人力资源、设备运转成本消耗与基本物质资源消耗。 | G59: 次 | I59: 780 | J59: 702 | K59: 545 | L59: 490 | M59: 420 | N59: 710 | O59: 640 | P59: 545 | Q59: 医保 | T59: 提高 | U59: 省级通过区域间比价提高价格（我省价格过低），我市按比价提高 | V59: 003106050100000-31060501001 | W59: 31060501001 | X59: 经纤支镜支架取出术 | AA59: 次 | AC59: 545 | AD59: 490 | AE59: 420 | AF59: 医保
A60: 分项 | B60: 013307000020001 | C60: 气道支架取出费-儿童（加收） | D60: 手术费 | G60: 次 | I60: 234 | J60: 211 | N60: 215 | O60: 190 | P60: 165 | Q60: 医保 | U60: 儿童加收30%
A61: 27 | B61: 013307000030000 | C61: 无创气管食管瘘修补费 | D61: 手术费 | E61: 通过无创方式对气管和食管之间的异常连接进行修补，不含内镜检查费。 | F61: 所定价格涵盖设备准备、体位摆放、观察、气管食管瘘修补、撤镜、处理用物等步骤所需的人力资源、设备运转成本消耗与基本物质资源消耗。 | G61: 次 | H61: 经纤支镜支气管胸膜瘘堵塞术参照收费。 | I61: 1040 | J61: 936 | K61: 625 | L61: 600 | M61: 510 | N61: 950 | O61: 855 | P61: 725 | Q61: 医保 | T61: 提高 | U61: 省级通过区域间比价提高价格（我省价格过低），我市按比价提高 | V61: 003307030240000-330703024 | W61: 330703024 | X61: 经纤支镜支气管胸膜瘘堵塞术 | AA61: 次 | AC61: 625 | AD61: 600 | AE61: 510 | AF61: 医保
A62: 分项 | B62: 013307000030001 | C62: 无创气管食管瘘修补费-儿童（加收） | D62: 手术费 | G62: 次 | I62: 312 | J62: 281 | N62: 285 | O62: 255 | P62: 215 | Q62: 医保 | U62: 儿童加收30% | V62: 003307030240000-33070302401 | W62: 33070302401 | X62: 小儿经纤支镜支气管胸膜瘘堵塞术 | AA62: 次 | AC62: 815 | AD62: 780 | AE62: 665 | AF62: 医保
A63: 28 | B63: 013307000040000 | C63: 无创气管病变切除费 | D63: 手术费 | E63: 通过无创方式对气管病变切除，不含内镜检查费。 | F63: 所定价格涵盖设备准备、体位摆放、观察、肿物切除、撤镜、处理用物等步骤所需的人力资源、设备运转成本消耗与基本物质资源消耗。 | G63: 次 | I63: 1090 | J63: 981 | K63: 575 | L63: 500 | M63: 425 | N63: 1000 | O63: 900 | P63: 765 | Q63: 医保 | T63: 提高 | U63: 省级通过区域间比价提高价格（我省价格过低），我市按比价提高 | V63: 003106050120000-310605012 | W63: 310605012 | X63: 经内镜气管内肿瘤切除术 | AA63: 次 | AC63: 575 | AD63: 500 | AE63: 425 | AF63: 医保
A64: 分项 | B64: 013307000040001 | C64: 无创气管病变切除费-儿童（加收） | D64: 手术费 | G64: 次 | I64: 327 | J64: 294 | N64: 300 | O64: 270 | P64: 230 | Q64: 医保 | U64: 儿童加收30%
A65: 29 | B65: 013307000050000 | C65: 无创肺减容费 | D65: 手术费 | E65: 通过无创方式减少肺容积，包括但不限于置入活瓣、热蒸汽消融等方式，不含内镜检查费。 | F65: 所定价格涵盖设备准备、患者准备、镜下置入活瓣或热蒸汽消融、处理用物等步骤所需的人力资源、设备运转成本消耗与基本物质资源消耗。 | G65: 次 | I65: 1016 | J65: 914 | N65: 920 | O65: 830 | P65: 705 | Q65: 非医保 | T65: 新增 | U65: 新增项目，按同比价拟定
A66: 分项 | B66: 013307000050001 | C66: 无创肺减容费-儿童（加收） | D66: 手术费 | G66: 次 | I66: 305 | J66: 274 | N66: 275 | O66: 250 | P66: 210 | Q66: 非医保
A67: 30 | B67: 013307000060000 | C67: 无创气管异物取出费 | D67: 手术费 | E67: 通过无创方式取出气管异物，不含内镜检查费。 | F67: 所定价格涵盖设备准备、体位摆放、观察、异物取出、撤镜、处理用物等步骤所需的人力资源、设备运转成本消耗与基本物质资源消耗。 | G67: 次 | I67: 360 | J67: 324 | K67: 299 | L67: 260 | M67: 221 | N67: 330 | O67: 300 | P67: 260 | Q67: 医保 | T67: 理顺，提高 | U67: 平移后，按与“支气管镜治疗费（常规）”2倍的比价关系拟定 | V67: 003106050030000-310605003 | W67: 310605003 | X67: 经纤支镜治疗 | Y67: 含经纤支镜痰吸引和滴药、止血、化疗 | Z67: 药物 | AA67: 次 | AB67: 取异物加收100% | AC67: 149.5 | AD67: 130 | AE67: 110.5 | AF67: 医保
V68: 003106050030100-31060500301 | W68: 31060500301 | X68: 经纤支镜治疗（取异物加收） | AA68: 次 | AB68: 取异物加收 | AC68: 149.5 | AD68: 130 | AE68: 110.5 | AF68: 医保
A69: 分项 | B69: 013307000060001 | C69: 无创气管异物取出费-儿童（加收） | D69: 手术费 | G69: 次 | I69: 108 | J69: 97 | N69: 99 | O69: 90 | P69: 78 | Q69: 医保
A70: 31 | B70: 013307000070000 | C70: 气管成形费 | D70: 手术费 | E70: 通过手术切除部分气管，并行气管重建或修复。 | F70: 所定价格涵盖手术计划、术区准备、消毒、切除、重建、缝合、处理用物等步骤所需的人力资源和基本物质资源消耗。 | G70: 次 | I70: 5274 | J70: 4747 | K70: 3930 | L70: 3540 | M70: 3010 | N70: 4750 | O70: 4300 | P70: 3650 | Q70: 医保 | T70: 理顺，提高 | U70: 开展量少，平移后结合日常医院反馈提价意见（我市原价仅省级77%），按比价关系提高 | V70: 003307010420000-330701042 | W70: 330701042 | X70: 气管成形术 | Y70: 包括气管隆凸成形术 | AA70: 次 | AB70: 单纯人工气管移植术市级收1150元，县级收1040元，基层收885元 | AC70: 3930 | AD70: 3540 | AE70: 3010 | AF70: 医保
V71: 003307010390000-33070104202 | W71: 33070104202 | X71: 单纯人工气管移植术 | AA71: 次 | AC71: 1150 | AD71: 1040 | AE71: 885 | AF71: 医保 | AG71: 纳入价格构成
V72: 003307010390000-330701039 | W72: 330701039 | X72: 气管支气管损伤修补术 | AA72: 次 | AC72: 1625 | AD72: 1560 | AE72: 1326 | AF72: 医保 | AG72: 纳入价格构成
A73: 分项 | B73: 013307000070001 | C73: 气管成形费-儿童（加收） | D73: 手术费 | G73: 次 | I73: 1582 | J73: 1424 | N73: 1425 | O73: 1290 | P73: 1095 | Q73: 医保 | U73: 儿童加收30% | V73: 003307010420000-33070104201 | W73: 33070104201 | X73: 小儿气管成形术 | AA73: 次 | AC73: 5110 | AD73: 4600 | AE73: 3910 | AF73: 医保
V74: 003307010390000-33070104203 | W74: 33070104203 | X74: 小儿单纯人工气管移植术 | AA74: 次 | AC74: 1495 | AD74: 1350 | AE74: 1150 | AF74: 医保
V75: 003307010390000-33070103901 | W75: 33070103901 | X75: 小儿气管支气管损伤修补术 | AA75: 次 | AC75: 2115 | AD75: 2030 | AE75: 1725 | AF75: 医保
A76: 32 | B76: 013307000080000 | C76: 气管隆突成形费 | D76: 手术费 | E76: 通过手术切除部分气管隆突，并行气管隆突重建。 | F76: 所定价格涵盖手术计划、术区准备、消毒、切除、重建、缝合、处理用物等步骤所需的人力资源和基本物质资源消耗。 | G76: 次 | I76: 5274 | J76: 4747 | K76: 3930 | L76: 3540 | M76: 3010 | N76: 4750 | O76: 4300 | P76: 3650 | Q76: 医保 | T76: 理顺，提高 | U76: 同气管成形费持平定价 | V76: 003307010420000-330701042 | W76: 330701042 | X76: 气管成形术 | Y76: 包括气管隆凸成形术 | AA76: 次 | AB76: 单纯人工气管移植术市级收1150元，县级收1040元，基层收885元 | AC76: 3930 | AD76: 3540 | AE76: 3010 | AF76: 医保
V77: 003307010390000-33070104202 | W77: 33070104202 | X77: 单纯人工气管移植术 | AA77: 次 | AC77: 1150 | AD77: 1040 | AE77: 885 | AF77: 医保 | AG77: 纳入价格构成
V78: 003307010390000-330701039 | W78: 330701039 | X78: 气管支气管损伤修补术 | AA78: 次 | AC78: 1625 | AD78: 1560 | AE78: 1326 | AF78: 医保 | AG78: 纳入价格构成
A79: 分项 | B79: 013307000080001 | C79: 气管隆突成形费-儿童（加收） | D79: 手术费 | G79: 次 | I79: 1582 | J79: 1424 | N79: 1425 | O79: 1290 | P79: 1095 | Q79: 医保 | U79: 儿童加收30% | V79: 003307010420000-33070104201 | W79: 33070104201 | X79: 小儿气管成形术 | AA79: 次 | AC79: 5110 | AD79: 4600 | AE79: 3910 | AF79: 医保
V80: 003307010390000-33070104203 | W80: 33070104203 | X80: 小儿单纯人工气管移植术 | AA80: 次 | AC80: 1495 | AD80: 1350 | AE80: 1150 | AF80: 医保
V81: 003307010390000-33070103901 | W81: 33070103901 | X81: 小儿气管支气管损伤修补术 | AA81: 次 | AC81: 2115 | AD81: 2030 | AE81: 1725 | AF81: 医保
A82: 33 | B82: 013307000090000 | C82: 气管食管瘘修补费（常规） | D82: 手术费 | E82: 通过手术修补气管食管瘘口。 | F82: 所定价格涵盖手术计划、术区准备、消毒、修补、缝合、处理用物等步骤所需的人力资源和基本物质资源消耗。 | G82: 次 | I82: 3300 | J82: 2970 | N82: 2985 | O82: 2685 | P82: 2285 | Q82: 医保 | T82: 理顺 | U82: 与“气管食管瘘修补费（复杂）”形成比价拟定价格。
A83: 分项 | B83: 013307000090001 | C83: 气管食管瘘修补费（常规）-儿童（加收） | D83: 手术费 | G83: 次 | I83: 990 | J83: 891 | N83: 895 | O83: 805 | P83: 685 | Q83: 医保 | U83: 儿童加收30%
A84: 34 | B84: 013307000100000 | C84: 气管食管瘘修补费（复杂） | D84: 手术费 | E84: 通过手术修补复杂情况的气管食管瘘口。 | F84: 所定价格涵盖手术计划、术区准备、消毒、修补、缝合、处理用物等步骤所需的人力资源和基本物质资源消耗。 | G84: 次 | H84: 本项目中的“复杂”指：术中进行大网膜填充、皮瓣填充的情况。 | I84: 4300 | J84: 3870 | K84: 3880 | L84: 3490 | M84: 2970 | N84: 3880 | O84: 3490 | P84: 2970 | Q84: 医保 | T84: 平移 | U84: 平移 | V84: 003307010430000-330701043 | W84: 330701043 | X84: 颈段气管食管瘘修补术 | AA84: 次 | AC84: 3880 | AD84: 3490 | AE84: 2970 | AF84: 医保
A85: 分项 | B85: 013307000100001 | C85: 气管食管瘘修补费（复杂）-儿童（加收） | D85: 手术费 | G85: 次 | I85: 1290 | J85: 1161 | N85: 1165 | O85: 1047 | P85: 890 | Q85: 医保 | U85: 儿童加收30% | V85: 003307010430000-33070104301 | W85: 33070104301 | X85: 小儿颈段气管食管瘘修补术 | AA85: 次 | AC85: 5045 | AD85: 4535 | AE85: 3855 | AF85: 医保
A86: 35 | B86: 013307000110000 | C86: 气管病变切除费 | D86: 手术费 | E86: 通过手术切除气管病变。 | F86: 所定价格涵盖手术计划、术区准备、消毒、切开、切除、缝合、处理用物等步骤所需的人力资源和基本物质资源消耗。 | G86: 次 | I86: 2095 | J86: 1886 | N86: 1900 | O86: 1750 | P86: 1500 | Q86: 医保 | T86: 理顺 | U86: 无开展量，按比价关系拟定 | V86: 003307010410000-330701041 | W86: 330701041 | X86: 气管内肿瘤切除术 | Y86: 包括开胸气管部分切除成形，气管环状袖状切除再吻合术 | AA86: 次 | AB86: 激光市级医院加收290元，县级医院加收260元，基层加收220元 | AC86: 4220 | AD86: 3800 | AE86: 3230 | AF86: 医保
V87: 003307010410002-33070104101 | W87: 33070104101 | X87: 气管内肿瘤切除术（激光） | AA87: 次 | AB87: 激光 | AC87: 4510 | AD87: 4060 | AE87: 3450 | AF87: 医保
V88: 003307010440000-330701044 | W88: 330701044 | X88: 颈部囊状水瘤切除术 | AA88: 次 | AC88: 1000 | AD88: 960 | AE88: 816 | AF88: 医保
A89: 分项 | B89: 013307000110001 | C89: 气管病变切除费-儿童（加收） | D89: 手术费 | G89: 次 | I89: 629 | J89: 566 | N89: 570 | O89: 525 | P89: 450 | Q89: 医保 | U89: 儿童加收30% | V89: 003307010410000-33070104102 | W89: 33070104102 | X89: 小儿气管内肿瘤切除术 | AA89: 次 | AC89: 5485 | AD89: 4940 | AE89: 4200 | AF89: 医保
V90: 003307010410002-33070104103 | W90: 33070104103 | X90: 小儿气管内肿瘤切除术（激光） | AA90: 次 | AB90: 激光 | AC90: 5865 | AD90: 5280 | AE90: 4490 | AF90: 医保
V91: 003307010440000-33070104401 | W91: 33070104401 | X91: 小儿颈部囊状水瘤切除术 | AA91: 次 | AC91: 1300 | AD91: 1250 | AE91: 1065 | AF91: 医保
A92: 36 | B92: 013307000120000 | C92: 气管隆突病变切除费 | D92: 手术费 | E92: 通过手术切除气管隆凸病变。 | F92: 所定价格涵盖手术计划、术区准备、消毒、切开、切除、缝合、处理用物等步骤所需的人力资源和基本物质资源消耗。 | G92: 次 | I92: 2095 | J92: 1886 | N92: 1900 | O92: 1700 | P92: 1500 | Q92: 医保 | T92: 新增 | U92: 新增项目，按同比价拟定
A93: 分项 | B93: 013307000120001 | C93: 气管隆突病变切除费-儿童（加收） | D93: 手术费 | G93: 次 | I93: 629 | J93: 566 | N93: 570 | O93: 510 | P93: 450 | Q93: 医保
A94: 37 | B94: 013307000130000 | C94: 胸腔探查费 | D94: 手术费 | E94: 通过手术探查胸腔，含止血。 | F94: 所定价格涵盖手术计划、术区准备、消毒、切开、探查、缝合、处理用物，必要时止血等手术步骤的人力资源和基本物质资源消耗。 | G94: 次 | H94: 不与同部位其他手术同时收取。 | I94: 1800 | J94: 1620 | K94: 2058.5443 | L94: 2079.7561 | M94: 1836 | N94: 1750 | O94: 1620 | P94: 1450 | Q94: 医保 | T94: 理顺，调低 | U94: 平移后按不超过省级拟定 | V94: 003307030030000-330703003 | W94: 330703003 | X94: 开胸探查术 | AA94: 次 | AC94: 1520 | AD94: 1370 | AE94: 1160 | AF94: 医保
V95: 003307030030001-33070300302 | W95: 33070300302 | X95: 经胸腔镜开胸探查术 | AA95: 次 | AC95: 2145 | AD95: 1970 | AE95: 1670 | AF95: 医保
V96: 003307030040000-330703004 | W96: 330703004 | X96: 开胸止血术 | AA96: 次 | AC96: 1625 | AD96: 1560 | AE96: 1326 | AF96: 医保
V97: 003307030040001-33070300402 | W97: 33070300402 | X97: 经胸腔镜开胸止血术 | AA97: 次 | AC97: 2250 | AD97: 2160 | AE97: 1836 | AF97: 医保
A98: 分项 | B98: 013307000130001 | C98: 胸腔探查费-儿童（加收） | D98: 手术费 | G98: 次 | I98: 540 | J98: 486 | N98: 525 | O98: 485 | P98: 435 | Q98: 医保 | U98: 儿童加收30% | V98: 003307030030000-33070300301 | W98: 33070300301 | X98: 小儿开胸探查术 | AA98: 次 | AC98: 1975 | AD98: 1780 | AE98: 1515 | AF98: 医保
V99: 003307030030001-33070300303 | W99: 33070300303 | X99: 小儿经胸腔镜开胸探查术 | AA99: 次 | AC99: 2600 | AD99: 2380 | AE99: 2025 | AF99: 医保
V100: 003307030040000-33070300401 | W100: 33070300401 | X100: 小儿开胸止血术 | AA100: 次 | AC100: 2115 | AD100: 2030 | AE100: 1725 | AF100: 医保
...

Sheet 映射表 (2)
A1: 呼吸系统类立项指南项目对应及拟定情况（征求意见稿）
A2: 呼吸系统类立项指南项目 | V2: 现行项目
A3: 序号 | B3: 项目代码 | C3: 项目名称 | D3: 归集口径 | E3: 服务产出 | F3: 价格构成 | G3: 计价单位 | H3: 计价说明 | I3: 省三甲价格 | J3: 省三甲以下价格 | K3: 平移价格 (市级) | L3: 平移价格 (县级) | M3: 平移价格 (基层) | N3: 拟定价格 (市级) | O3: 拟定价格 (县级) | P3: 拟定价格 (基层) | Q3: 医保 属性 | R3: 医保限定支付范围 | S3: 个人先行自付比例 | T3: 调整情况 | U3: 备注 | V3: 国家结算编码 | W3: 项目编码 | X3: 项目名称 | Y3: 项目内涵 | Z3: 除外内容 | AA3: 计价单位 | AB3: 说明 | AC3: 价格 (市级) | AD3: 价格 (县级) | AE3: 价格 (基层)
A4: 1 | B4: 012407000010000 | C4: 肺容积检查费 | D4: 检查费 | E4: 通过各种方式测量肺容纳的气体量。 | F4: 所定价格涵盖设备准备、仪器测定、撤除、处理用物、出具报告等步骤所需的人力资源和基本物质资源消耗。 | G4: 次 | I4: 50 | J4: 45 | K4: 57.5 | L4: 50 | M4: 42.5 | N4: 50 | O4: 45 | P4: 39 | Q4: 医保 | T4: 理顺，调低 | U4: 平移后按不超过省级拟定；同质化检查类项目持平省级 | V4: 003106010050000-310601005 | W4: 310601005 | X4: 残气容积测定 | Y4: 包括体描法，氦气平衡法，氮气稀释法，重复呼吸法 | AA4: 项 | AC4: 57.5 | AD4: 50 | AE4: 42.5 | AF4: =IFERROR(FIND("-儿童（加收）",C4,1),0) -> 0 | AG4: =SUBSTITUTE(C4,"-儿童（加收）","") -> 肺容积检查费 | AH4: =IF(AF4>0,_xlfn.MAXIFS(N:N,C:C,SUBSTITUTE(C4,"-儿童（加收）","")),0)+N4 -> 50 | AI4: =IF(AF4>0,_xlfn.MAXIFS(O:O,C:C,SUBSTITUTE(C4,"-儿童（加收）","")),0)+O4 -> 45 | AJ4: =IF(AF4>0,_xlfn.MAXIFS(P:P,C:C,SUBSTITUTE(C4,"-儿童（加收）","")),0)+P4 -> 39
A5: 2 | B5: 012407000020000 | C5: 肺通气功能检查费 | D5: 检查费 | E5: 通过各种方式测量肺与外界环境之间的气体交换情况。 | F5: 所定价格涵盖设备准备、仪器测定、撤除、处理用物、出具报告等步骤所需的人力资源和基本物质资源消耗。 | G5: 次 | H5: 支气管舒张试验按两次肺通气功能检查费收取。 | I5: 105 | J5: 95 | K5: 171.79046 | L5: 215.44649 | M5: 131.10052 | N5: 105 | O5: 95 | P5: 85 | Q5: 医保 | T5: 理顺，调低 | U5: 平移后按不超过省级拟定；同质化检查类项目持平省级 | V5: 003106010010000-310601001 | W5: 310601001 | X5: 肺通气功能检查 | Y5: 含潮气量、肺活量、每分通气量、补吸、呼气量、深吸气量、用力肺活量、一秒钟用力呼吸容积；不含最大通气量 | AA5: 次 | AB5: 最大通气量基层加收29.8元，县级医院加收35元，市级医院加收40.3元 | AC5: 74.8 | AD5: 65 | AE5: 55.3 | AF5: =IFERROR(FIND("-儿童（加收）",C5,1),0) -> 0 | AG5: =SUBSTITUTE(C5,"-儿童（加收）","") -> 肺通气功能检查费 | AH5: =IF(AF5>0,_xlfn.MAXIFS(N:N,C:C,SUBSTITUTE(C5,"-儿童（加收）","")),0)+N5 -> 105 | AI5: =IF(AF5>0,_xlfn.MAXIFS(O:O,C:C,SUBSTITUTE(C5,"-儿童（加收）","")),0)+O5 -> 95 | AJ5: =IF(AF5>0,_xlfn.MAXIFS(P:P,C:C,SUBSTITUTE(C5,"-儿童（加收）","")),0)+P5 -> 85
C6: 肺通气功能检查费 | N6: 105 | O6: 95 | P6: 85 | V6: 003106010010000-31060100101 | W6: 31060100101 | X6: 肺通气功能检查（最大通气量加收） | AA6: 次 | AB6: 最大通气量加收 | AC6: 40.3 | AD6: 35 | AE6: 29.8 | AF6: =IFERROR(FIND("-儿童（加收）",C6,1),0) -> 0 | AG6: =SUBSTITUTE(C6,"-儿童（加收）","") -> 肺通气功能检查费 | AH6: =IF(AF6>0,_xlfn.MAXIFS(N:N,C:C,SUBSTITUTE(C6,"-儿童（加收）","")),0)+N6 -> 105 | AI6: =IF(AF6>0,_xlfn.MAXIFS(O:O,C:C,SUBSTITUTE(C6,"-儿童（加收）","")),0)+O6 -> 95 | AJ6: =IF(AF6>0,_xlfn.MAXIFS(P:P,C:C,SUBSTITUTE(C6,"-儿童（加收）","")),0)+P6 -> 85
C7: 肺通气功能检查费 | N7: 105 | O7: 95 | P7: 85 | V7: 003106010080000-310601008 | W7: 310601008 | X7: 流速容量曲线（V—V曲线） | Y7: 含最大吸气和呼气流量曲线 | AA7: 项 | AC7: 34.5 | AD7: 30 | AE7: 25.5 | AF7: =IFERROR(FIND("-儿童（加收）",C7,1),0) -> 0 | AG7: =SUBSTITUTE(C7,"-儿童（加收）","") -> 肺通气功能检查费 | AH7: =IF(AF7>0,_xlfn.MAXIFS(N:N,C:C,SUBSTITUTE(C7,"-儿童（加收）","")),0)+N7 -> 105 | AI7: =IF(AF7>0,_xlfn.MAXIFS(O:O,C:C,SUBSTITUTE(C7,"-儿童（加收）","")),0)+O7 -> 95 | AJ7: =IF(AF7>0,_xlfn.MAXIFS(P:P,C:C,SUBSTITUTE(C7,"-儿童（加收）","")),0)+P7 -> 85
C8: 肺通气功能检查费 | N8: 105 | O8: 95 | P8: 85 | V8: 003106010090000-310601009 | W8: 310601009 | X8: 二氧化碳反应曲线 | AA8: 项 | AC8: 34.5 | AD8: 30 | AE8: 25.5 | AF8: =IFERROR(FIND("-儿童（加收）",C8,1),0) -> 0 | AG8: =SUBSTITUTE(C8,"-儿童（加收）","") -> 肺通气功能检查费 | AH8: =IF(AF8>0,_xlfn.MAXIFS(N:N,C:C,SUBSTITUTE(C8,"-儿童（加收）","")),0)+N8 -> 105 | AI8: =IF(AF8>0,_xlfn.MAXIFS(O:O,C:C,SUBSTITUTE(C8,"-儿童（加收）","")),0)+O8 -> 95 | AJ8: =IF(AF8>0,_xlfn.MAXIFS(P:P,C:C,SUBSTITUTE(C8,"-儿童（加收）","")),0)+P8 -> 85
C9: 肺通气功能检查费（支气管舒张试验） | I9: =I5*2 -> 210 | J9: =J5*2 -> 190 | K9: 115 | L9: 100 | M9: 85 | N9: 210 | O9: 190 | P9: 170 | U9: 支气管舒张试验按两次肺通气功能检查费收取。 | V9: 003106010120000-310601012 | W9: 310601012 | X9: 支气管舒张试验 | Y9: 含通气功能测定2次 | AA9: 项 | AC9: 115 | AD9: 100 | AE9: 85 | AF9: =IFERROR(FIND("-儿童（加收）",C9,1),0) -> 0 | AG9: =SUBSTITUTE(C9,"-儿童（加收）","") -> 肺通气功能检查费（支气管舒张试验） | AH9: =IF(AF9>0,_xlfn.MAXIFS(N:N,C:C,SUBSTITUTE(C9,"-儿童（加收）","")),0)+N9 -> 210 | AI9: =IF(AF9>0,_xlfn.MAXIFS(O:O,C:C,SUBSTITUTE(C9,"-儿童（加收）","")),0)+O9 -> 190 | AJ9: =IF(AF9>0,_xlfn.MAXIFS(P:P,C:C,SUBSTITUTE(C9,"-儿童（加收）","")),0)+P9 -> 170
A10: 分项 | B10: 012407000020011 | C10: 肺通气功能检查费-简易肺功能检查（减收） | D10: 检查费 | G10: 次 | I10: 65 | J10: 59 | K10: 59 | L10: 55 | M10: 51 | N10: 65 | O10: 59 | P10: 51 | Q10: 医保 | U10: 主项扣除原项目价格，得减收的平移价格，我市原项目价格倒挂省级，现减收后调整为不超过省级。 | V10: 003106020010000-310602001 | W10: 310602001 | X10: 床边简易肺功能测定（肺通气功能测定） | AA10: 次 | AB10: 即肺通气功能测定 | AC10: 46 | AD10: 40 | AE10: 34 | AF10: =IFERROR(FIND("-儿童（加收）",C10,1),0) -> 0 | AG10: =SUBSTITUTE(C10,"-儿童（加收）","") -> 肺通气功能检查费-简易肺功能检查（减收） | AH10: =IF(AF10>0,_xlfn.MAXIFS(N:N,C:C,SUBSTITUTE(C10,"-儿童（加收）","")),0)+N10 -> 65 | AI10: =IF(AF10>0,_xlfn.MAXIFS(O:O,C:C,SUBSTITUTE(C10,"-儿童（加收）","")),0)+O10 -> 59 | AJ10: =IF(AF10>0,_xlfn.MAXIFS(P:P,C:C,SUBSTITUTE(C10,"-儿童（加收）","")),0)+P10 -> 51
A11: 3 | B11: 012407000030000 | C11: 支气管激发试验检查费 | D11: 检查费 | E11: 通过各种刺激方式评估气道反应性。 | F11: 所定价格涵盖设备准备、仪器测定、撤除、处理用物、出具报告等步骤所需的人力资源和基本物质资源消耗。 | G11: 次 | I11: 100 | J11: 90 | K11: 115 | L11: 100 | M11: 85 | N11: 100 | O11: 90 | P11: 77 | Q11: 医保 | T11: 理顺，调低 | U11: 平移后按不超过省级拟定；同质化检查类项目持平省级 | V11: 003106010100000-310601010 | W11: 310601010 | X11: 支气管激发试验 | AA11: 项 | AC11: 115 | AD11: 100 | AE11: 85 | AF11: =IFERROR(FIND("-儿童（加收）",C11,1),0) -> 0 | AG11: =SUBSTITUTE(C11,"-儿童（加收）","") -> 支气管激发试验检查费 | AH11: =IF(AF11>0,_xlfn.MAXIFS(N:N,C:C,SUBSTITUTE(C11,"-儿童（加收）","")),0)+N11 -> 100 | AI11: =IF(AF11>0,_xlfn.MAXIFS(O:O,C:C,SUBSTITUTE(C11,"-儿童（加收）","")),0)+O11 -> 90 | AJ11: =IF(AF11>0,_xlfn.MAXIFS(P:P,C:C,SUBSTITUTE(C11,"-儿童（加收）","")),0)+P11 -> 77
C12: 支气管激发试验检查费 | N12: 100 | O12: 90 | P12: 77 | V12: 003106010110000-310601011 | W12: 310601011 | X12: 运动激发试验 | Y12: 含通气功能测定7次；不含心电监测 | AA12: 项 | AC12: 115 | AD12: 100 | AE12: 85 | AF12: =IFERROR(FIND("-儿童（加收）",C12,1),0) -> 0 | AG12: =SUBSTITUTE(C12,"-儿童（加收）","") -> 支气管激发试验检查费 | AH12: =IF(AF12>0,_xlfn.MAXIFS(N:N,C:C,SUBSTITUTE(C12,"-儿童（加收）","")),0)+N12 -> 100 | AI12: =IF(AF12>0,_xlfn.MAXIFS(O:O,C:C,SUBSTITUTE(C12,"-儿童（加收）","")),0)+O12 -> 90 | AJ12: =IF(AF12>0,_xlfn.MAXIFS(P:P,C:C,SUBSTITUTE(C12,"-儿童（加收）","")),0)+P12 -> 77
A13: 4 | B13: 012407000040000 | C13: 肺弥散功能检查费 | D13: 检查费 | E13: 通过各种方式测量肺泡与肺毛细血管血液之间的气体交换情况。 | F13: 所定价格涵盖设备准备、仪器测定、撤除、处理用物、出具报告等步骤所需的人力资源和基本物质资源消耗。 | G13: 次 | I13: 60 | J13: 54 | K13: 69 | L13: 60 | M13: 51 | N13: 60 | O13: 54 | P13: 46 | Q13: 医保 | T13: 理顺，调低 | U13: 平移后按不超过省级拟定；同质化检查类项目持平省级 | V13: 003106010020000-310601002 | W13: 310601002 | X13: 肺弥散功能检查 | Y13: 包括一口气法，重复呼吸法 | AA13: 项 | AC13: 69 | AD13: 60 | AE13: 51 | AF13: =IFERROR(FIND("-儿童（加收）",C13,1),0) -> 0 | AG13: =SUBSTITUTE(C13,"-儿童（加收）","") -> 肺弥散功能检查费 | AH13: =IF(AF13>0,_xlfn.MAXIFS(N:N,C:C,SUBSTITUTE(C13,"-儿童（加收）","")),0)+N13 -> 60 | AI13: =IF(AF13>0,_xlfn.MAXIFS(O:O,C:C,SUBSTITUTE(C13,"-儿童（加收）","")),0)+O13 -> 54 | AJ13: =IF(AF13>0,_xlfn.MAXIFS(P:P,C:C,SUBSTITUTE(C13,"-儿童（加收）","")),0)+P13 -> 46
A14: 5 | B14: 012407000050000 | C14: 呼吸阻力检查费 | D14: 检查费 | E14: 通过各种方式测量气道内单位流量所产生的压力差。 | F14: 所定价格涵盖设备准备、仪器测定、撤除、处理用物、出具报告等步骤所需的人力资源和基本物质资源消耗。 | G14: 次 | I14: 110 | J14: 99 | K14: 99.931637 | L14: 88.698049 | M14: 76.35989 | N14: 100 | O14: 90 | P14: 77 | Q14: 医保 | T14: 平移取整 | U14: 平移取整 | V14: 003106010040000-310601004 | W14: 310601004 | X14: 气道阻力测定 | Y14: 包括阻断法；不含残气容积测定 | AA14: 项 | AC14: 57.5 | AD14: 50 | AE14: 42.5 | AF14: =IFERROR(FIND("-儿童（加收）",C14,1),0) -> 0 | AG14: =SUBSTITUTE(C14,"-儿童（加收）","") -> 呼吸阻力检查费 | AH14: =IF(AF14>0,_xlfn.MAXIFS(N:N,C:C,SUBSTITUTE(C14,"-儿童（加收）","")),0)+N14 -> 100 | AI14: =IF(AF14>0,_xlfn.MAXIFS(O:O,C:C,SUBSTITUTE(C14,"-儿童（加收）","")),0)+O14 -> 90 | AJ14: =IF(AF14>0,_xlfn.MAXIFS(P:P,C:C,SUBSTITUTE(C14,"-儿童（加收）","")),0)+P14 -> 77
C15: 呼吸阻力检查费 | N15: 100 | O15: 90 | P15: 77 | V15: 003106010060000-310601006 | W15: 310601006 | X15: 强迫振荡肺功能检查 | AA15: 项 | AC15: 115 | AD15: 100 | AE15: 85 | AF15: =IFERROR(FIND("-儿童（加收）",C15,1),0) -> 0 | AG15: =SUBSTITUTE(C15,"-儿童（加收）","") -> 呼吸阻力检查费 | AH15: =IF(AF15>0,_xlfn.MAXIFS(N:N,C:C,SUBSTITUTE(C15,"-儿童（加收）","")),0)+N15 -> 100 | AI15: =IF(AF15>0,_xlfn.MAXIFS(O:O,C:C,SUBSTITUTE(C15,"-儿童（加收）","")),0)+O15 -> 90 | AJ15: =IF(AF15>0,_xlfn.MAXIFS(P:P,C:C,SUBSTITUTE(C15,"-儿童（加收）","")),0)+P15 -> 77
C16: 呼吸阻力检查费 | N16: 100 | O16: 90 | P16: 77 | V16: 003106010070000-310601007 | W16: 310601007 | X16: 第一秒平静吸气口腔闭合压测定 | AA16: 项 | AF16: =IFERROR(FIND("-儿童（加收）",C16,1),0) -> 0 | AG16: =SUBSTITUTE(C16,"-儿童（加收）","") -> 呼吸阻力检查费 | AH16: =IF(AF16>0,_xlfn.MAXIFS(N:N,C:C,SUBSTITUTE(C16,"-儿童（加收）","")),0)+N16 -> 100 | AI16: =IF(AF16>0,_xlfn.MAXIFS(O:O,C:C,SUBSTITUTE(C16,"-儿童（加收）","")),0)+O16 -> 90 | AJ16: =IF(AF16>0,_xlfn.MAXIFS(P:P,C:C,SUBSTITUTE(C16,"-儿童（加收）","")),0)+P16 -> 77
A17: 6 | B17: 012407000060000 | C17: 运动心肺功能检查费 | D17: 检查费 | E17: 通过在运动状态下监测心肺功能指标，判断心脏、肺脏和循环系统之间的相互作用与贮备能力。 | F17: 所定价格涵盖设备准备、仪器测定、撤除、处理用物、出具报告等步骤所需的人力资源和基本物质资源消耗。 | G17: 次 | I17: 160 | J17: 144 | K17: 184 | L17: 160 | M17: 136 | N17: 160 | O17: 144 | P17: 123 | Q17: 医保 | T17: 理顺，调低 | U17: 平移后按不超过省级拟定；同质化检查类项目持平省级 | V17: 003106010030000-310601003 | W17: 310601003 | X17: 运动心肺功能检查 | Y17: 不含心电监测 | AA17: 项 | AB17: 因病情变化未能完成本试验者，亦按本标准计价 | AC17: 184 | AD17: 160 | AE17: 136 | AF17: =IFERROR(FIND("-儿童（加收）",C17,1),0) -> 0 | AG17: =SUBSTITUTE(C17,"-儿童（加收）","") -> 运动心肺功能检查费 | AH17: =IF(AF17>0,_xlfn.MAXIFS(N:N,C:C,SUBSTITUTE(C17,"-儿童（加收）","")),0)+N17 -> 160 | AI17: =IF(AF17>0,_xlfn.MAXIFS(O:O,C:C,SUBSTITUTE(C17,"-儿童（加收）","")),0)+O17 -> 144 | AJ17: =IF(AF17>0,_xlfn.MAXIFS(P:P,C:C,SUBSTITUTE(C17,"-儿童（加收）","")),0)+P17 -> 123
A18: 7 | B18: 012407000070000 | C18: 肺阻抗血流图检查费 | D18: 检查费 | E18: 通过测量肺部血流的物理性质和速度，检查肺部是否存在阻力增加。 | F18: 所定价格涵盖设备准备、仪器测定、撤除、处理用物、出具报告等步骤所需的人力资源和基本物质资源消耗。 | G18: 次 | I18: 12 | J18: 11 | K18: 11.5 | L18: 10 | M18: 8.5 | N18: 11.5 | O18: 10 | P18: 8.5 | Q18: 医保 | T18: 平移 | U18: 平移 | V18: 003106020020000-310602002 | W18: 310602002 | X18: 肺阻抗血流图 | AC18: 11.5 | AD18: 10 | AE18: 8.5 | AF18: =IFERROR(FIND("-儿童（加收）",C18,1),0) -> 0 | AG18: =SUBSTITUTE(C18,"-儿童（加收）","") -> 肺阻抗血流图检查费 | AH18: =IF(AF18>0,_xlfn.MAXIFS(N:N,C:C,SUBSTITUTE(C18,"-儿童（加收）","")),0)+N18 -> 11.5 | AI18: =IF(AF18>0,_xlfn.MAXIFS(O:O,C:C,SUBSTITUTE(C18,"-儿童（加收）","")),0)+O18 -> 10 | AJ18: =IF(AF18>0,_xlfn.MAXIFS(P:P,C:C,SUBSTITUTE(C18,"-儿童（加收）","")),0)+P18 -> 8.5
A19: 9 | B19: 012407000090000 | C19: 呼吸肌功能检查费 | D19: 检查费 | E19: 通过测量气道压力和流量变化等指标评估患者呼吸肌力量。 | F19: 所定价格涵盖设备准备、仪器测定、撤除、处理用物、出具报告等步骤所需的人力资源和基本物质资源消耗。 | G19: 次 | I19: 60 | J19: 54 | K19: 69 | L19: 60 | M19: 51 | N19: 60 | O19: 54 | P19: 46 | Q19: 医保 | T19: 理顺，调低 | U19: 平移后按不超过省级拟定；同质化检查类项目持平省级 | V19: 003106020030000-310602003 | W19: 310602003 | X19: 呼吸肌功能测定 | Y19: 含最大吸气、呼气压、膈肌功能测定 | AA19: 次 | AC19: 69 | AD19: 60 | AE19: 51 | AF19: =IFERROR(FIND("-儿童（加收）",C19,1),0) -> 0 | AG19: =SUBSTITUTE(C19,"-儿童（加收）","") -> 呼吸肌功能检查费 | AH19: =IF(AF19>0,_xlfn.MAXIFS(N:N,C:C,SUBSTITUTE(C19,"-儿童（加收）","")),0)+N19 -> 60 | AI19: =IF(AF19>0,_xlfn.MAXIFS(O:O,C:C,SUBSTITUTE(C19,"-儿童（加收）","")),0)+O19 -> 54 | AJ19: =IF(AF19>0,_xlfn.MAXIFS(P:P,C:C,SUBSTITUTE(C19,"-儿童（加收）","")),0)+P19 -> 46
A20: 10 | B20: 012407000100000 | C20: 膈肌功能检查费 | D20: 检查费 | E20: 通过电活动或压力测定，评估患者膈肌功能。 | F20: 所定价格涵盖设备准备、仪器测定、撤除、处理用物、出具报告等步骤所需的人力资源和基本物质资源消耗。 | G20: 次 | I20: 60 | J20: 54 | K20: 69 | L20: 60 | M20: 51 | N20: 60 | O20: 54 | P20: 46 | Q20: 医保 | T20: 理顺，调低 | U20: 平移后按不超过省级拟定；同质化检查类项目持平省级 | V20: 003106020030000-310602003 | W20: 310602003 | X20: 呼吸肌功能测定 | Y20: 含最大吸气、呼气压、膈肌功能测定 | AA20: 次 | AC20: 69 | AD20: 60 | AE20: 51 | AF20: =IFERROR(FIND("-儿童（加收）",C20,1),0) -> 0 | AG20: =SUBSTITUTE(C20,"-儿童（加收）","") -> 膈肌功能检查费 | AH20: =IF(AF20>0,_xlfn.MAXIFS(N:N,C:C,SUBSTITUTE(C20,"-儿童（加收）","")),0)+N20 -> 60 | AI20: =IF(AF20>0,_xlfn.MAXIFS(O:O,C:C,SUBSTITUTE(C20,"-儿童（加收）","")),0)+O20 -> 54 | AJ20: =IF(AF20>0,_xlfn.MAXIFS(P:P,C:C,SUBSTITUTE(C20,"-儿童（加收）","")),0)+P20 -> 46
A21: 11 | B21: 012407000110000 | C21: 睡眠呼吸监测费 | D21: 检查费 | E21: 对睡眠状态下患者呼吸行为状、呼吸功能进行监测，同步观察患者必要的生命体征及电生理指标。 | F21: 所定价格涵盖设备准备、仪器测定、撤除、处理用物、出具报告等步骤所需的人力资源和基本物质资源消耗。 | G21: 次 | H21: 不得同时收取心电、脑电、肌电、眼动、呼吸监测和血氧饱和度测定费用。 | I21: 400 | J21: 360 | K21: 379.5 | L21: 356.5 | M21: 333.5 | N21: 380 | O21: 357 | P21: 335 | Q21: 医保 | T21: 平移取整 | U21: 计价单位由小时改为次，一次按11-12小时计算。 | V21: 003106040010000-310604001 | W21: 310604001 | X21: 睡眠呼吸监测 | Y21: 含心电、脑电、肌电、眼动、呼吸监测和血氧饱和度测定 | AA21: 小时 | AC21: 33 | AD21: 31 | AE21: 29 | AF21: =IFERROR(FIND("-儿童（加收）",C21,1),0) -> 0 | AG21: =SUBSTITUTE(C21,"-儿童（加收）","") -> 睡眠呼吸监测费 | AH21: =IF(AF21>0,_xlfn.MAXIFS(N:N,C:C,SUBSTITUTE(C21,"-儿童（加收）","")),0)+N21 -> 380 | AI21: =IF(AF21>0,_xlfn.MAXIFS(O:O,C:C,SUBSTITUTE(C21,"-儿童（加收）","")),0)+O21 -> 357 | AJ21: =IF(AF21>0,_xlfn.MAXIFS(P:P,C:C,SUBSTITUTE(C21,"-儿童（加收）","")),0)+P21 -> 335
A22: 分项 | B22: 012407000110001 | C22: 睡眠呼吸监测费-便携睡眠呼吸监测（减收） | G22: 次 | I22: 277 | J22: 249 | K22: 230.5 | L22: 227 | M22: 224.5 | N22: 250 | O22: 242 | P22: 186 | Q22: 医保 | U22: 主项扣除原项目价格，得出减收的平移价格，我市原项目价格倒挂省级，现减收后调整为不超过省级。 | V22: 003106020040000-310602004 | W22: 310602004 | X22: 动态呼吸监测（呼吸Holter） | AA22: 次 | AC22: 115 | AD22: 100 | AE22: 85 | AF22: =IFERROR(FIND("-儿童（加收）",C22,1),0) -> 0 | AG22: =SUBSTITUTE(C22,"-儿童（加收）","") -> 睡眠呼吸监测费-便携睡眠呼吸监测（减收） | AH22: =IF(AF22>0,_xlfn.MAXIFS(N:N,C:C,SUBSTITUTE(C22,"-儿童（加收）","")),0)+N22 -> 250 | AI22: =IF(AF22>0,_xlfn.MAXIFS(O:O,C:C,SUBSTITUTE(C22,"-儿童（加收）","")),0)+O22 -> 242 | AJ22: =IF(AF22>0,_xlfn.MAXIFS(P:P,C:C,SUBSTITUTE(C22,"-儿童（加收）","")),0)+P22 -> 186
C23: 睡眠呼吸监测费-便携睡眠呼吸监测（减收） | N23: 250 | O23: 242 | P23: 186 | V23: 003106040020000-310604002 | W23: 310604002 | X23: 睡眠呼吸监测过筛试验 | Y23: 含口鼻呼吸、胸腹呼吸、血氧饱和度测定 | AA23: 次 | AC23: 149.5 | AD23: 130 | AE23: 110.5 | AF23: =IFERROR(FIND("-儿童（加收）",C23,1),0) -> 0 | AG23: =SUBSTITUTE(C23,"-儿童（加收）","") -> 睡眠呼吸监测费-便携睡眠呼吸监测（减收） | AH23: =IF(AF23>0,_xlfn.MAXIFS(N:N,C:C,SUBSTITUTE(C23,"-儿童（加收）","")),0)+N23 -> 250 | AI23: =IF(AF23>0,_xlfn.MAXIFS(O:O,C:C,SUBSTITUTE(C23,"-儿童（加收）","")),0)+O23 -> 242 | AJ23: =IF(AF23>0,_xlfn.MAXIFS(P:P,C:C,SUBSTITUTE(C23,"-儿童（加收）","")),0)+P23 -> 186
A24: 13 | B24: 012407000130000 | C24: 支气管镜检查费（常规内镜） | D24: 检查费 | E24: 通过支气管镜观察和诊断支气管、气管、气管壁或肺部等部位的疾病。 | F24: 所定价格涵盖设备准备、体位摆放、入镜、观察、图像采集、撤镜、处理用物、出具报告等步骤所需的人力资源和基本物质资源消耗。 | G24: 次 | H24: 本项目中的“特殊光源”指：荧光、窄谱光源。 | I24: 250 | J24: 225 | K24: 239.43968 | L24: 215.61159 | M24: 192 | N24: 240 | O24: 216 | P24: 190 | Q24: 医保 | S24: 0.2 | T24: 平移取整 | U24: 平移取整 | V24: 003106050020000-310605002 | W24: 310605002 | X24: 纤维支气管镜检查 | Y24: 包括针吸活检、支气管刷片 | Z24: 特殊穿刺针 | AA24: 次 | AC24: 138 | AD24: 120 | AE24: 102 | AF24: =IFERROR(FIND("-儿童（加收）",C24,1),0) -> 0 | AG24: =SUBSTITUTE(C24,"-儿童（加收）","") -> 支气管镜检查费（常规内镜） | AH24: =IF(AF24>0,_xlfn.MAXIFS(N:N,C:C,SUBSTITUTE(C24,"-儿童（加收）","")),0)+N24 -> 240 | AI24: =IF(AF24>0,_xlfn.MAXIFS(O:O,C:C,SUBSTITUTE(C24,"-儿童（加收）","")),0)+O24 -> 216 | AJ24: =IF(AF24>0,_xlfn.MAXIFS(P:P,C:C,SUBSTITUTE(C24,"-儿童（加收）","")),0)+P24 -> 190
C25: 支气管镜检查费（常规内镜） | N25: 240 | O25: 216 | P25: 190 | V25: 003106050010000-310605001 | W25: 310605001 | X25: 硬质气管镜检查 | AA25: 次 | AC25: 115 | AD25: 100 | AE25: 85 | AF25: =IFERROR(FIND("-儿童（加收）",C25,1),0) -> 0 | AG25: =SUBSTITUTE(C25,"-儿童（加收）","") -> 支气管镜检查费（常规内镜） | AH25: =IF(AF25>0,_xlfn.MAXIFS(N:N,C:C,SUBSTITUTE(C25,"-儿童（加收）","")),0)+N25 -> 240 | AI25: =IF(AF25>0,_xlfn.MAXIFS(O:O,C:C,SUBSTITUTE(C25,"-儿童（加收）","")),0)+O25 -> 216 | AJ25: =IF(AF25>0,_xlfn.MAXIFS(P:P,C:C,SUBSTITUTE(C25,"-儿童（加收）","")),0)+P25 -> 190
C26: 支气管镜检查费（常规内镜） | N26: 240 | O26: 216 | P26: 190 | V26: 003106050000001-31060500002 | W26: 31060500002 | X26: 呼吸系统窥镜诊疗（使用电子支气管镜加收） | AA26: 次 | AB26: 使用电子支气管镜加收 | AC26: 138 | AD26: 120 | AE26: 102 | AF26: =IFERROR(FIND("-儿童（加收）",C26,1),0) -> 0 | AG26: =SUBSTITUTE(C26,"-儿童（加收）","") -> 支气管镜检查费（常规内镜） | AH26: =IF(AF26>0,_xlfn.MAXIFS(N:N,C:C,SUBSTITUTE(C26,"-儿童（加收）","")),0)+N26 -> 240 | AI26: =IF(AF26>0,_xlfn.MAXIFS(O:O,C:C,SUBSTITUTE(C26,"-儿童（加收）","")),0)+O26 -> 216 | AJ26: =IF(AF26>0,_xlfn.MAXIFS(P:P,C:C,SUBSTITUTE(C26,"-儿童（加收）","")),0)+P26 -> 190
C27: 支气管镜检查费（常规内镜） | N27: 240 | O27: 216 | P27: 190 | V27: 003106050000001-31060500001 | W27: 31060500001 | X27: 呼吸系统窥镜诊疗（使用电子纤维内镜加收） | AA27: 次 | AB27: 使用电子纤维内镜加收 | AC27: 115 | AD27: 100 | AE27: 85 | AF27: =IFERROR(FIND("-儿童（加收）",C27,1),0) -> 0 | AG27: =SUBSTITUTE(C27,"-儿童（加收）","") -> 支气管镜检查费（常规内镜） | AH27: =IF(AF27>0,_xlfn.MAXIFS(N:N,C:C,SUBSTITUTE(C27,"-儿童（加收）","")),0)+N27 -> 240 | AI27: =IF(AF27>0,_xlfn.MAXIFS(O:O,C:C,SUBSTITUTE(C27,"-儿童（加收）","")),0)+O27 -> 216 | AJ27: =IF(AF27>0,_xlfn.MAXIFS(P:P,C:C,SUBSTITUTE(C27,"-儿童（加收）","")),0)+P27 -> 190
A28: 14 | B28: 012407000140000 | C28: 支气管镜检查费（超声内镜） | D28: 检查费 | E28: 通过超声支气管镜观察和诊断支气管、气管、气管壁、气管腔外或肺部等部位的疾病。 | F28: 所定价格涵盖设备准备、体位摆放、入镜、观察、图像采集、撤镜、处理用物、出具报告等步骤所需的人力资源和基本物质资源消耗。 | G28: 次 | I28: 650 | J28: 585 | K28: 585 | L28: 527 | M28: 448 | N28: 585 | O28: 527 | P28: 448 | Q28: 医保 | S28: 0.2 | T28: 平移 | U28: 平移 | V28: 003106050020000-310605015 | W28: 310605015 | X28: 超声支气管镜检查 | Y28: 咽部麻醉、润滑，插入超声支气管镜，观察气道变化，将超声水囊充满，观察支气管壁及壁外结构，定位后进行经支气管淋巴结针吸活检。标本送细胞学和组织学等检查。不含病理学检查、活检。 | Z28: 穿刺针 | AA28: 次 | AC28: 585 | AD28: 527 | AE28: 448 | AF28: =IFERROR(FIND("-儿童（加收）",C28,1),0) -> 0 | AG28: =SUBSTITUTE(C28,"-儿童（加收）","") -> 支气管镜检查费（超声内镜） | AH28: =IF(AF28>0,_xlfn.MAXIFS(N:N,C:C,SUBSTITUTE(C28,"-儿童（加收）","")),0)+N28 -> 585 | AI28: =IF(AF28>0,_xlfn.MAXIFS(O:O,C:C,SUBSTITUTE(C28,"-儿童（加收）","")),0)+O28 -> 527 | AJ28: =IF(AF28>0,_xlfn.MAXIFS(P:P,C:C,SUBSTITUTE(C28,"-儿童（加收）","")),0)+P28 -> 448
A29: 17 | B29: 012407000170000 | C29: 纵隔镜探查费 | D29: 检查费 | E29: 通过纵隔镜观察和诊断纵隔、支气管、气管、胸腺、食管、淋巴结或肺部等部位的疾病。 | F29: 所定价格涵盖设备准备、体位摆放、切开、入镜、观察、撤镜、缝合、关闭、处理用物等手术步骤所需的人力资源和基本物质资源消耗。 | G29: 次 | I29: 550 | J29: 495 | K29: 575 | L29: 500 | M29: 425 | N29: 540 | O29: 490 | P29: 415 | Q29: 医保 | T29: 理顺，调低 | U29: 平移后按不超过省级拟定 | V29: 003106050140000-310605014 | W29: 310605014 | X29: 纵隔镜检查 | Y29: 含纵隔淋巴结活检 | AA29: 次 | AC29: 575 | AD29: 500 | AE29: 425 | AF29: =IFERROR(FIND("-儿童（加收）",C29,1),0) -> 0 | AG29: =SUBSTITUTE(C29,"-儿童（加收）","") -> 纵隔镜探查费 | AH29: =IF(AF29>0,_xlfn.MAXIFS(N:N,C:C,SUBSTITUTE(C29,"-儿童（加收）","")),0)+N29 -> 540 | AI29: =IF(AF29>0,_xlfn.MAXIFS(O:O,C:C,SUBSTITUTE(C29,"-儿童（加收）","")),0)+O29 -> 490 | AJ29: =IF(AF29>0,_xlfn.MAXIFS(P:P,C:C,SUBSTITUTE(C29,"-儿童（加收）","")),0)+P29 -> 415
A30: 18 | B30: 013106000010000 | C30: 体外膈肌起搏治疗费 | D30: 治疗费 | E30: 通过电刺激，诱导膈肌主动收缩。 | F30: 所定价格涵盖设备准备、连接电极、起搏治疗、撤除、处理用物等步骤所需的人力资源和基本物质资源消耗。 | G30: 次 | I30: 15 | J30: 15 | K30: 17.3 | L30: 15 | M30: 12.8 | N30: 15 | O30: 14 | P30: 13 | Q30: 医保 | T30: 理顺，调低 | U30: 平移后按不超过省级拟定 | V30: 003106030030000-310603003 | W30: 310603003 | X30: 体外膈肌起搏治疗 | AA30: 次 | AC30: 17.3 | AD30: 15 | AE30: 12.8 | AF30: =IFERROR(FIND("-儿童（加收）",C30,1),0) -> 0 | AG30: =SUBSTITUTE(C30,"-儿童（加收）","") -> 体外膈肌起搏治疗费 | AH30: =IF(AF30>0,_xlfn.MAXIFS(N:N,C:C,SUBSTITUTE(C30,"-儿童（加收）","")),0)+N30 -> 15 | AI30: =IF(AF30>0,_xlfn.MAXIFS(O:O,C:C,SUBSTITUTE(C30,"-儿童（加收）","")),0)+O30 -> 14 | AJ30: =IF(AF30>0,_xlfn.MAXIFS(P:P,C:C,SUBSTITUTE(C30,"-儿童（加收）","")),0)+P30 -> 13
A31: 19 | B31: 013106000020000 | C31: 一氧化氮吸入治疗费 | D31: 治疗费 | E31: 通过吸入一氧化氮进行治疗。 | F31: 所定价格涵盖设备准备、气体调节、吸入治疗、调节、监测、处理用物等步骤所需的人力资源、设备运转成本消耗与基本物质资源消耗。 | G31: 小时 | I31: 50 | J31: 50 | K31: 9 | L31: 9 | M31: 9 | N31: 45 | O31: 45 | P31: 41 | Q31: 医保 | T31: 提高 | U31: 省级通过区域间比价提高价格（我省价格过低），我市按比价提高，市县持平，基层拉开比价。 | V31: 353106040090000-12030000140 | W31: 12030000140 | X31: 一氧化氮吸入 | Y31: 机械通气的同时，连接一氧化氮装置，监测一氧化氮及二氧化氮浓度，根据患者病情调节浓度，观察使用效果。 | AA31: 小时 | AB31: 每日不超过90元 | AC31: 9 | AD31: 9 | AE31: 9 | AF31: =IFERROR(FIND("-儿童（加收）",C31,1),0) -> 0 | AG31: =SUBSTITUTE(C31,"-儿童（加收）","") -> 一氧化氮吸入治疗费 | AH31: =IF(AF31>0,_xlfn.MAXIFS(N:N,C:C,SUBSTITUTE(C31,"-儿童（加收）","")),0)+N31 -> 45 | AI31: =IF(AF31>0,_xlfn.MAXIFS(O:O,C:C,SUBSTITUTE(C31,"-儿童（加收）","")),0)+O31 -> 45 | AJ31: =IF(AF31>0,_xlfn.MAXIFS(P:P,C:C,SUBSTITUTE(C31,"-儿童（加收）","")),0)+P31 -> 41
A32: 20 | B32: 013106000030000 | C32: 雾化吸入治疗费 | D32: 治疗费 | E32: 通过各种方式吸入气雾或气溶胶颗粒进行治疗。 | F32: 所定价格涵盖设备准备、成分制备、连接、调节、吸入、观察、记录、处理用物等所需的人力资源和基本物质资源消耗。 | G32: 次 | H32: 多种药物确需分开雾化吸入的可分别计价收费。 | I32: 15 | J32: 15 | K32: 12.205279 | L32: 12.202812 | M32: 11.500005 | N32: 14 | O32: 13 | P32: 12 | Q32: 医保 | T32: 提高 | U32: 一次性雾化吸入器纳入价格构成，我市医疗机构采购均价约7.2元。叠加项目价格购平移。 省级通过区域间比价提高价格（我省价格过低），我市按比价提高，同质化项目缩小价差 | V32: 001207000010000-120700001 | W32: 120700001 | X32: 雾化吸入 | Y32: 包括超声、高压泵、氧化雾化、蒸气雾化吸入及机械通气经呼吸机管道雾化给药 | Z32: 药物、一次性雾化器 | AA32: 次 | AF32: =IFERROR(FIND("-儿童（加收）",C32,1),0) -> 0 | AG32: =SUBSTITUTE(C32,"-儿童（加收）","") -> 雾化吸入治疗费 | AH32: =IF(AF32>0,_xlfn.MAXIFS(N:N,C:C,SUBSTITUTE(C32,"-儿童（加收）","")),0)+N32 -> 14 | AI32: =IF(AF32>0,_xlfn.MAXIFS(O:O,C:C,SUBSTITUTE(C32,"-儿童（加收）","")),0)+O32 -> 13 | AJ32: =IF(AF32>0,_xlfn.MAXIFS(P:P,C:C,SUBSTITUTE(C32,"-儿童（加收）","")),0)+P32 -> 12
C33: 雾化吸入治疗费 | N33: 14 | O33: 13 | P33: 12 | V33: 001207000010100-12070000101 | W33: 12070000101 | X33: 超声雾化吸入 | AA33: 次 | AC33: 5 | AD33: 5 | AE33: 4.3 | AF33: =IFERROR(FIND("-儿童（加收）",C33,1),0) -> 0 | AG33: =SUBSTITUTE(C33,"-儿童（加收）","") -> 雾化吸入治疗费 | AH33: =IF(AF33>0,_xlfn.MAXIFS(N:N,C:C,SUBSTITUTE(C33,"-儿童（加收）","")),0)+N33 -> 14 | AI33: =IF(AF33>0,_xlfn.MAXIFS(O:O,C:C,SUBSTITUTE(C33,"-儿童（加收）","")),0)+O33 -> 13 | AJ33: =IF(AF33>0,_xlfn.MAXIFS(P:P,C:C,SUBSTITUTE(C33,"-儿童（加收）","")),0)+P33 -> 12
C34: 雾化吸入治疗费 | N34: 14 | O34: 13 | P34: 12 | V34: 001207000010200-12070000102 | W34: 12070000102 | X34: 高压泵雾化吸入 | AA34: 次 | AC34: 5 | AD34: 5 | AE34: 4.3 | AF34: =IFERROR(FIND("-儿童（加收）",C34,1),0) -> 0 | AG34: =SUBSTITUTE(C34,"-儿童（加收）","") -> 雾化吸入治疗费 | AH34: =IF(AF34>0,_xlfn.MAXIFS(N:N,C:C,SUBSTITUTE(C34,"-儿童（加收）","")),0)+N34 -> 14 | AI34: =IF(AF34>0,_xlfn.MAXIFS(O:O,C:C,SUBSTITUTE(C34,"-儿童（加收）","")),0)+O34 -> 13 | AJ34: =IF(AF34>0,_xlfn.MAXIFS(P:P,C:C,SUBSTITUTE(C34,"-儿童（加收）","")),0)+P34 -> 12
C35: 雾化吸入治疗费 | N35: 14 | O35: 13 | P35: 12 | V35: 001207000010300-12070000103 | W35: 12070000103 | X35: 氧化雾化 | AA35: 次 | AC35: 5 | AD35: 5 | AE35: 4.3 | AF35: =IFERROR(FIND("-儿童（加收）",C35,1),0) -> 0 | AG35: =SUBSTITUTE(C35,"-儿童（加收）","") -> 雾化吸入治疗费 | AH35: =IF(AF35>0,_xlfn.MAXIFS(N:N,C:C,SUBSTITUTE(C35,"-儿童（加收）","")),0)+N35 -> 14 | AI35: =IF(AF35>0,_xlfn.MAXIFS(O:O,C:C,SUBSTITUTE(C35,"-儿童（加收）","")),0)+O35 -> 13 | AJ35: =IF(AF35>0,_xlfn.MAXIFS(P:P,C:C,SUBSTITUTE(C35,"-儿童（加收）","")),0)+P35 -> 12
C36: 雾化吸入治疗费 | N36: 14 | O36: 13 | P36: 12 | V36: 001207000010400-12070000104 | W36: 12070000104 | X36: 蒸气雾化吸入 | AA36: 次 | AC36: 5 | AD36: 5 | AE36: 4.3 | AF36: =IFERROR(FIND("-儿童（加收）",C36,1),0) -> 0 | AG36: =SUBSTITUTE(C36,"-儿童（加收）","") -> 雾化吸入治疗费 | AH36: =IF(AF36>0,_xlfn.MAXIFS(N:N,C:C,SUBSTITUTE(C36,"-儿童（加收）","")),0)+N36 -> 14 | AI36: =IF(AF36>0,_xlfn.MAXIFS(O:O,C:C,SUBSTITUTE(C36,"-儿童（加收）","")),0)+O36 -> 13 | AJ36: =IF(AF36>0,_xlfn.MAXIFS(P:P,C:C,SUBSTITUTE(C36,"-儿童（加收）","")),0)+P36 -> 12
C37: 雾化吸入治疗费 | N37: 14 | O37: 13 | P37: 12 | V37: 001207000010500-12070000105 | W37: 12070000105 | X37: 机械通气经呼吸机管道雾化给药 | AA37: 次 | AC37: 5 | AD37: 5 | AE37: 4.3 | AF37: =IFERROR(FIND("-儿童（加收）",C37,1),0) -> 0 | AG37: =SUBSTITUTE(C37,"-儿童（加收）","") -> 雾化吸入治疗费 | AH37: =IF(AF37>0,_xlfn.MAXIFS(N:N,C:C,SUBSTITUTE(C37,"-儿童（加收）","")),0)+N37 -> 14 | AI37: =IF(AF37>0,_xlfn.MAXIFS(O:O,C:C,SUBSTITUTE(C37,"-儿童（加收）","")),0)+O37 -> 13 | AJ37: =IF(AF37>0,_xlfn.MAXIFS(P:P,C:C,SUBSTITUTE(C37,"-儿童（加收）","")),0)+P37 -> 12
C38: 雾化吸入治疗费 | N38: 14 | O38: 13 | P38: 12 | V38: 001207000010000-12070000106 | W38: 12070000106 | X38: 新生儿雾化吸入 | AA38: 次 | AC38: 6.5 | AD38: 6.5 | AE38: 5.6 | AF38: =IFERROR(FIND("-儿童（加收）",C38,1),0) -> 0 | AG38: =SUBSTITUTE(C38,"-儿童（加收）","") -> 雾化吸入治疗费 | AH38: =IF(AF38>0,_xlfn.MAXIFS(N:N,C:C,SUBSTITUTE(C38,"-儿童（加收）","")),0)+N38 -> 14 | AI38: =IF(AF38>0,_xlfn.MAXIFS(O:O,C:C,SUBSTITUTE(C38,"-儿童（加收）","")),0)+O38 -> 13 | AJ38: =IF(AF38>0,_xlfn.MAXIFS(P:P,C:C,SUBSTITUTE(C38,"-儿童（加收）","")),0)+P38 -> 12
A39: 22 | B39: 013106000050000 | C39: 支气管肺泡灌洗费 | D39: 治疗费 | E39: 通过无创方式清除特定肺段肺泡内异物、分泌物和其他沉积物或采集样本，不含内镜检查费。 | F39: 所定价格涵盖设备准备、镜下治疗、处理用物等步骤所需的人力资源、设备运转成本消耗与基本物质资源消耗。 | G39: 次 | H39: “次”指每个肺段。 | I39: 110 | J39: 99 | K39: 115 | L39: 100 | M39: 85 | N39: 105 | O39: 95 | P39: 81 | Q39: 医保 | T39: 理顺，调低 | U39: 平移后按不超过省级拟定 | V39: 003106050060000-310605006 | W39: 310605006 | X39: 经纤支镜肺泡灌洗诊疗术 | Y39: 含生理盐水 | AA39: 每个肺段 | AC39: 115 | AD39: 100 | AE39: 85 | AF39: =IFERROR(FIND("-儿童（加收）",C39,1),0) -> 0 | AG39: =SUBSTITUTE(C39,"-儿童（加收）","") -> 支气管肺泡灌洗费 | AH39: =IF(AF39>0,_xlfn.MAXIFS(N:N,C:C,SUBSTITUTE(C39,"-儿童（加收）","")),0)+N39 -> 105 | AI39: =IF(AF39>0,_xlfn.MAXIFS(O:O,C:C,SUBSTITUTE(C39,"-儿童（加收）","")),0)+O39 -> 95 | AJ39: =IF(AF39>0,_xlfn.MAXIFS(P:P,C:C,SUBSTITUTE(C39,"-儿童（加收）","")),0)+P39 -> 81
A40: 23 | B40: 013106000060000 | C40: 支气管镜治疗费（常规） | D40: 治疗费 | E40: 通过支气管镜进行滴药、冲洗、吸痰等常规治疗，不含内镜检查费。 | F40: 所定价格涵盖设备准备、镜下治疗、处理用物等步骤所需的人力资源、设备运转成本消耗与基本物质资源消耗。 | G40: 次 | I40: 180 | J40: 162 | K40: 149.5 | L40: 130 | M40: 110.5 | N40: 165 | O40: 150 | P40: 130 | Q40: 医保 | T40: 提高 | U40: 平移后结合日常医院反馈提价意见，按比价关系提高 | V40: 003106050030000-310605003 | W40: 310605003 | X40: 经纤支镜治疗 | Y40: 含经纤支镜痰吸引和滴药、止血、化疗 | Z40: 药物 | AA40: 次 | AB40: 取异物加收100% | AC40: 149.5 | AD40: 130 | AE40: 110.5 | AF40: =IFERROR(FIND("-儿童（加收）",C40,1),0) -> 0 | AG40: =SUBSTITUTE(C40,"-儿童（加收）","") -> 支气管镜治疗费（常规） | AH40: =IF(AF40>0,_xlfn.MAXIFS(N:N,C:C,SUBSTITUTE(C40,"-儿童（加收）","")),0)+N40 -> 165 | AI40: =IF(AF40>0,_xlfn.MAXIFS(O:O,C:C,SUBSTITUTE(C40,"-儿童（加收）","")),0)+O40 -> 150 | AJ40: =IF(AF40>0,_xlfn.MAXIFS(P:P,C:C,SUBSTITUTE(C40,"-儿童（加收）","")),0)+P40 -> 130
A41: 24 | B41: 013106000070000 | C41: 支气管镜治疗费（特殊） | D41: 治疗费 | E41: 通过支气管镜进行封堵、套圈、注药、球囊扩张，以及射频、微波、激光、凝固、冷冻、电凝、脉冲、光动力等各种特殊治疗，不含内镜检查费。 | F41: 所定价格涵盖设备准备、镜下治疗、处理用物等步骤所需的人力资源、设备运转成本消耗与基本物质资源消耗。 | G41: 次 | I41: 460 | J41: 414 | K41: 433.0229 | L41: 424.97908 | M41: 323.75 | N41: 435 | O41: 410 | P41: 350 | Q41: 医保 | T41: 理顺 | U41: 平移取整，县级按不超过省级调整，基层按比价调整 | V41: 003106050080000-310605008 | W41: 310605008 | X41: 经纤支镜特殊治疗 | Y41: 指微波治疗法。 | AA41: 次 | AB41: 激光法、高频电法、氩离子凝固法、冷冻法分别按照市级488元/次、县级435元/次、基层375元/次收取。 | AC41: 325 | AD41: 290 | AE41: 250 | AF41: =IFERROR(FIND("-儿童（加收）",C41,1),0) -> 0 | AG41: =SUBSTITUTE(C41,"-儿童（加收）","") -> 支气管镜治疗费（特殊） | AH41: =IF(AF41>0,_xlfn.MAXIFS(N:N,C:C,SUBSTITUTE(C41,"-儿童（加收）","")),0)+N41 -> 435 | AI41: =IF(AF41>0,_xlfn.MAXIFS(O:O,C:C,SUBSTITUTE(C41,"-儿童（加收）","")),0)+O41 -> 410 | AJ41: =IF(AF41>0,_xlfn.MAXIFS(P:P,C:C,SUBSTITUTE(C41,"-儿童（加收）","")),0)+P41 -> 350
C42: 支气管镜治疗费（特殊） | N42: 435 | O42: 410 | P42: 350 | V42: 003106050080000-31060500801 | W42: 31060500801 | X42: 经纤支镜特殊治疗（激光法） | AA42: 次 | AB42: 激光法 | AC42: 488 | AD42: 435 | AE42: 375 | AF42: =IFERROR(FIND("-儿童（加收）",C42,1),0) -> 0 | AG42: =SUBSTITUTE(C42,"-儿童（加收）","") -> 支气管镜治疗费（特殊） | AH42: =IF(AF42>0,_xlfn.MAXIFS(N:N,C:C,SUBSTITUTE(C42,"-儿童（加收）","")),0)+N42 -> 435 | AI42: =IF(AF42>0,_xlfn.MAXIFS(O:O,C:C,SUBSTITUTE(C42,"-儿童（加收）","")),0)+O42 -> 410 | AJ42: =IF(AF42>0,_xlfn.MAXIFS(P:P,C:C,SUBSTITUTE(C42,"-儿童（加收）","")),0)+P42 -> 350
C43: 支气管镜治疗费（特殊） | N43: 435 | O43: 410 | P43: 350 | V43: 003106050080000-31060500802 | W43: 31060500802 | X43: 经纤支镜特殊治疗（高频电法） | AA43: 次 | AB43: 高频电法 | AC43: 488 | AD43: 435 | AE43: 375 | AF43: =IFERROR(FIND("-儿童（加收）",C43,1),0) -> 0 | AG43: =SUBSTITUTE(C43,"-儿童（加收）","") -> 支气管镜治疗费（特殊） | AH43: =IF(AF43>0,_xlfn.MAXIFS(N:N,C:C,SUBSTITUTE(C43,"-儿童（加收）","")),0)+N43 -> 435 | AI43: =IF(AF43>0,_xlfn.MAXIFS(O:O,C:C,SUBSTITUTE(C43,"-儿童（加收）","")),0)+O43 -> 410 | AJ43: =IF(AF43>0,_xlfn.MAXIFS(P:P,C:C,SUBSTITUTE(C43,"-儿童（加收）","")),0)+P43 -> 350
C44: 支气管镜治疗费（特殊） | N44: 435 | O44: 410 | P44: 350 | V44: 003106050080000-31060500803 | W44: 31060500803 | X44: 经纤支镜特殊治疗（冷冻法） | AA44: 次 | AB44: 冷冻法 | AC44: 488 | AD44: 435 | AE44: 375 | AF44: =IFERROR(FIND("-儿童（加收）",C44,1),0) -> 0 | AG44: =SUBSTITUTE(C44,"-儿童（加收）","") -> 支气管镜治疗费（特殊） | AH44: =IF(AF44>0,_xlfn.MAXIFS(N:N,C:C,SUBSTITUTE(C44,"-儿童（加收）","")),0)+N44 -> 435 | AI44: =IF(AF44>0,_xlfn.MAXIFS(O:O,C:C,SUBSTITUTE(C44,"-儿童（加收）","")),0)+O44 -> 410 | AJ44: =IF(AF44>0,_xlfn.MAXIFS(P:P,C:C,SUBSTITUTE(C44,"-儿童（加收）","")),0)+P44 -> 350
C45: 支气管镜治疗费（特殊） | N45: 435 | O45: 410 | P45: 350 | V45: 003106050080000-31060500804 | W45: 31060500804 | X45: 经纤支镜特殊治疗（氩离子凝固法） | AA45: 次 | AB45: 氩离子凝固法 | AC45: 488 | AD45: 435 | AE45: 375 | AF45: =IFERROR(FIND("-儿童（加收）",C45,1),0) -> 0 | AG45: =SUBSTITUTE(C45,"-儿童（加收）","") -> 支气管镜治疗费（特殊） | AH45: =IF(AF45>0,_xlfn.MAXIFS(N:N,C:C,SUBSTITUTE(C45,"-儿童（加收）","")),0)+N45 -> 435 | AI45: =IF(AF45>0,_xlfn.MAXIFS(O:O,C:C,SUBSTITUTE(C45,"-儿童（加收）","")),0)+O45 -> 410 | AJ45: =IF(AF45>0,_xlfn.MAXIFS(P:P,C:C,SUBSTITUTE(C45,"-儿童（加收）","")),0)+P45 -> 350
C46: 支气管镜治疗费（特殊） | N46: 435 | O46: 410 | P46: 350 | V46: 003106060010100-31060600101 | W46: 31060600101 | X46: 经内镜胸部肿瘤特殊治疗（激光法） | AA46: 次 | AB46: 激光法 | AC46: 517.5 | AD46: 450 | AE46: 382.5 | AF46: =IFERROR(FIND("-儿童（加收）",C46,1),0) -> 0 | AG46: =SUBSTITUTE(C46,"-儿童（加收）","") -> 支气管镜治疗费（特殊） | AH46: =IF(AF46>0,_xlfn.MAXIFS(N:N,C:C,SUBSTITUTE(C46,"-儿童（加收）","")),0)+N46 -> 435 | AI46: =IF(AF46>0,_xlfn.MAXIFS(O:O,C:C,SUBSTITUTE(C46,"-儿童（加收）","")),0)+O46 -> 410 | AJ46: =IF(AF46>0,_xlfn.MAXIFS(P:P,C:C,SUBSTITUTE(C46,"-儿童（加收）","")),0)+P46 -> 350
C47: 支气管镜治疗费（特殊） | N47: 435 | O47: 410 | P47: 350 | V47: 003106060010200-31060600102 | W47: 31060600102 | X47: 经内镜胸部肿瘤特殊治疗（电凝法） | AA47: 次 | AB47: 电凝法 | AC47: 517.5 | AD47: 450 | AE47: 382.5 | AF47: =IFERROR(FIND("-儿童（加收）",C47,1),0) -> 0 | AG47: =SUBSTITUTE(C47,"-儿童（加收）","") -> 支气管镜治疗费（特殊） | AH47: =IF(AF47>0,_xlfn.MAXIFS(N:N,C:C,SUBSTITUTE(C47,"-儿童（加收）","")),0)+N47 -> 435 | AI47: =IF(AF47>0,_xlfn.MAXIFS(O:O,C:C,SUBSTITUTE(C47,"-儿童（加收）","")),0)+O47 -> 410 | AJ47: =IF(AF47>0,_xlfn.MAXIFS(P:P,C:C,SUBSTITUTE(C47,"-儿童（加收）","")),0)+P47 -> 350
C48: 支气管镜治疗费（特殊） | N48: 435 | O48: 410 | P48: 350 | V48: 003106060010000-310606001 | W48: 310606001 | X48: 经内镜胸部肿瘤特殊治疗 | Y48: 包括食管、气管、支气管、肺良性肿瘤或狭窄的治疗。指局部注药法 | Z48: 吻合器、生物蛋白胶 | AA48: 次 | AB48: 激光法、电凝法分别加收50% | AC48: 345 | AD48: 300 | AE48: 255 | AF48: =IFERROR(FIND("-儿童（加收）",C48,1),0) -> 0 | AG48: =SUBSTITUTE(C48,"-儿童（加收）","") -> 支气管镜治疗费（特殊） | AH48: =IF(AF48>0,_xlfn.MAXIFS(N:N,C:C,SUBSTITUTE(C48,"-儿童（加收）","")),0)+N48 -> 435 | AI48: =IF(AF48>0,_xlfn.MAXIFS(O:O,C:C,SUBSTITUTE(C48,"-儿童（加收）","")),0)+O48 -> 410 | AJ48: =IF(AF48>0,_xlfn.MAXIFS(P:P,C:C,SUBSTITUTE(C48,"-儿童（加收）","")),0)+P48 -> 350
C49: 支气管镜治疗费（特殊） | N49: 435 | O49: 410 | P49: 350 | V49: 003106050090000-310605009 | W49: 310605009 | X49: 经内镜气管扩张术 | Z49: 球囊、导管 | AA49: 次 | AC49: 230 | AD49: 200 | AE49: 170 | AF49: =IFERROR(FIND("-儿童（加收）",C49,1),0) -> 0 | AG49: =SUBSTITUTE(C49,"-儿童（加收）","") -> 支气管镜治疗费（特殊） | AH49: =IF(AF49>0,_xlfn.MAXIFS(N:N,C:C,SUBSTITUTE(C49,"-儿童（加收）","")),0)+N49 -> 435 | AI49: =IF(AF49>0,_xlfn.MAXIFS(O:O,C:C,SUBSTITUTE(C49,"-儿童（加收）","")),0)+O49 -> 410 | AJ49: =IF(AF49>0,_xlfn.MAXIFS(P:P,C:C,SUBSTITUTE(C49,"-儿童（加收）","")),0)+P49 -> 350
A50: 25 | B50: 013307000010000 | C50: 气道支架置入费 | D50: 手术费 | E50: 通过无创方式置入气道支架，不含内镜检查费。 | F50: 所定价格涵盖患者评估准备、导丝引导、支架置入、必要时球囊扩张、处理用物等步骤所需的人力资源、设备运转成本消耗与基本物质资源消耗。 | G50: 次 | I50: 780 | J50: 702 | K50: 545 | L50: 490 | M50: 420 | N50: 710 | O50: 640 | P50: 545 | Q50: 医保 | T50: 提高 | U50: 省级通过区域间比价提高价格（我省价格过低），我市按比价提高 | V50: 003106050100000-310605010 | W50: 310605010 | X50: 经纤支镜支架置入术 | Y50: 包括经纤支镜支架取出术 | Z50: 支架 | AA50: 次 | AC50: 545 | AD50: 490 | AE50: 420 | AF50: =IFERROR(FIND("-儿童（加收）",C50,1),0) -> 0 | AG50: =SUBSTITUTE(C50,"-儿童（加收）","") -> 气道支架置入费 | AH50: =IF(AF50>0,_xlfn.MAXIFS(N:N,C:C,SUBSTITUTE(C50,"-儿童（加收）","")),0)+N50 -> 710 | AI50: =IF(AF50>0,_xlfn.MAXIFS(O:O,C:C,SUBSTITUTE(C50,"-儿童（加收）","")),0)+O50 -> 640 | AJ50: =IF(AF50>0,_xlfn.MAXIFS(P:P,C:C,SUBSTITUTE(C50,"-儿童（加收）","")),0)+P50 -> 545
A51: 26 | B51: 013307000020000 | C51: 气道支架取出费 | D51: 手术费 | E51: 通过无创方式取出气道支架，不含内镜检查费。 | F51: 所定价格涵盖患者评估准备、支架取出、处理用物等步骤所需的人力资源、设备运转成本消耗与基本物质资源消耗。 | G51: 次 | I51: 780 | J51: 702 | K51: 545 | L51: 490 | M51: 420 | N51: 710 | O51: 640 | P51: 545 | Q51: 医保 | T51: 提高 | U51: 省级通过区域间比价提高价格（我省价格过低），我市按比价提高 | V51: 003106050100000-31060501001 | W51: 31060501001 | X51: 经纤支镜支架取出术 | AA51: 次 | AC51: 545 | AD51: 490 | AE51: 420 | AF51: =IFERROR(FIND("-儿童（加收）",C51,1),0) -> 0 | AG51: =SUBSTITUTE(C51,"-儿童（加收）","") -> 气道支架取出费 | AH51: =IF(AF51>0,_xlfn.MAXIFS(N:N,C:C,SUBSTITUTE(C51,"-儿童（加收）","")),0)+N51 -> 710 | AI51: =IF(AF51>0,_xlfn.MAXIFS(O:O,C:C,SUBSTITUTE(C51,"-儿童（加收）","")),0)+O51 -> 640 | AJ51: =IF(AF51>0,_xlfn.MAXIFS(P:P,C:C,SUBSTITUTE(C51,"-儿童（加收）","")),0)+P51 -> 545
A52: 27 | B52: 013307000030000 | C52: 无创气管食管瘘修补费 | D52: 手术费 | E52: 通过无创方式对气管和食管之间的异常连接进行修补，不含内镜检查费。 | F52: 所定价格涵盖设备准备、体位摆放、观察、气管食管瘘修补、撤镜、处理用物等步骤所需的人力资源、设备运转成本消耗与基本物质资源消耗。 | G52: 次 | H52: 经纤支镜支气管胸膜瘘堵塞术参照收费。 | I52: 1040 | J52: 936 | K52: 625 | L52: 600 | M52: 510 | N52: 950 | O52: 855 | P52: 725 | Q52: 医保 | T52: 提高 | U52: 省级通过区域间比价提高价格（我省价格过低），我市按比价提高 | V52: 003307030240000-330703024 | W52: 330703024 | X52: 经纤支镜支气管胸膜瘘堵塞术 | AA52: 次 | AC52: 625 | AD52: 600 | AE52: 510 | AF52: =IFERROR(FIND("-儿童（加收）",C52,1),0) -> 0 | AG52: =SUBSTITUTE(C52,"-儿童（加收）","") -> 无创气管食管瘘修补费 | AH52: =IF(AF52>0,_xlfn.MAXIFS(N:N,C:C,SUBSTITUTE(C52,"-儿童（加收）","")),0)+N52 -> 950 | AI52: =IF(AF52>0,_xlfn.MAXIFS(O:O,C:C,SUBSTITUTE(C52,"-儿童（加收）","")),0)+O52 -> 855 | AJ52: =IF(AF52>0,_xlfn.MAXIFS(P:P,C:C,SUBSTITUTE(C52,"-儿童（加收）","")),0)+P52 -> 725
A53: 分项 | B53: 013307000030001 | C53: 无创气管食管瘘修补费-儿童（加收） | D53: 手术费 | G53: 次 | I53: 312 | J53: 281 | N53: 285 | O53: 255 | P53: 215 | Q53: 医保 | U53: 儿童加收30% | V53: 003307030240000-33070302401 | W53: 33070302401 | X53: 小儿经纤支镜支气管胸膜瘘堵塞术 | AA53: 次 | AC53: 815 | AD53: 780 | AE53: 665 | AF53: =IFERROR(FIND("-儿童（加收）",C53,1),0) -> 11 | AG53: =SUBSTITUTE(C53,"-儿童（加收）","") -> 无创气管食管瘘修补费 | AH53: =IF(AF53>0,_xlfn.MAXIFS(N:N,C:C,SUBSTITUTE(C53,"-儿童（加收）","")),0)+N53 -> 1235 | AI53: =IF(AF53>0,_xlfn.MAXIFS(O:O,C:C,SUBSTITUTE(C53,"-儿童（加收）","")),0)+O53 -> 1110 | AJ53: =IF(AF53>0,_xlfn.MAXIFS(P:P,C:C,SUBSTITUTE(C53,"-儿童（加收）","")),0)+P53 -> 940
A54: 28 | B54: 013307000040000 | C54: 无创气管病变切除费 | D54: 手术费 | E54: 通过无创方式对气管病变切除，不含内镜检查费。 | F54: 所定价格涵盖设备准备、体位摆放、观察、肿物切除、撤镜、处理用物等步骤所需的人力资源、设备运转成本消耗与基本物质资源消耗。 | G54: 次 | I54: 1090 | J54: 981 | K54: 575 | L54: 500 | M54: 425 | N54: 1000 | O54: 900 | P54: 765 | Q54: 医保 | T54: 提高 | U54: 省级通过区域间比价提高价格（我省价格过低），我市按比价提高 | V54: 003106050120000-310605012 | W54: 310605012 | X54: 经内镜气管内肿瘤切除术 | AA54: 次 | AC54: 575 | AD54: 500 | AE54: 425 | AF54: =IFERROR(FIND("-儿童（加收）",C54,1),0) -> 0 | AG54: =SUBSTITUTE(C54,"-儿童（加收）","") -> 无创气管病变切除费 | AH54: =IF(AF54>0,_xlfn.MAXIFS(N:N,C:C,SUBSTITUTE(C54,"-儿童（加收）","")),0)+N54 -> 1000 | AI54: =IF(AF54>0,_xlfn.MAXIFS(O:O,C:C,SUBSTITUTE(C54,"-儿童（加收）","")),0)+O54 -> 900 | AJ54: =IF(AF54>0,_xlfn.MAXIFS(P:P,C:C,SUBSTITUTE(C54,"-儿童（加收）","")),0)+P54 -> 765
A55: 30 | B55: 013307000060000 | C55: 无创气管异物取出费 | D55: 手术费 | E55: 通过无创方式取出气管异物，不含内镜检查费。 | F55: 所定价格涵盖设备准备、体位摆放、观察、异物取出、撤镜、处理用物等步骤所需的人力资源、设备运转成本消耗与基本物质资源消耗。 | G55: 次 | I55: 360 | J55: 324 | K55: 299 | L55: 260 | M55: 221 | N55: 330 | O55: 300 | P55: 260 | Q55: 医保 | T55: 理顺，提高 | U55: 平移后，按与“支气管镜治疗费（常规）”2倍的比价关系拟定 | V55: 003106050030000-310605003 | W55: 310605003 | X55: 经纤支镜治疗 | Y55: 含经纤支镜痰吸引和滴药、止血、化疗 | Z55: 药物 | AA55: 次 | AB55: 取异物加收100% | AC55: 149.5 | AD55: 130 | AE55: 110.5 | AF55: =IFERROR(FIND("-儿童（加收）",C55,1),0) -> 0 | AG55: =SUBSTITUTE(C55,"-儿童（加收）","") -> 无创气管异物取出费 | AH55: =IF(AF55>0,_xlfn.MAXIFS(N:N,C:C,SUBSTITUTE(C55,"-儿童（加收）","")),0)+N55 -> 330 | AI55: =IF(AF55>0,_xlfn.MAXIFS(O:O,C:C,SUBSTITUTE(C55,"-儿童（加收）","")),0)+O55 -> 300 | AJ55: =IF(AF55>0,_xlfn.MAXIFS(P:P,C:C,SUBSTITUTE(C55,"-儿童（加收）","")),0)+P55 -> 260
C56: 无创气管异物取出费 | N56: 330 | O56: 300 | P56: 260 | V56: 003106050030100-31060500301 | W56: 31060500301 | X56: 经纤支镜治疗（取异物加收） | AA56: 次 | AB56: 取异物加收 | AC56: 149.5 | AD56: 130 | AE56: 110.5 | AF56: =IFERROR(FIND("-儿童（加收）",C56,1),0) -> 0 | AG56: =SUBSTITUTE(C56,"-儿童（加收）","") -> 无创气管异物取出费 | AH56: =IF(AF56>0,_xlfn.MAXIFS(N:N,C:C,SUBSTITUTE(C56,"-儿童（加收）","")),0)+N56 -> 330 | AI56: =IF(AF56>0,_xlfn.MAXIFS(O:O,C:C,SUBSTITUTE(C56,"-儿童（加收）","")),0)+O56 -> 300 | AJ56: =IF(AF56>0,_xlfn.MAXIFS(P:P,C:C,SUBSTITUTE(C56,"-儿童（加收）","")),0)+P56 -> 260
A57: 31 | B57: 013307000070000 | C57: 气管成形费 | D57: 手术费 | E57: 通过手术切除部分气管，并行气管重建或修复。 | F57: 所定价格涵盖手术计划、术区准备、消毒、切除、重建、缝合、处理用物等步骤所需的人力资源和基本物质资源消耗。 | G57: 次 | I57: 5274 | J57: 4747 | K57: 3930 | L57: 3540 | M57: 3010 | N57: 4750 | O57: 4300 | P57: 3650 | Q57: 医保 | T57: 理顺，提高 | U57: 开展量少，平移后结合日常医院反馈提价意见（我市原价仅省级77%），按比价关系提高 | V57: 003307010420000-330701042 | W57: 330701042 | X57: 气管成形术 | Y57: 包括气管隆凸成形术 | AA57: 次 | AB57: 单纯人工气管移植术市级收1150元，县级收1040元，基层收885元 | AC57: 3930 | AD57: 3540 | AE57: 3010 | AF57: =IFERROR(FIND("-儿童（加收）",C57,1),0) -> 0 | AG57: =SUBSTITUTE(C57,"-儿童（加收）","") -> 气管成形费 | AH57: =IF(AF57>0,_xlfn.MAXIFS(N:N,C:C,SUBSTITUTE(C57,"-儿童（加收）","")),0)+N57 -> 4750 | AI57: =IF(AF57>0,_xlfn.MAXIFS(O:O,C:C,SUBSTITUTE(C57,"-儿童（加收）","")),0)+O57 -> 4300 | AJ57: =IF(AF57>0,_xlfn.MAXIFS(P:P,C:C,SUBSTITUTE(C57,"-儿童（加收）","")),0)+P57 -> 3650
C58: 气管成形费 | N58: 4750 | O58: 4300 | P58: 3650 | V58: 003307010390000-33070104202 | W58: 33070104202 | X58: 单纯人工气管移植术 | AA58: 次 | AC58: 1150 | AD58: 1040 | AE58: 885 | AF58: =IFERROR(FIND("-儿童（加收）",C58,1),0) -> 0 | AG58: =SUBSTITUTE(C58,"-儿童（加收）","") -> 气管成形费 | AH58: =IF(AF58>0,_xlfn.MAXIFS(N:N,C:C,SUBSTITUTE(C58,"-儿童（加收）","")),0)+N58 -> 4750 | AI58: =IF(AF58>0,_xlfn.MAXIFS(O:O,C:C,SUBSTITUTE(C58,"-儿童（加收）","")),0)+O58 -> 4300 | AJ58: =IF(AF58>0,_xlfn.MAXIFS(P:P,C:C,SUBSTITUTE(C58,"-儿童（加收）","")),0)+P58 -> 3650
C59: 气管成形费 | N59: 4750 | O59: 4300 | P59: 3650 | V59: 003307010390000-330701039 | W59: 330701039 | X59: 气管支气管损伤修补术 | AA59: 次 | AC59: 1625 | AD59: 1560 | AE59: 1326 | AF59: =IFERROR(FIND("-儿童（加收）",C59,1),0) -> 0 | AG59: =SUBSTITUTE(C59,"-儿童（加收）","") -> 气管成形费 | AH59: =IF(AF59>0,_xlfn.MAXIFS(N:N,C:C,SUBSTITUTE(C59,"-儿童（加收）","")),0)+N59 -> 4750 | AI59: =IF(AF59>0,_xlfn.MAXIFS(O:O,C:C,SUBSTITUTE(C59,"-儿童（加收）","")),0)+O59 -> 4300 | AJ59: =IF(AF59>0,_xlfn.MAXIFS(P:P,C:C,SUBSTITUTE(C59,"-儿童（加收）","")),0)+P59 -> 3650
A60: 分项 | B60: 013307000070001 | C60: 气管成形费-儿童（加收） | D60: 手术费 | G60: 次 | I60: 1582 | J60: 1424 | N60: 1425 | O60: 1290 | P60: 1095 | Q60: 医保 | U60: 儿童加收30% | V60: 003307010420000-33070104201 | W60: 33070104201 | X60: 小儿气管成形术 | AA60: 次 | AC60: 5110 | AD60: 4600 | AE60: 3910 | AF60: =IFERROR(FIND("-儿童（加收）",C60,1),0) -> 6 | AG60: =SUBSTITUTE(C60,"-儿童（加收）","") -> 气管成形费 | AH60: =IF(AF60>0,_xlfn.MAXIFS(N:N,C:C,SUBSTITUTE(C60,"-儿童（加收）","")),0)+N60 -> 6175 | AI60: =IF(AF60>0,_xlfn.MAXIFS(O:O,C:C,SUBSTITUTE(C60,"-儿童（加收）","")),0)+O60 -> 5590 | AJ60: =IF(AF60>0,_xlfn.MAXIFS(P:P,C:C,SUBSTITUTE(C60,"-儿童（加收）","")),0)+P60 -> 4745
C61: 气管成形费-儿童（加收） | N61: 1425 | O61: 1290 | P61: 1095 | V61: 003307010390000-33070104203 | W61: 33070104203 | X61: 小儿单纯人工气管移植术 | AA61: 次 | AC61: 1495 | AD61: 1350 | AE61: 1150 | AF61: =IFERROR(FIND("-儿童（加收）",C61,1),0) -> 6 | AG61: =SUBSTITUTE(C61,"-儿童（加收）","") -> 气管成形费 | AH61: =IF(AF61>0,_xlfn.MAXIFS(N:N,C:C,SUBSTITUTE(C61,"-儿童（加收）","")),0)+N61 -> 6175 | AI61: =IF(AF61>0,_xlfn.MAXIFS(O:O,C:C,SUBSTITUTE(C61,"-儿童（加收）","")),0)+O61 -> 5590 | AJ61: =IF(AF61>0,_xlfn.MAXIFS(P:P,C:C,SUBSTITUTE(C61,"-儿童（加收）","")),0)+P61 -> 4745
C62: 气管成形费-儿童（加收） | N62: 1425 | O62: 1290 | P62: 1095 | V62: 003307010390000-33070103901 | W62: 33070103901 | X62: 小儿气管支气管损伤修补术 | AA62: 次 | AC62: 2115 | AD62: 2030 | AE62: 1725 | AF62: =IFERROR(FIND("-儿童（加收）",C62,1),0) -> 6 | AG62: =SUBSTITUTE(C62,"-儿童（加收）","") -> 气管成形费 | AH62: =IF(AF62>0,_xlfn.MAXIFS(N:N,C:C,SUBSTITUTE(C62,"-儿童（加收）","")),0)+N62 -> 6175 | AI62: =IF(AF62>0,_xlfn.MAXIFS(O:O,C:C,SUBSTITUTE(C62,"-儿童（加收）","")),0)+O62 -> 5590 | AJ62: =IF(AF62>0,_xlfn.MAXIFS(P:P,C:C,SUBSTITUTE(C62,"-儿童（加收）","")),0)+P62 -> 4745
A63: 32 | B63: 013307000080000 | C63: 气管隆突成形费 | D63: 手术费 | E63: 通过手术切除部分气管隆突，并行气管隆突重建。 | F63: 所定价格涵盖手术计划、术区准备、消毒、切除、重建、缝合、处理用物等步骤所需的人力资源和基本物质资源消耗。 | G63: 次 | I63: 5274 | J63: 4747 | K63: 3930 | L63: 3540 | M63: 3010 | N63: 4750 | O63: 4300 | P63: 3650 | Q63: 医保 | T63: 理顺，提高 | U63: 同气管成形费持平定价 | V63: 003307010420000-330701042 | W63: 330701042 | X63: 气管成形术 | Y63: 包括气管隆凸成形术 | AA63: 次 | AB63: 单纯人工气管移植术市级收1150元，县级收1040元，基层收885元 | AC63: 3930 | AD63: 3540 | AE63: 3010 | AF63: =IFERROR(FIND("-儿童（加收）",C63,1),0) -> 0 | AG63: =SUBSTITUTE(C63,"-儿童（加收）","") -> 气管隆突成形费 | AH63: =IF(AF63>0,_xlfn.MAXIFS(N:N,C:C,SUBSTITUTE(C63,"-儿童（加收）","")),0)+N63 -> 4750 | AI63: =IF(AF63>0,_xlfn.MAXIFS(O:O,C:C,SUBSTITUTE(C63,"-儿童（加收）","")),0)+O63 -> 4300 | AJ63: =IF(AF63>0,_xlfn.MAXIFS(P:P,C:C,SUBSTITUTE(C63,"-儿童（加收）","")),0)+P63 -> 3650
C64: 气管隆突成形费 | N64: 4750 | O64: 4300 | P64: 3650 | V64: 003307010390000-33070104202 | W64: 33070104202 | X64: 单纯人工气管移植术 | AA64: 次 | AC64: 1150 | AD64: 1040 | AE64: 885 | AF64: =IFERROR(FIND("-儿童（加收）",C64,1),0) -> 0 | AG64: =SUBSTITUTE(C64,"-儿童（加收）","") -> 气管隆突成形费 | AH64: =IF(AF64>0,_xlfn.MAXIFS(N:N,C:C,SUBSTITUTE(C64,"-儿童（加收）","")),0)+N64 -> 4750 | AI64: =IF(AF64>0,_xlfn.MAXIFS(O:O,C:C,SUBSTITUTE(C64,"-儿童（加收）","")),0)+O64 -> 4300 | AJ64: =IF(AF64>0,_xlfn.MAXIFS(P:P,C:C,SUBSTITUTE(C64,"-儿童（加收）","")),0)+P64 -> 3650
C65: 气管隆突成形费 | N65: 4750 | O65: 4300 | P65: 3650 | V65: 003307010390000-330701039 | W65: 330701039 | X65: 气管支气管损伤修补术 | AA65: 次 | AC65: 1625 | AD65: 1560 | AE65: 1326 | AF65: =IFERROR(FIND("-儿童（加收）",C65,1),0) -> 0 | AG65: =SUBSTITUTE(C65,"-儿童（加收）","") -> 气管隆突成形费 | AH65: =IF(AF65>0,_xlfn.MAXIFS(N:N,C:C,SUBSTITUTE(C65,"-儿童（加收）","")),0)+N65 -> 4750 | AI65: =IF(AF65>0,_xlfn.MAXIFS(O:O,C:C,SUBSTITUTE(C65,"-儿童（加收）","")),0)+O65 -> 4300 | AJ65: =IF(AF65>0,_xlfn.MAXIFS(P:P,C:C,SUBSTITUTE(C65,"-儿童（加收）","")),0)+P65 -> 3650
A66: 分项 | B66: 013307000080001 | C66: 气管隆突成形费-儿童（加收） | D66: 手术费 | G66: 次 | I66: 1582 | J66: 1424 | N66: 1425 | O66: 1290 | P66: 1095 | Q66: 医保 | U66: 儿童加收30% | V66: 003307010420000-33070104201 | W66: 33070104201 | X66: 小儿气管成形术 | AA66: 次 | AC66: 5110 | AD66: 4600 | AE66: 3910 | AF66: =IFERROR(FIND("-儿童（加收）",C66,1),0) -> 8 | AG66: =SUBSTITUTE(C66,"-儿童（加收）","") -> 气管隆突成形费 | AH66: =IF(AF66>0,_xlfn.MAXIFS(N:N,C:C,SUBSTITUTE(C66,"-儿童（加收）","")),0)+N66 -> 6175 | AI66: =IF(AF66>0,_xlfn.MAXIFS(O:O,C:C,SUBSTITUTE(C66,"-儿童（加收）","")),0)+O66 -> 5590 | AJ66: =IF(AF66>0,_xlfn.MAXIFS(P:P,C:C,SUBSTITUTE(C66,"-儿童（加收）","")),0)+P66 -> 4745
C67: 气管隆突成形费-儿童（加收） | N67: 1425 | O67: 1290 | P67: 1095 | V67: 003307010390000-33070104203 | W67: 33070104203 | X67: 小儿单纯人工气管移植术 | AA67: 次 | AC67: 1495 | AD67: 1350 | AE67: 1150 | AF67: =IFERROR(FIND("-儿童（加收）",C67,1),0) -> 8 | AG67: =SUBSTITUTE(C67,"-儿童（加收）","") -> 气管隆突成形费 | AH67: =IF(AF67>0,_xlfn.MAXIFS(N:N,C:C,SUBSTITUTE(C67,"-儿童（加收）","")),0)+N67 -> 6175 | AI67: =IF(AF67>0,_xlfn.MAXIFS(O:O,C:C,SUBSTITUTE(C67,"-儿童（加收）","")),0)+O67 -> 5590 | AJ67: =IF(AF67>0,_xlfn.MAXIFS(P:P,C:C,SUBSTITUTE(C67,"-儿童（加收）","")),0)+P67 -> 4745
C68: 气管隆突成形费-儿童（加收） | N68: 1425 | O68: 1290 | P68: 1095 | V68: 003307010390000-33070103901 | W68: 33070103901 | X68: 小儿气管支气管损伤修补术 | AA68: 次 | AC68: 2115 | AD68: 2030 | AE68: 1725 | AF68: =IFERROR(FIND("-儿童（加收）",C68,1),0) -> 8 | AG68: =SUBSTITUTE(C68,"-儿童（加收）","") -> 气管隆突成形费 | AH68: =IF(AF68>0,_xlfn.MAXIFS(N:N,C:C,SUBSTITUTE(C68,"-儿童（加收）","")),0)+N68 -> 6175 | AI68: =IF(AF68>0,_xlfn.MAXIFS(O:O,C:C,SUBSTITUTE(C68,"-儿童（加收）","")),0)+O68 -> 5590 | AJ68: =IF(AF68>0,_xlfn.MAXIFS(P:P,C:C,SUBSTITUTE(C68,"-儿童（加收）","")),0)+P68 -> 4745
A69: 34 | B69: 013307000100000 | C69: 气管食管瘘修补费（复杂） | D69: 手术费 | E69: 通过手术修补复杂情况的气管食管瘘口。 | F69: 所定价格涵盖手术计划、术区准备、消毒、修补、缝合、处理用物等步骤所需的人力资源和基本物质资源消耗。 | G69: 次 | H69: 本项目中的“复杂”指：术中进行大网膜填充、皮瓣填充的情况。 | I69: 4300 | J69: 3870 | K69: 3880 | L69: 3490 | M69: 2970 | N69: 3880 | O69: 3490 | P69: 2970 | Q69: 医保 | T69: 平移 | U69: 平移 | V69: 003307010430000-330701043 | W69: 330701043 | X69: 颈段气管食管瘘修补术 | AA69: 次 | AC69: 3880 | AD69: 3490 | AE69: 2970 | AF69: =IFERROR(FIND("-儿童（加收）",C69,1),0) -> 0 | AG69: =SUBSTITUTE(C69,"-儿童（加收）","") -> 气管食管瘘修补费（复杂） | AH69: =IF(AF69>0,_xlfn.MAXIFS(N:N,C:C,SUBSTITUTE(C69,"-儿童（加收）","")),0)+N69 -> 3880 | AI69: =IF(AF69>0,_xlfn.MAXIFS(O:O,C:C,SUBSTITUTE(C69,"-儿童（加收）","")),0)+O69 -> 3490 | AJ69: =IF(AF69>0,_xlfn.MAXIFS(P:P,C:C,SUBSTITUTE(C69,"-儿童（加收）","")),0)+P69 -> 2970
A70: 分项 | B70: 013307000100001 | C70: 气管食管瘘修补费（复杂）-儿童（加收） | D70: 手术费 | G70: 次 | I70: 1290 | J70: 1161 | N70: 1165 | O70: 1047 | P70: 890 | Q70: 医保 | U70: 儿童加收30% | V70: 003307010430000-33070104301 | W70: 33070104301 | X70: 小儿颈段气管食管瘘修补术 | AA70: 次 | AC70: 5045 | AD70: 4535 | AE70: 3855 | AF70: =IFERROR(FIND("-儿童（加收）",C70,1),0) -> 13 | AG70: =SUBSTITUTE(C70,"-儿童（加收）","") -> 气管食管瘘修补费（复杂） | AH70: =IF(AF70>0,_xlfn.MAXIFS(N:N,C:C,SUBSTITUTE(C70,"-儿童（加收）","")),0)+N70 -> 5045 | AI70: =IF(AF70>0,_xlfn.MAXIFS(O:O,C:C,SUBSTITUTE(C70,"-儿童（加收）","")),0)+O70 -> 4537 | AJ70: =IF(AF70>0,_xlfn.MAXIFS(P:P,C:C,SUBSTITUTE(C70,"-儿童（加收）","")),0)+P70 -> 3860
A71: 35 | B71: 013307000110000 | C71: 气管病变切除费 | D71: 手术费 | E71: 通过手术切除气管病变。 | F71: 所定价格涵盖手术计划、术区准备、消毒、切开、切除、缝合、处理用物等步骤所需的人力资源和基本物质资源消耗。 | G71: 次 | I71: 2095 | J71: 1886 | N71: 1900 | O71: 1750 | P71: 1500 | Q71: 医保 | T71: 理顺 | U71: 无开展量，按比价关系拟定 | V71: 003307010410000-330701041 | W71: 330701041 | X71: 气管内肿瘤切除术 | Y71: 包括开胸气管部分切除成形，气管环状袖状切除再吻合术 | AA71: 次 | AB71: 激光市级医院加收290元，县级医院加收260元，基层加收220元 | AC71: 4220 | AD71: 3800 | AE71: 3230 | AF71: =IFERROR(FIND("-儿童（加收）",C71,1),0) -> 0 | AG71: =SUBSTITUTE(C71,"-儿童（加收）","") -> 气管病变切除费 | AH71: =IF(AF71>0,_xlfn.MAXIFS(N:N,C:C,SUBSTITUTE(C71,"-儿童（加收）","")),0)+N71 -> 1900 | AI71: =IF(AF71>0,_xlfn.MAXIFS(O:O,C:C,SUBSTITUTE(C71,"-儿童（加收）","")),0)+O71 -> 1750 | AJ71: =IF(AF71>0,_xlfn.MAXIFS(P:P,C:C,SUBSTITUTE(C71,"-儿童（加收）","")),0)+P71 -> 1500
C72: 气管病变切除费 | N72: 1900 | O72: 1750 | P72: 1500 | V72: 003307010410002-33070104101 | W72: 33070104101 | X72: 气管内肿瘤切除术（激光） | AA72: 次 | AB72: 激光 | AC72: 4510 | AD72: 4060 | AE72: 3450 | AF72: =IFERROR(FIND("-儿童（加收）",C72,1),0) -> 0 | AG72: =SUBSTITUTE(C72,"-儿童（加收）","") -> 气管病变切除费 | AH72: =IF(AF72>0,_xlfn.MAXIFS(N:N,C:C,SUBSTITUTE(C72,"-儿童（加收）","")),0)+N72 -> 1900 | AI72: =IF(AF72>0,_xlfn.MAXIFS(O:O,C:C,SUBSTITUTE(C72,"-儿童（加收）","")),0)+O72 -> 1750 | AJ72: =IF(AF72>0,_xlfn.MAXIFS(P:P,C:C,SUBSTITUTE(C72,"-儿童（加收）","")),0)+P72 -> 1500
C73: 气管病变切除费 | N73: 1900 | O73: 1750 | P73: 1500 | V73: 003307010440000-330701044 | W73: 330701044 | X73: 颈部囊状水瘤切除术 | AA73: 次 | AC73: 1000 | AD73: 960 | AE73: 816 | AF73: =IFERROR(FIND("-儿童（加收）",C73,1),0) -> 0 | AG73: =SUBSTITUTE(C73,"-儿童（加收）","") -> 气管病变切除费 | AH73: =IF(AF73>0,_xlfn.MAXIFS(N:N,C:C,SUBSTITUTE(C73,"-儿童（加收）","")),0)+N73 -> 1900 | AI73: =IF(AF73>0,_xlfn.MAXIFS(O:O,C:C,SUBSTITUTE(C73,"-儿童（加收）","")),0)+O73 -> 1750 | AJ73: =IF(AF73>0,_xlfn.MAXIFS(P:P,C:C,SUBSTITUTE(C73,"-儿童（加收）","")),0)+P73 -> 1500
A74: 分项 | B74: 013307000110001 | C74: 气管病变切除费-儿童（加收） | D74: 手术费 | G74: 次 | I74: 629 | J74: 566 | N74: 570 | O74: 525 | P74: 450 | Q74: 医保 | U74: 儿童加收30% | V74: 003307010410000-33070104102 | W74: 33070104102 | X74: 小儿气管内肿瘤切除术 | AA74: 次 | AC74: 5485 | AD74: 4940 | AE74: 4200 | AF74: =IFERROR(FIND("-儿童（加收）",C74,1),0) -> 8 | AG74: =SUBSTITUTE(C74,"-儿童（加收）","") -> 气管病变切除费 | AH74: =IF(AF74>0,_xlfn.MAXIFS(N:N,C:C,SUBSTITUTE(C74,"-儿童（加收）","")),0)+N74 -> 2470 | AI74: =IF(AF74>0,_xlfn.MAXIFS(O:O,C:C,SUBSTITUTE(C74,"-儿童（加收）","")),0)+O74 -> 2275 | AJ74: =IF(AF74>0,_xlfn.MAXIFS(P:P,C:C,SUBSTITUTE(C74,"-儿童（加收）","")),0)+P74 -> 1950
C75: 气管病变切除费-儿童（加收） | N75: 570 | O75: 525 | P75: 450 | V75: 003307010410002-33070104103 | W75: 33070104103 | X75: 小儿气管内肿瘤切除术（激光） | AA75: 次 | AB75: 激光 | AC75: 5865 | AD75: 5280 | AE75: 4490 | AF75: =IFERROR(FIND("-儿童（加收）",C75,1),0) -> 8 | AG75: =SUBSTITUTE(C75,"-儿童（加收）","") -> 气管病变切除费 | AH75: =IF(AF75>0,_xlfn.MAXIFS(N:N,C:C,SUBSTITUTE(C75,"-儿童（加收）","")),0)+N75 -> 2470 | AI75: =IF(AF75>0,_xlfn.MAXIFS(O:O,C:C,SUBSTITUTE(C75,"-儿童（加收）","")),0)+O75 -> 2275 | AJ75: =IF(AF75>0,_xlfn.MAXIFS(P:P,C:C,SUBSTITUTE(C75,"-儿童（加收）","")),0)+P75 -> 1950
C76: 气管病变切除费-儿童（加收） | N76: 570 | O76: 525 | P76: 450 | V76: 003307010440000-33070104401 | W76: 33070104401 | X76: 小儿颈部囊状水瘤切除术 | AA76: 次 | AC76: 1300 | AD76: 1250 | AE76: 1065 | AF76: =IFERROR(FIND("-儿童（加收）",C76,1),0) -> 8 | AG76: =SUBSTITUTE(C76,"-儿童（加收）","") -> 气管病变切除费 | AH76: =IF(AF76>0,_xlfn.MAXIFS(N:N,C:C,SUBSTITUTE(C76,"-儿童（加收）","")),0)+N76 -> 2470 | AI76: =IF(AF76>0,_xlfn.MAXIFS(O:O,C:C,SUBSTITUTE(C76,"-儿童（加收）","")),0)+O76 -> 2275 | AJ76: =IF(AF76>0,_xlfn.MAXIFS(P:P,C:C,SUBSTITUTE(C76,"-儿童（加收）","")),0)+P76 -> 1950
A77: 37 | B77: 013307000130000 | C77: 胸腔探查费 | D77: 手术费 | E77: 通过手术探查胸腔，含止血。 | F77: 所定价格涵盖手术计划、术区准备、消毒、切开、探查、缝合、处理用物，必要时止血等手术步骤的人力资源和基本物质资源消耗。 | G77: 次 | H77: 不与同部位其他手术同时收取。 | I77: 1800 | J77: 1620 | K77: 2058.5443 | L77: 2079.7561 | M77: 1836 | N77: 1750 | O77: 1620 | P77: 1450 | Q77: 医保 | T77: 理顺，调低 | U77: 平移后按不超过省级拟定 | V77: 003307030030000-330703003 | W77: 330703003 | X77: 开胸探查术 | AA77: 次 | AC77: 1520 | AD77: 1370 | AE77: 1160 | AF77: =IFERROR(FIND("-儿童（加收）",C77,1),0) -> 0 | AG77: =SUBSTITUTE(C77,"-儿童（加收）","") -> 胸腔探查费 | AH77: =IF(AF77>0,_xlfn.MAXIFS(N:N,C:C,SUBSTITUTE(C77,"-儿童（加收）","")),0)+N77 -> 1750 | AI77: =IF(AF77>0,_xlfn.MAXIFS(O:O,C:C,SUBSTITUTE(C77,"-儿童（加收）","")),0)+O77 -> 1620 | AJ77: =IF(AF77>0,_xlfn.MAXIFS(P:P,C:C,SUBSTITUTE(C77,"-儿童（加收）","")),0)+P77 -> 1450
C78: 胸腔探查费 | N78: 1750 | O78: 1620 | P78: 1450 | V78: 003307030030001-33070300302 | W78: 33070300302 | X78: 经胸腔镜开胸探查术 | AA78: 次 | AC78: 2145 | AD78: 1970 | AE78: 1670 | AF78: =IFERROR(FIND("-儿童（加收）",C78,1),0) -> 0 | AG78: =SUBSTITUTE(C78,"-儿童（加收）","") -> 胸腔探查费 | AH78: =IF(AF78>0,_xlfn.MAXIFS(N:N,C:C,SUBSTITUTE(C78,"-儿童（加收）","")),0)+N78 -> 1750 | AI78: =IF(AF78>0,_xlfn.MAXIFS(O:O,C:C,SUBSTITUTE(C78,"-儿童（加收）","")),0)+O78 -> 1620 | AJ78: =IF(AF78>0,_xlfn.MAXIFS(P:P,C:C,SUBSTITUTE(C78,"-儿童（加收）","")),0)+P78 -> 1450
C79: 胸腔探查费 | N79: 1750 | O79: 1620 | P79: 1450 | V79: 003307030040000-330703004 | W79: 330703004 | X79: 开胸止血术 | AA79: 次 | AC79: 1625 | AD79: 1560 | AE79: 1326 | AF79: =IFERROR(FIND("-儿童（加收）",C79,1),0) -> 0 | AG79: =SUBSTITUTE(C79,"-儿童（加收）","") -> 胸腔探查费 | AH79: =IF(AF79>0,_xlfn.MAXIFS(N:N,C:C,SUBSTITUTE(C79,"-儿童（加收）","")),0)+N79 -> 1750 | AI79: =IF(AF79>0,_xlfn.MAXIFS(O:O,C:C,SUBSTITUTE(C79,"-儿童（加收）","")),0)+O79 -> 1620 | AJ79: =IF(AF79>0,_xlfn.MAXIFS(P:P,C:C,SUBSTITUTE(C79,"-儿童（加收）","")),0)+P79 -> 1450
C80: 胸腔探查费 | N80: 1750 | O80: 1620 | P80: 1450 | V80: 003307030040001-33070300402 | W80: 33070300402 | X80: 经胸腔镜开胸止血术 | AA80: 次 | AC80: 2250 | AD80: 2160 | AE80: 1836 | AF80: =IFERROR(FIND("-儿童（加收）",C80,1),0) -> 0 | AG80: =SUBSTITUTE(C80,"-儿童（加收）","") -> 胸腔探查费 | AH80: =IF(AF80>0,_xlfn.MAXIFS(N:N,C:C,SUBSTITUTE(C80,"-儿童（加收）","")),0)+N80 -> 1750 | AI80: =IF(AF80>0,_xlfn.MAXIFS(O:O,C:C,SUBSTITUTE(C80,"-儿童（加收）","")),0)+O80 -> 1620 | AJ80: =IF(AF80>0,_xlfn.MAXIFS(P:P,C:C,SUBSTITUTE(C80,"-儿童（加收）","")),0)+P80 -> 1450
A81: 分项 | B81: 013307000130001 | C81: 胸腔探查费-儿童（加收） | D81: 手术费 | G81: 次 | I81: 540 | J81: 486 | N81: 525 | O81: 485 | P81: 435 | Q81: 医保 | U81: 儿童加收30% | V81: 003307030030000-33070300301 | W81: 33070300301 | X81: 小儿开胸探查术 | AA81: 次 | AC81: 1975 | AD81: 1780 | AE81: 1515 | AF81: =IFERROR(FIND("-儿童（加收）",C81,1),0) -> 6 | AG81: =SUBSTITUTE(C81,"-儿童（加收）","") -> 胸腔探查费 | AH81: =IF(AF81>0,_xlfn.MAXIFS(N:N,C:C,SUBSTITUTE(C81,"-儿童（加收）","")),0)+N81 -> 2275 | AI81: =IF(AF81>0,_xlfn.MAXIFS(O:O,C:C,SUBSTITUTE(C81,"-儿童（加收）","")),0)+O81 -> 2105 | AJ81: =IF(AF81>0,_xlfn.MAXIFS(P:P,C:C,SUBSTITUTE(C81,"-儿童（加收）","")),0)+P81 -> 1885
C82: 胸腔探查费-儿童（加收） | N82: 525 | O82: 485 | P82: 435 | V82: 003307030030001-33070300303 | W82: 33070300303 | X82: 小儿经胸腔镜开胸探查术 | AA82: 次 | AC82: 2600 | AD82: 2380 | AE82: 2025 | AF82: =IFERROR(FIND("-儿童（加收）",C82,1),0) -> 6 | AG82: =SUBSTITUTE(C82,"-儿童（加收）","") -> 胸腔探查费 | AH82: =IF(AF82>0,_xlfn.MAXIFS(N:N,C:C,SUBSTITUTE(C82,"-儿童（加收）","")),0)+N82 -> 2275 | AI82: =IF(AF82>0,_xlfn.MAXIFS(O:O,C:C,SUBSTITUTE(C82,"-儿童（加收）","")),0)+O82 -> 2105 | AJ82: =IF(AF82>0,_xlfn.MAXIFS(P:P,C:C,SUBSTITUTE(C82,"-儿童（加收）","")),0)+P82 -> 1885
C83: 胸腔探查费-儿童（加收） | N83: 525 | O83: 485 | P83: 435 | V83: 003307030040000-33070300401 | W83: 33070300401 | X83: 小儿开胸止血术 | AA83: 次 | AC83: 2115 | AD83: 2030 | AE83: 1725 | AF83: =IFERROR(FIND("-儿童（加收）",C83,1),0) -> 6 | AG83: =SUBSTITUTE(C83,"-儿童（加收）","") -> 胸腔探查费 | AH83: =IF(AF83>0,_xlfn.MAXIFS(N:N,C:C,SUBSTITUTE(C83,"-儿童（加收）","")),0)+N83 -> 2275 | AI83: =IF(AF83>0,_xlfn.MAXIFS(O:O,C:C,SUBSTITUTE(C83,"-儿童（加收）","")),0)+O83 -> 2105 | AJ83: =IF(AF83>0,_xlfn.MAXIFS(P:P,C:C,SUBSTITUTE(C83,"-儿童（加收）","")),0)+P83 -> 1885
C84: 胸腔探查费-儿童（加收） | N84: 525 | O84: 485 | P84: 435 | V84: 003307030040001-33070300403 | W84: 33070300403 | X84: 小儿经胸腔镜开胸止血术 | AA84: 次 | AC84: 2740 | AD84: 2630 | AE84: 2235 | AF84: =IFERROR(FIND("-儿童（加收）",C84,1),0) -> 6 | AG84: =SUBSTITUTE(C84,"-儿童（加收）","") -> 胸腔探查费 | AH84: =IF(AF84>0,_xlfn.MAXIFS(N:N,C:C,SUBSTITUTE(C84,"-儿童（加收）","")),0)+N84 -> 2275 | AI84: =IF(AF84>0,_xlfn.MAXIFS(O:O,C:C,SUBSTITUTE(C84,"-儿童（加收）","")),0)+O84 -> 2105 | AJ84: =IF(AF84>0,_xlfn.MAXIFS(P:P,C:C,SUBSTITUTE(C84,"-儿童（加收）","")),0)+P84 -> 1885
A85: 38 | B85: 013307000140000 | C85: 胸腔病变切除费 | D85: 手术费 | E85: 通过手术切除胸腔病变。 | F85: 所定价格涵盖手术计划、术区准备、消毒、切除、缝合、处理用物等手术步骤的人力资源和基本物质资源消耗。 | G85: 次 | H85: 本项目中的“胸腔”指：膈肌、胸膜。 | I85: 4156 | J85: 3740 | K85: 3665 | N85: 3700 | O85: 3350 | P85: 2850 | Q85: 医保 | T85: 理顺，提高 | U85: 开展量仅市级1例。暂按比价关系拟定 | V85: 003307030300000-330703030 | W85: 330703030 | X85: 膈肌肿瘤切除术 | Z85: 膈肌缺损修补材料 | AA85: 次 | AC85: 3040 | AD85: 2740 | AE85: 2330 | AF85: =IFERROR(FIND("-儿童（加收）",C85,1),0) -> 0 | AG85: =SUBSTITUTE(C85,"-儿童（加收）","") -> 胸腔病变切除费 | AH85: =IF(AF85>0,_xlfn.MAXIFS(N:N,C:C,SUBSTITUTE(C85,"-儿童（加收）","")),0)+N85 -> 3700 | AI85: =IF(AF85>0,_xlfn.MAXIFS(O:O,C:C,SUBSTITUTE(C85,"-儿童（加收）","")),0)+O85 -> 3350 | AJ85: =IF(AF85>0,_xlfn.MAXIFS(P:P,C:C,SUBSTITUTE(C85,"-儿童（加收）","")),0)+P85 -> 2850
C86: 胸腔病变切除费 | N86: 3700 | O86: 3350 | P86: 2850 | V86: 003307030300000-33070303002 | W86: 33070303002 | X86: 经胸腔镜膈肌肿瘤切除术 | AA86: 次 | AC86: 3665 | AD86: 3340 | AE86: 2840 | AF86: =IFERROR(FIND("-儿童（加收）",C86,1),0) -> 0 | AG86: =SUBSTITUTE(C86,"-儿童（加收）","") -> 胸腔病变切除费 | AH86: =IF(AF86>0,_xlfn.MAXIFS(N:N,C:C,SUBSTITUTE(C86,"-儿童（加收）","")),0)+N86 -> 3700 | AI86: =IF(AF86>0,_xlfn.MAXIFS(O:O,C:C,SUBSTITUTE(C86,"-儿童（加收）","")),0)+O86 -> 3350 | AJ86: =IF(AF86>0,_xlfn.MAXIFS(P:P,C:C,SUBSTITUTE(C86,"-儿童（加收）","")),0)+P86 -> 2850
A87: 分项 | B87: 013307000140001 | C87: 胸腔病变切除费-儿童（加收） | D87: 手术费 | G87: 次 | I87: 1247 | J87: 1122 | N87: 1110 | O87: 1005 | P87: 855 | Q87: 医保 | U87: 儿童加收30% | V87: 003307030300000-33070303001 | W87: 33070303001 | X87: 小儿膈肌肿瘤切除术 | AA87: 次 | AC87: 3950 | AD87: 3560 | AE87: 3025 | AF87: =IFERROR(FIND("-儿童（加收）",C87,1),0) -> 8 | AG87: =SUBSTITUTE(C87,"-儿童（加收）","") -> 胸腔病变切除费 | AH87: =IF(AF87>0,_xlfn.MAXIFS(N:N,C:C,SUBSTITUTE(C87,"-儿童（加收）","")),0)+N87 -> 4810 | AI87: =IF(AF87>0,_xlfn.MAXIFS(O:O,C:C,SUBSTITUTE(C87,"-儿童（加收）","")),0)+O87 -> 4355 | AJ87: =IF(AF87>0,_xlfn.MAXIFS(P:P,C:C,SUBSTITUTE(C87,"-儿童（加收）","")),0)+P87 -> 3705
C88: 胸腔病变切除费-儿童（加收） | N88: 1110 | O88: 1005 | P88: 855 | V88: 003307030300000-33070303003 | W88: 33070303003 | X88: 小儿经胸腔镜膈肌肿瘤切除术 | AA88: 次 | AC88: 4575 | AD88: 4160 | AE88: 3535 | AF88: =IFERROR(FIND("-儿童（加收）",C88,1),0) -> 8 | AG88: =SUBSTITUTE(C88,"-儿童（加收）","") -> 胸腔病变切除费 | AH88: =IF(AF88>0,_xlfn.MAXIFS(N:N,C:C,SUBSTITUTE(C88,"-儿童（加收）","")),0)+N88 -> 4810 | AI88: =IF(AF88>0,_xlfn.MAXIFS(O:O,C:C,SUBSTITUTE(C88,"-儿童（加收）","")),0)+O88 -> 4355 | AJ88: =IF(AF88>0,_xlfn.MAXIFS(P:P,C:C,SUBSTITUTE(C88,"-儿童（加收）","")),0)+P88 -> 3705
A89: 39 | B89: 013307000150000 | C89: 非解剖性肺部分切除费 | D89: 手术费 | E89: 不按照肺叶或肺段的解剖结构，通过手术切除单侧局部肺组织。 | F89: 所定价格涵盖手术计划、术区准备、消毒、切开、切除、缝合、处理用物等步骤所需的人力资源和基本物质资源消耗。 | G89: 单侧 | I89: 4800 | J89: 4320 | K89: 4703.5769 | L89: 4316.2642 | M89: 3861.1111 | N89: 4700 | O89: 4300 | P89: 3800 | Q89: 医保 | T89: 平移取整 | U89: 肺癌根治术根据病变部位，按比例均摊到对应的各个项目中测算。 | V89: 003307020050000-330702005 | W89: 330702005 | X89: 肺楔形切除术 | AA89: 次 | AB89: 双侧手术市级医院3275元，县级医院2945元，基层2355元 | AC89: 2185 | AD89: 1965 | AE89: 1570 | AF89: =IFERROR(FIND("-儿童（加收）",C89,1),0) -> 0 | AG89: =SUBSTITUTE(C89,"-儿童（加收）","") -> 非解剖性肺部分切除费 | AH89: =IF(AF89>0,_xlfn.MAXIFS(N:N,C:C,SUBSTITUTE(C89,"-儿童（加收）","")),0)+N89 -> 4700 | AI89: =IF(AF89>0,_xlfn.MAXIFS(O:O,C:C,SUBSTITUTE(C89,"-儿童（加收）","")),0)+O89 -> 4300 | AJ89: =IF(AF89>0,_xlfn.MAXIFS(P:P,C:C,SUBSTITUTE(C89,"-儿童（加收）","")),0)+P89 -> 3800
C90: 非解剖性肺部分切除费 | N90: 4700 | O90: 4300 | P90: 3800 | V90: 003307020050001-33070200504 | W90: 33070200504 | X90: 经胸腔镜肺楔形切除术 | AA90: 次 | AC90: 2810 | AD90: 2565 | AE90: 2080 | AF90: =IFERROR(FIND("-儿童（加收）",C90,1),0) -> 0 | AG90: =SUBSTITUTE(C90,"-儿童（加收）","") -> 非解剖性肺部分切除费 | AH90: =IF(AF90>0,_xlfn.MAXIFS(N:N,C:C,SUBSTITUTE(C90,"-儿童（加收）","")),0)+N90 -> 4700 | AI90: =IF(AF90>0,_xlfn.MAXIFS(O:O,C:C,SUBSTITUTE(C90,"-儿童（加收）","")),0)+O90 -> 4300 | AJ90: =IF(AF90>0,_xlfn.MAXIFS(P:P,C:C,SUBSTITUTE(C90,"-儿童（加收）","")),0)+P90 -> 3800
C91: 非解剖性肺部分切除费 | N91: 4700 | O91: 4300 | P91: 3800 | V91: 003307020040000-330702004 | W91: 330702004 | X91: 肺减容手术 | Y91: 包括一侧或两侧肺手术(经侧胸切口或正中胸骨切口) | AA91: 次 | AB91: 双侧手术市级医院4320元，县级医院3890元，基层3310元 | AC91: 3380 | AD91: 3040 | AE91: 2580 | AF91: =IFERROR(FIND("-儿童（加收）",C91,1),0) -> 0 | AG91: =SUBSTITUTE(C91,"-儿童（加收）","") -> 非解剖性肺部分切除费 | AH91: =IF(AF91>0,_xlfn.MAXIFS(N:N,C:C,SUBSTITUTE(C91,"-儿童（加收）","")),0)+N91 -> 4700 | AI91: =IF(AF91>0,_xlfn.MAXIFS(O:O,C:C,SUBSTITUTE(C91,"-儿童（加收）","")),0)+O91 -> 4300 | AJ91: =IF(AF91>0,_xlfn.MAXIFS(P:P,C:C,SUBSTITUTE(C91,"-儿童（加收）","")),0)+P91 -> 3800
C92: 非解剖性肺部分切除费 | N92: 4700 | O92: 4300 | P92: 3800 | V92: 003307020040001-33070200404 | W92: 33070200404 | X92: 经胸腔镜肺减容手术 | AA92: 次 | AC92: 4005 | AD92: 3640 | AE92: 3090 | AF92: =IFERROR(FIND("-儿童（加收）",C92,1),0) -> 0 | AG92: =SUBSTITUTE(C92,"-儿童（加收）","") -> 非解剖性肺部分切除费 | AH92: =IF(AF92>0,_xlfn.MAXIFS(N:N,C:C,SUBSTITUTE(C92,"-儿童（加收）","")),0)+N92 -> 4700 | AI92: =IF(AF92>0,_xlfn.MAXIFS(O:O,C:C,SUBSTITUTE(C92,"-儿童（加收）","")),0)+O92 -> 4300 | AJ92: =IF(AF92>0,_xlfn.MAXIFS(P:P,C:C,SUBSTITUTE(C92,"-儿童（加收）","")),0)+P92 -> 3800
C93: 非解剖性肺部分切除费 | N93: 4700 | O93: 4300 | P93: 3800 | V93: 003307020090000-330702009 | W93: 330702009 | X93: 肺大泡切除修补术 | Y93: 包括结扎、固化 | AA93: 次 | AB93: 双侧手术加收50% | AC93: 1875 | AD93: 1800 | AE93: 1530 | AF93: =IFERROR(FIND("-儿童（加收）",C93,1),0) -> 0 | AG93: =SUBSTITUTE(C93,"-儿童（加收）","") -> 非解剖性肺部分切除费 | AH93: =IF(AF93>0,_xlfn.MAXIFS(N:N,C:C,SUBSTITUTE(C93,"-儿童（加收）","")),0)+N93 -> 4700 | AI93: =IF(AF93>0,_xlfn.MAXIFS(O:O,C:C,SUBSTITUTE(C93,"-儿童（加收）","")),0)+O93 -> 4300 | AJ93: =IF(AF93>0,_xlfn.MAXIFS(P:P,C:C,SUBSTITUTE(C93,"-儿童（加收）","")),0)+P93 -> 3800
C94: 非解剖性肺部分切除费 | N94: 4700 | O94: 4300 | P94: 3800 | V94: 003307020090001-33070200904 | W94: 33070200904 | X94: 经胸腔镜肺大泡切除修补术 | AA94: 次 | AC94: 2500 | AD94: 2400 | AE94: 2040 | AF94: =IFERROR(FIND("-儿童（加收）",C94,1),0) -> 0 | AG94: =SUBSTITUTE(C94,"-儿童（加收）","") -> 非解剖性肺部分切除费 | AH94: =IF(AF94>0,_xlfn.MAXIFS(N:N,C:C,SUBSTITUTE(C94,"-儿童（加收）","")),0)+N94 -> 4700 | AI94: =IF(AF94>0,_xlfn.MAXIFS(O:O,C:C,SUBSTITUTE(C94,"-儿童（加收）","")),0)+O94 -> 4300 | AJ94: =IF(AF94>0,_xlfn.MAXIFS(P:P,C:C,SUBSTITUTE(C94,"-儿童（加收）","")),0)+P94 -> 3800
C95: 非解剖性肺部分切除费 | N95: 4700 | O95: 4300 | P95: 3800 | V95: 003307020150000-330702015 | W95: 330702015 | X95: 肺包虫病内囊摘除术 | Y95: 含一侧肺内单个或多个内囊摘除 | AA95: 次 | AB95: 双侧手术市级医院3890元，县级医院3500元，基层2980元 | AC95: 3040 | AD95: 2740 | AE95: 2330 | AF95: =IFERROR(FIND("-儿童（加收）",C95,1),0) -> 0 | AG95: =SUBSTITUTE(C95,"-儿童（加收）","") -> 非解剖性肺部分切除费 | AH95: =IF(AF95>0,_xlfn.MAXIFS(N:N,C:C,SUBSTITUTE(C95,"-儿童（加收）","")),0)+N95 -> 4700 | AI95: =IF(AF95>0,_xlfn.MAXIFS(O:O,C:C,SUBSTITUTE(C95,"-儿童（加收）","")),0)+O95 -> 4300 | AJ95: =IF(AF95>0,_xlfn.MAXIFS(P:P,C:C,SUBSTITUTE(C95,"-儿童（加收）","")),0)+P95 -> 3800
C96: 非解剖性肺部分切除费 | N96: 4700 | O96: 4300 | P96: 3800 | V96: 003307020150001-33070201504 | W96: 33070201504 | X96: 经胸腔镜肺包虫病内囊摘除术 | AA96: 次 | AC96: 3665 | AD96: 3340 | AE96: 2840 | AF96: =IFERROR(FIND("-儿童（加收）",C96,1),0) -> 0 | AG96: =SUBSTITUTE(C96,"-儿童（加收）","") -> 非解剖性肺部分切除费 | AH96: =IF(AF96>0,_xlfn.MAXIFS(N:N,C:C,SUBSTITUTE(C96,"-儿童（加收）","")),0)+N96 -> 4700 | AI96: =IF(AF96>0,_xlfn.MAXIFS(O:O,C:C,SUBSTITUTE(C96,"-儿童（加收）","")),0)+O96 -> 4300 | AJ96: =IF(AF96>0,_xlfn.MAXIFS(P:P,C:C,SUBSTITUTE(C96,"-儿童（加收）","")),0)+P96 -> 3800
C97: 非解剖性肺部分切除费 | N97: 4700 | O97: 4300 | P97: 3800 | V97: 003307020020000-330702002 | W97: 330702002 | X97: 肺癌根治术 | Y97: 含淋巴结清扫 | AA97: 次 | AB97: 双侧手术市级医院11970元，县级医院10770元，基层9155元 | AC97: 7980 | AD97: 7180 | AE97: 5745 | AF97: =IFERROR(FIND("-儿童（加收）",C97,1),0) -> 0 | AG97: =SUBSTITUTE(C97,"-儿童（加收）","") -> 非解剖性肺部分切除费 | AH97: =IF(AF97>0,_xlfn.MAXIFS(N:N,C:C,SUBSTITUTE(C97,"-儿童（加收）","")),0)+N97 -> 4700 | AI97: =IF(AF97>0,_xlfn.MAXIFS(O:O,C:C,SUBSTITUTE(C97,"-儿童（加收）","")),0)+O97 -> 4300 | AJ97: =IF(AF97>0,_xlfn.MAXIFS(P:P,C:C,SUBSTITUTE(C97,"-儿童（加收）","")),0)+P97 -> 3800
C98: 非解剖性肺部分切除费 | N98: 4700 | O98: 4300 | P98: 3800 | V98: 003307020020001-33070200204 | W98: 33070200204 | X98: 经胸腔镜肺癌根治术 | AA98: 次 | AC98: 8605 | AD98: 7780 | AE98: 6255 | AF98: =IFERROR(FIND("-儿童（加收）",C98,1),0) -> 0 | AG98: =SUBSTITUTE(C98,"-儿童（加收）","") -> 非解剖性肺部分切除费 | AH98: =IF(AF98>0,_xlfn.MAXIFS(N:N,C:C,SUBSTITUTE(C98,"-儿童（加收）","")),0)+N98 -> 4700 | AI98: =IF(AF98>0,_xlfn.MAXIFS(O:O,C:C,SUBSTITUTE(C98,"-儿童（加收）","")),0)+O98 -> 4300 | AJ98: =IF(AF98>0,_xlfn.MAXIFS(P:P,C:C,SUBSTITUTE(C98,"-儿童（加收）","")),0)+P98 -> 3800
A99: 分项 | B99: 013307000150001 | C99: 非解剖性肺部分切除费-儿童（加收） | D99: 手术费 | G99: 单侧 | I99: 1440 | J99: 1296 | N99: 1410 | O99: 1290 | P99: 1140 | Q99: 医保 | U99: 儿童加收30% | V99: 003307020050000-33070200502 | W99: 33070200502 | X99: 小儿肺楔形切除术 | AA99: 次 | AC99: 2840 | AD99: 2555 | AE99: 2040 | AF99: =IFERROR(FIND("-儿童（加收）",C99,1),0) -> 11 | AG99: =SUBSTITUTE(C99,"-儿童（加收）","") -> 非解剖性肺部分切除费 | AH99: =IF(AF99>0,_xlfn.MAXIFS(N:N,C:C,SUBSTITUTE(C99,"-儿童（加收）","")),0)+N99 -> 6110 | AI99: =IF(AF99>0,_xlfn.MAXIFS(O:O,C:C,SUBSTITUTE(C99,"-儿童（加收）","")),0)+O99 -> 5590 | AJ99: =IF(AF99>0,_xlfn.MAXIFS(P:P,C:C,SUBSTITUTE(C99,"-儿童（加收）","")),0)+P99 -> 4940
C100: 非解剖性肺部分切除费-儿童（加收） | N100: 1410 | O100: 1290 | P100: 1140 | V100: 003307020040000-33070200402 | W100: 33070200402 | X100: 小儿肺减容手术 | AA100: 次 | AC100: 4395 | AD100: 3950 | AE100: 3360 | AF100: =IFERROR(FIND("-儿童（加收）",C100,1),0) -> 11 | AG100: =SUBSTITUTE(C100,"-儿童（加收）","") -> 非解剖性肺部分切除费 | AH100: =IF(AF100>0,_xlfn.MAXIFS(N:N,C:C,SUBSTITUTE(C100,"-儿童（加收）","")),0)+N100 -> 6110 | AI100: =IF(AF100>0,_xlfn.MAXIFS(O:O,C:C,SUBSTITUTE(C100,"-儿童（加收）","")),0)+O100 -> 5590 | AJ100: =IF(AF100>0,_xlfn.MAXIFS(P:P,C:C,SUBSTITUTE(C100,"-儿童（加收）","")),0)+P100 -> 4940
...

Sheet Sheet1
A1: 国家结算编码 | B1: 项目编码 | C1: 项目名称 | D1: 项目内涵 | E1: 除外内容 | F1: 计价单位 | G1: 说明 | H1: 省属三甲价格（元） | I1: 省属三甲以下价格（元） | J1: 价格 (市级) | K1: 价格 (县级) | L1: 价格 (基层) | M1: 医保属性
A2: 003307020050000-33070200501 | B2: 33070200501 | C2: 肺楔形切除术（双侧） | F2: 次 | G2: 双侧 | H2: 3450 | I2: 3120 | J2: 3275 | K2: 2945 | L2: 2355 | M2: 医保
A3: 003307020040000-33070200401 | B3: 33070200401 | C3: 肺减容手术（双侧） | F3: 次 | G3: 双侧 | H3: 5760 | I3: 5190 | J3: 4320 | K3: 3890 | L3: 3310 | M3: 医保
A4: 003307020090000-33070200901 | B4: 33070200901 | C4: 肺大泡切除修补术（双侧） | F4: 次 | G4: 双侧 | H4: 3050 | I4: 2745 | J4: 2812.5 | K4: 2700 | L4: 2295 | M4: 医保
A5: 003307020150000-33070201501 | B5: 33070201501 | C5: 肺包虫病内囊摘除术（双侧） | F5: 次 | G5: 双侧 | H5: 5190 | I5: 4665 | J5: 3890 | K5: 3500 | L5: 2980 | M5: 医保
A6: 003307020040001-33070200405 | B6: 33070200405 | C6: 经胸腔镜肺减容手术（双侧） | F6: 次 | G6: 双侧 | H6: 6560 | I6: 5910 | J6: 4945 | K6: 4490 | L6: 3820 | M6: 医保
A7: 003307020050001-33070200505 | B7: 33070200505 | C7: 经胸腔镜肺楔形切除术（双侧） | F7: 次 | G7: 双侧 | H7: 4250 | I7: 3840 | J7: 3900 | K7: 3545 | L7: 2865 | M7: 医保
A8: 003307020090001-33070200905 | B8: 33070200905 | C8: 经胸腔镜肺大泡切除修补术（双侧） | F8: 次 | G8: 双侧 | H8: 3850 | I8: 3465 | J8: 3437.5 | K8: 3300 | L8: 2805 | M8: 医保
A9: 003307020150001-33070201506 | B9: 33070201506 | C9: 经胸腔镜肺包虫病内囊摘除术（双侧） | F9: 次 | G9: 双侧 | H9: 5990 | I9: 5385 | J9: 4515 | K9: 4100 | L9: 3490 | M9: 医保
A10: 003307020020000-33070200201 | B10: 33070200201 | C10: 肺癌根治术（双侧） | F10: 次 | G10: 双侧 | H10: 12600 | I10: 10590 | J10: 11970 | K10: 10770 | L10: 9155 | M10: 医保
A11: 003307020020001-33070200205 | B11: 33070200205 | C11: 经胸腔镜肺癌根治术（双侧） | F11: 次 | G11: 双侧 | H11: 13400 | I11: 11310 | J11: 12595 | K11: 11370 | L11: 9665 | M11: 医保
A12: 003307020050000-33070200503 | B12: 33070200503 | C12: 小儿肺楔形切除术（双侧） | F12: 次 | G12: 双侧 | H12: 4485 | I12: 4055 | J12: 4260 | K12: 3830 | L12: 3060 | M12: 医保
A13: 003307020040000-33070200403 | B13: 33070200403 | C13: 小儿肺减容手术（双侧） | F13: 次 | G13: 双侧 | H13: 7490 | I13: 6745 | J13: 5615 | K13: 5055 | L13: 4295 | M13: 医保
... A49: 003307020110100-33070201107 | B49: 33070201107 | C49: 小儿经胸腔镜肺修补术（双侧） | F49: 次 | G49: 双侧 | H49: 3960 | I49: 3565 | J49: 3550 | K49: 3410 | L49: 2900 | M49: 医保

Sheet Sheet2
A1: id | B1: code | C1: sever_type | D1: change_time | E1: old_hilist_code | F1: new_hilist_code | G1: hilist_name | H1: selfpay_prop | I1: old_price | J1: old_price_city | K1: old_price_town | L1: old_price_village | M1: new_price | N1: new_price_city | O1: new_price_town | P1: new_price_village | Q1: unit | R1: batch | S1: is_use_old | T1: merge_type | U1: cnt_change_model | V1: cnt_change_value | W1: ="insert into server_list_change_all_20250525 ("&_xlfn.TEXTJOIN(",",TRUE,A1:V1)&") values" -> insert into server_list_change_all_20250525 (id,code,sever_type,change_time,old_hilist_code,new_hilist_code,hilist_name,selfpay_prop,old_price,old_price_city,old_price_town,old_price_village,new_price,new_price_city,new_price_town,new_price_village,unit,batch,is_use_old,merge_type,cnt_change_model,cnt_change_value) values
A2: 2469 | B2: null | C2: 1 | D2: 2026-03-24 00:00:00 | E2: 003106010050000-310601005 | F2: 003106010050000-310601005 | G2: 残气容积测定 | H2: null | I2: null | J2: 57.5 | K2: 50 | L2: 42.5 | M2: null | N2: 50 | O2: 45 | P2: 39 | Q2: 项 | R2: 25 | S2: 1 | T2: normal | U2: main | V2: 0 | W2: ="("&A2&","&B2&","&C2&",'"&D2&"','"&E2&"','"&F2&"','"&G2&"',"&H2&","&I2&","&J2&","&K2&","&L2&","&M2&","&N2&","&O2&","&P2&",'"&Q2&"',"&R2&","&S2&",'"&T2&"','"&U2&"',"&V2&")," -> (2469,null,1,'2026-03-24 00:00:00','003106010050000-310601005','003106010050000-310601005','残气容积测定',null,null,57.5,50,42.5,null,50,45,39,'项',25,1,'normal','main',0),
A3: 2470 | B3: null | C3: 1 | D3: 2026-03-24 00:00:00 | E3: 003106010010000-310601001 | F3: 003106010010000-310601001 | G3: 肺通气功能检查 | H3: null | I3: null | J3: 74.8 | K3: 65 | L3: 55.3 | M3: null | N3: 105 | O3: 95 | P3: 85 | Q3: 次 | R3: 25 | S3: 1 | T3: normal | U3: main | V3: 0 | W3: ="("&A3&","&B3&","&C3&",'"&D3&"','"&E3&"','"&F3&"','"&G3&"',"&H3&","&I3&","&J3&","&K3&","&L3&","&M3&","&N3&","&O3&","&P3&",'"&Q3&"',"&R3&","&S3&",'"&T3&"','"&U3&"',"&V3&")," -> (2470,null,1,'2026-03-24 00:00:00','003106010010000-310601001','003106010010000-310601001','肺通气功能检查',null,null,74.8,65,55.3,null,105,95,85,'次',25,1,'normal','main',0),
A4: 2471 | B4: null | C4: 1 | D4: 2026-03-24 00:00:00 | E4: 003106010010000-31060100101 | F4: 003106010010000-31060100101 | G4: 肺通气功能检查（最大通气量加收） | H4: null | I4: null | J4: 40.3 | K4: 35 | L4: 29.8 | M4: null | N4: 0 | O4: 0 | P4: 0 | Q4: 次 | R4: 25 | S4: 1 | T4: normal | U4: main | V4: 0 | W4: ="("&A4&","&B4&","&C4&",'"&D4&"','"&E4&"','"&F4&"','"&G4&"',"&H4&","&I4&","&J4&","&K4&","&L4&","&M4&","&N4&","&O4&","&P4&",'"&Q4&"',"&R4&","&S4&",'"&T4&"','"&U4&"',"&V4&")," -> (2471,null,1,'2026-03-24 00:00:00','003106010010000-31060100101','003106010010000-31060100101','肺通气功能检查（最大通气量加收）',null,null,40.3,35,29.8,null,0,0,0,'次',25,1,'normal','main',0),
A5: 2472 | B5: null | C5: 1 | D5: 2026-03-24 00:00:00 | E5: 003106010080000-310601008 | F5: 003106010080000-310601008 | G5: 流速容量曲线（V—V曲线） | H5: null | I5: null | J5: 34.5 | K5: 30 | L5: 25.5 | M5: null | N5: 0 | O5: 0 | P5: 0 | Q5: 项 | R5: 25 | S5: 1 | T5: normal | U5: main | V5: 0 | W5: ="("&A5&","&B5&","&C5&",'"&D5&"','"&E5&"','"&F5&"','"&G5&"',"&H5&","&I5&","&J5&","&K5&","&L5&","&M5&","&N5&","&O5&","&P5&",'"&Q5&"',"&R5&","&S5&",'"&T5&"','"&U5&"',"&V5&")," -> (2472,null,1,'2026-03-24 00:00:00','003106010080000-310601008','003106010080000-310601008','流速容量曲线（V—V曲线）',null,null,34.5,30,25.5,null,0,0,0,'项',25,1,'normal','main',0),
A6: 2473 | B6: null | C6: 1 | D6: 2026-03-24 00:00:00 | E6: 003106010090000-310601009 | F6: 003106010090000-310601009 | G6: 二氧化碳反应曲线 | H6: null | I6: null | J6: 34.5 | K6: 30 | L6: 25.5 | M6: null | N6: 0 | O6: 0 | P6: 0 | Q6: 项 | R6: 25 | S6: 1 | T6: normal | U6: main | V6: 0 | W6: ="("&A6&","&B6&","&C6&",'"&D6&"','"&E6&"','"&F6&"','"&G6&"',"&H6&","&I6&","&J6&","&K6&","&L6&","&M6&","&N6&","&O6&","&P6&",'"&Q6&"',"&R6&","&S6&",'"&T6&"','"&U6&"',"&V6&")," -> (2473,null,1,'2026-03-24 00:00:00','003106010090000-310601009','003106010090000-310601009','二氧化碳反应曲线',null,null,34.5,30,25.5,null,0,0,0,'项',25,1,'normal','main',0),
A7: 2474 | B7: null | C7: 1 | D7: 2026-03-24 00:00:00 | E7: 003106010120000-310601012 | F7: 003106010120000-310601012 | G7: 支气管舒张试验 | H7: null | I7: null | J7: 115 | K7: 100 | L7: 85 | M7: null | N7: 210 | O7: 190 | P7: 170 | Q7: 项 | R7: 25 | S7: 1 | T7: normal | U7: main | V7: 0 | W7: ="("&A7&","&B7&","&C7&",'"&D7&"','"&E7&"','"&F7&"','"&G7&"',"&H7&","&I7&","&J7&","&K7&","&L7&","&M7&","&N7&","&O7&","&P7&",'"&Q7&"',"&R7&","&S7&",'"&T7&"','"&U7&"',"&V7&")," -> (2474,null,1,'2026-03-24 00:00:00','003106010120000-310601012','003106010120000-310601012','支气管舒张试验',null,null,115,100,85,null,210,190,170,'项',25,1,'normal','main',0),
A8: 2475 | B8: null | C8: 1 | D8: 2026-03-24 00:00:00 | E8: 003106020010000-310602001 | F8: 003106020010000-310602001 | G8: 床边简易肺功能测定（肺通气功能测定） | H8: null | I8: null | J8: 46 | K8: 40 | L8: 34 | M8: null | N8: 40 | O8: 36 | P8: 34 | Q8: 次 | R8: 25 | S8: 1 | T8: normal | U8: main | V8: 0 | W8: ="("&A8&","&B8&","&C8&",'"&D8&"','"&E8&"','"&F8&"','"&G8&"',"&H8&","&I8&","&J8&","&K8&","&L8&","&M8&","&N8&","&O8&","&P8&",'"&Q8&"',"&R8&","&S8&",'"&T8&"','"&U8&"',"&V8&")," -> (2475,null,1,'2026-03-24 00:00:00','003106020010000-310602001','003106020010000-310602001','床边简易肺功能测定（肺通气功能测定）',null,null,46,40,34,null,40,36,34,'次',25,1,'normal','main',0),
A9: 2476 | B9: null | C9: 1 | D9: 2026-03-24 00:00:00 | E9: 003106010100000-310601010 | F9: 003106010100000-310601010 | G9: 支气管激发试验 | H9: null | I9: null | J9: 115 | K9: 100 | L9: 85 | M9: null | N9: 100 | O9: 90 | P9: 77 | Q9: 项 | R9: 25 | S9: 1 | T9: normal | U9: main | V9: 0 | W9: ="("&A9&","&B9&","&C9&",'"&D9&"','"&E9&"','"&F9&"','"&G9&"',"&H9&","&I9&","&J9&","&K9&","&L9&","&M9&","&N9&","&O9&","&P9&",'"&Q9&"',"&R9&","&S9&",'"&T9&"','"&U9&"',"&V9&")," -> (2476,null,1,'2026-03-24 00:00:00','003106010100000-310601010','003106010100000-310601010','支气管激发试验',null,null,115,100,85,null,100,90,77,'项',25,1,'normal','main',0),
A10: 2477 | B10: null | C10: 1 | D10: 2026-03-24 00:00:00 | E10: 003106010110000-310601011 | F10: 003106010110000-310601011 | G10: 运动激发试验 | H10: null | I10: null | J10: 115 | K10: 100 | L10: 85 | M10: null | N10: 100 | O10: 90 | P10: 77 | Q10: 项 | R10: 25 | S10: 1 | T10: normal | U10: main | V10: 0 | W10: ="("&A10&","&B10&","&C10&",'"&D10&"','"&E10&"','"&F10&"','"&G10&"',"&H10&","&I10&","&J10&","&K10&","&L10&","&M10&","&N10&","&O10&","&P10&",'"&Q10&"',"&R10&","&S10&",'"&T10&"','"&U10&"',"&V10&")," -> (2477,null,1,'2026-03-24 00:00:00','003106010110000-310601011','003106010110000-310601011','运动激发试验',null,null,115,100,85,null,100,90,77,'项',25,1,'normal','main',0),
A11: 2478 | B11: null | C11: 1 | D11: 2026-03-24 00:00:00 | E11: 003106010020000-310601002 | F11: 003106010020000-310601002 | G11: 肺弥散功能检查 | H11: null | I11: null | J11: 69 | K11: 60 | L11: 51 | M11: null | N11: 60 | O11: 54 | P11: 46 | Q11: 项 | R11: 25 | S11: 1 | T11: normal | U11: main | V11: 0 | W11: ="("&A11&","&B11&","&C11&",'"&D11&"','"&E11&"','"&F11&"','"&G11&"',"&H11&","&I11&","&J11&","&K11&","&L11&","&M11&","&N11&","&O11&","&P11&",'"&Q11&"',"&R11&","&S11&",'"&T11&"','"&U11&"',"&V11&")," -> (2478,null,1,'2026-03-24 00:00:00','003106010020000-310601002','003106010020000-310601002','肺弥散功能检查',null,null,69,60,51,null,60,54,46,'项',25,1,'normal','main',0),
A12: 2479 | B12: null | C12: 1 | D12: 2026-03-24 00:00:00 | E12: 003106010040000-310601004 | F12: 003106010040000-310601004 | G12: 气道阻力测定 | H12: null | I12: null | J12: 57.5 | K12: 50 | L12: 42.5 | M12: null | N12: 100 | O12: 90 | P12: 77 | Q12: 项 | R12: 25 | S12: 1 | T12: normal | U12: main | V12: 0 | W12: ="("&A12&","&B12&","&C12&",'"&D12&"','"&E12&"','"&F12&"','"&G12&"',"&H12&","&I12&","&J12&","&K12&","&L12&","&M12&","&N12&","&O12&","&P12&",'"&Q12&"',"&R12&","&S12&",'"&T12&"','"&U12&"',"&V12&")," -> (2479,null,1,'2026-03-24 00:00:00','003106010040000-310601004','003106010040000-310601004','气道阻力测定',null,null,57.5,50,42.5,null,100,90,77,'项',25,1,'normal','main',0),
A13: 2480 | B13: null | C13: 1 | D13: 2026-03-24 00:00:00 | E13: 003106010060000-310601006 | F13: 003106010060000-310601006 | G13: 强迫振荡肺功能检查 | H13: null | I13: null | J13: 115 | K13: 100 | L13: 85 | M13: null | N13: 100 | O13: 90 | P13: 77 | Q13: 项 | R13: 25 | S13: 1 | T13: normal | U13: main | V13: 0 | W13: ="("&A13&","&B13&","&C13&",'"&D13&"','"&E13&"','"&F13&"','"&G13&"',"&H13&","&I13&","&J13&","&K13&","&L13&","&M13&","&N13&","&O13&","&P13&",'"&Q13&"',"&R13&","&S13&",'"&T13&"','"&U13&"',"&V13&")," -> (2480,null,1,'2026-03-24 00:00:00','003106010060000-310601006','003106010060000-310601006','强迫振荡肺功能检查',null,null,115,100,85,null,100,90,77,'项',25,1,'normal','main',0),
... A15: 2482 | B15: null | C15: 1 | D15: 2026-03-24 00:00:00 | E15: 003106010030000-310601003 | F15: 003106010030000-310601003 | G15: 运动心肺功能检查 | H15: null | I15: null | J15: 184 | K15: 160 | L15: 136 | M15: null | N15: 160 | O15: 144 | P15: 123 | Q15: 项 | R15: 25 | S15: 1 | T15: normal | U15: main | V15: 0 | W15: ="("&A15&","&B15&","&C15&",'"&D15&"','"&E15&"','"&F15&"','"&G15&"',"&H15&","&I15&","&J15&","&K15&","&L15&","&M15&","&N15&","&O15&","&P15&",'"&Q15&"',"&R15&","&S15&",'"&T15&"','"&U15&"',"&V15&")," -> (2482,null,1,'2026-03-24 00:00:00','003106010030000-310601003','003106010030000-310601003','运动心肺功能检查',null,null,184,160,136,null,160,144,123,'项',25,1,'normal','main',0),
A16: 2483 | B16: null | C16: 1 | D16: 2026-03-24 00:00:00 | E16: 003106020020000-310602002 | F16: 003106020020000-310602002 | G16: 肺阻抗血流图 | H16: null | I16: null | J16: 11.5 | K16: 10 | L16: 8.5 | M16: null | N16: 11.5 | O16: 10 | P16: 8.5 | R16: 25 | S16: 1 | T16: normal | U16: main | V16: 0 | W16: ="("&A16&","&B16&","&C16&",'"&D16&"','"&E16&"','"&F16&"','"&G16&"',"&H16&","&I16&","&J16&","&K16&","&L16&","&M16&","&N16&","&O16&","&P16&",'"&Q16&"',"&R16&","&S16&",'"&T16&"','"&U16&"',"&V16&")," -> (2483,null,1,'2026-03-24 00:00:00','003106020020000-310602002','003106020020000-310602002','肺阻抗血流图',null,null,11.5,10,8.5,null,11.5,10,8.5,'',25,1,'normal','main',0),
A17: 2484 | B17: null | C17: 1 | D17: 2026-03-24 00:00:00 | E17: 003106020030000-310602003 | F17: 003106020030000-310602003 | G17: 呼吸肌功能测定 | H17: null | I17: null | J17: 69 | K17: 60 | L17: 51 | M17: null | N17: 60 | O17: 54 | P17: 46 | Q17: 次 | R17: 25 | S17: 1 | T17: normal | U17: main | V17: 0 | W17: ="("&A17&","&B17&","&C17&",'"&D17&"','"&E17&"','"&F17&"','"&G17&"',"&H17&","&I17&","&J17&","&K17&","&L17&","&M17&","&N17&","&O17&","&P17&",'"&Q17&"',"&R17&","&S17&",'"&T17&"','"&U17&"',"&V17&")," -> (2484,null,1,'2026-03-24 00:00:00','003106020030000-310602003','003106020030000-310602003','呼吸肌功能测定',null,null,69,60,51,null,60,54,46,'次',25,1,'normal','main',0),
A18: 2485 | B18: null | C18: 1 | D18: 2026-03-24 00:00:00 | E18: 003106020030000-310602003 | F18: 003106020030000-310602003 | G18: 呼吸肌功能测定 | H18: null | I18: null | J18: 69 | K18: 60 | L18: 51 | M18: null | N18: 60 | O18: 54 | P18: 46 | Q18: 次 | R18: 25 | S18: 1 | T18: normal | U18: main | V18: 0 | W18: ="("&A18&","&B18&","&C18&",'"&D18&"','"&E18&"','"&F18&"','"&G18&"',"&H18&","&I18&","&J18&","&K18&","&L18&","&M18&","&N18&","&O18&","&P18&",'"&Q18&"',"&R18&","&S18&",'"&T18&"','"&U18&"',"&V18&")," -> (2485,null,1,'2026-03-24 00:00:00','003106020030000-310602003','003106020030000-310602003','呼吸肌功能测定',null,null,69,60,51,null,60,54,46,'次',25,1,'normal','main',0),
A19: 2486 | B19: null | C19: 1 | D19: 2026-03-24 00:00:00 | E19: 003106040010000-310604001 | F19: 003106040010000-310604001 | G19: 睡眠呼吸监测 | H19: null | I19: null | J19: 33 | K19: 31 | L19: 29 | M19: null | N19: =ROUND(380/11.5,2) -> 33.04 | O19: =ROUND(357/11.5,2) -> 31.04 | P19: =ROUND(335/11.5,2) -> 29.13 | Q19: 小时 | R19: 25 | S19: 1 | T19: normal | U19: main | V19: 0 | W19: ="("&A19&","&B19&","&C19&",'"&D19&"','"&E19&"','"&F19&"','"&G19&"',"&H19&","&I19&","&J19&","&K19&","&L19&","&M19&","&N19&","&O19&","&P19&",'"&Q19&"',"&R19&","&S19&",'"&T19&"','"&U19&"',"&V19&")," -> (2486,null,1,'2026-03-24 00:00:00','003106040010000-310604001','003106040010000-310604001','睡眠呼吸监测',null,null,33,31,29,null,33.04,31.04,29.13,'小时',25,1,'normal','main',0),
A20: 2487 | B20: null | C20: 1 | D20: 2026-03-24 00:00:00 | E20: 003106020040000-310602004 | F20: 003106020040000-310602004 | G20: 动态呼吸监测（呼吸Holter） | H20: null | I20: null | J20: 115 | K20: 100 | L20: 85 | M20: null | N20: 130 | O20: 115 | P20: 149 | Q20: 次 | R20: 25 | S20: 1 | T20: normal | U20: main | V20: 0 | W20: ="("&A20&","&B20&","&C20&",'"&D20&"','"&E20&"','"&F20&"','"&G20&"',"&H20&","&I20&","&J20&","&K20&","&L20&","&M20&","&N20&","&O20&","&P20&",'"&Q20&"',"&R20&","&S20&",'"&T20&"','"&U20&"',"&V20&")," -> (2487,null,1,'2026-03-24 00:00:00','003106020040000-310602004','003106020040000-310602004','动态呼吸监测（呼吸Holter）',null,null,115,100,85,null,130,115,149,'次',25,1,'normal','main',0),
A21: 2488 | B21: null | C21: 1 | D21: 2026-03-24 00:00:00 | E21: 003106040020000-310604002 | F21: 003106040020000-310604002 | G21: 睡眠呼吸监测过筛试验 | H21: null | I21: null | J21: 149.5 | K21: 130 | L21: 110.5 | M21: null | N21: 130 | O21: 115 | P21: 149 | Q21: 次 | R21: 25 | S21: 1 | T21: normal | U21: main | V21: 0 | W21: ="("&A21&","&B21&","&C21&",'"&D21&"','"&E21&"','"&F21&"','"&G21&"',"&H21&","&I21&","&J21&","&K21&","&L21&","&M21&","&N21&","&O21&","&P21&",'"&Q21&"',"&R21&","&S21&",'"&T21&"','"&U21&"',"&V21&")," -> (2488,null,1,'2026-03-24 00:00:00','003106040020000-310604002','003106040020000-310604002','睡眠呼吸监测过筛试验',null,null,149.5,130,110.5,null,130,115,149,'次',25,1,'normal','main',0),
A22: 2489 | B22: null | C22: 1 | D22: 2026-03-24 00:00:00 | E22: 003106050020000-310605002 | F22: 003106050020000-310605002 | G22: 纤维支气管镜检查 | H22: null | I22: null | J22: 138 | K22: 120 | L22: 102 | M22: null | N22: 240 | O22: 216 | P22: 190 | Q22: 次 | R22: 25 | S22: 1 | T22: normal | U22: main | V22: 0 | W22: ="("&A22&","&B22&","&C22&",'"&D22&"','"&E22&"','"&F22&"','"&G22&"',"&H22&","&I22&","&J22&","&K22&","&L22&","&M22&","&N22&","&O22&","&P22&",'"&Q22&"',"&R22&","&S22&",'"&T22&"','"&U22&"',"&V22&")," -> (2489,null,1,'2026-03-24 00:00:00','003106050020000-310605002','003106050020000-310605002','纤维支气管镜检查',null,null,138,120,102,null,240,216,190,'次',25,1,'normal','main',0),
A23: 2490 | B23: null | C23: 1 | D23: 2026-03-24 00:00:00 | E23: 003106050010000-310605001 | F23: 003106050010000-310605001 | G23: 硬质气管镜检查 | H23: null | I23: null | J23: 115 | K23: 100 | L23: 85 | M23: null | N23: 240 | O23: 216 | P23: 190 | Q23: 次 | R23: 25 | S23: 1 | T23: normal | U23: main | V23: 0 | W23: ="("&A23&","&B23&","&C23&",'"&D23&"','"&E23&"','"&F23&"','"&G23&"',"&H23&","&I23&","&J23&","&K23&","&L23&","&M23&","&N23&","&O23&","&P23&",'"&Q23&"',"&R23&","&S23&",'"&T23&"','"&U23&"',"&V23&")," -> (2490,null,1,'2026-03-24 00:00:00','003106050010000-310605001','003106050010000-310605001','硬质气管镜检查',null,null,115,100,85,null,240,216,190,'次',25,1,'normal','main',0),
A24: 2491 | B24: null | C24: 1 | D24: 2026-03-24 00:00:00 | E24: 003106050000001-31060500002 | F24: 003106050000001-31060500002 | G24: 呼吸系统窥镜诊疗（使用电子支气管镜加收） | H24: null | I24: null | J24: 138 | K24: 120 | L24: 102 | M24: null | N24: 0 | O24: 0 | P24: 0 | Q24: 次 | R24: 25 | S24: 1 | T24: normal | U24: main | V24: 0 | W24: ="("&A24&","&B24&","&C24&",'"&D24&"','"&E24&"','"&F24&"','"&G24&"',"&H24&","&I24&","&J24&","&K24&","&L24&","&M24&","&N24&","&O24&","&P24&",'"&Q24&"',"&R24&","&S24&",'"&T24&"','"&U24&"',"&V24&")," -> (2491,null,1,'2026-03-24 00:00:00','003106050000001-31060500002','003106050000001-31060500002','呼吸系统窥镜诊疗（使用电子支气管镜加收）',null,null,138,120,102,null,0,0,0,'次',25,1,'normal','main',0),
A25: 2492 | B25: null | C25: 1 | D25: 2026-03-24 00:00:00 | E25: 003106050000001-31060500001 | F25: 003106050000001-31060500001 | G25: 呼吸系统窥镜诊疗（使用电子纤维内镜加收） | H25: null | I25: null | J25: 115 | K25: 100 | L25: 85 | M25: null | N25: 0 | O25: 0 | P25: 0 | Q25: 次 | R25: 25 | S25: 1 | T25: normal | U25: main | V25: 0 | W25: ="("&A25&","&B25&","&C25&",'"&D25&"','"&E25&"','"&F25&"','"&G25&"',"&H25&","&I25&","&J25&","&K25&","&L25&","&M25&","&N25&","&O25&","&P25&",'"&Q25&"',"&R25&","&S25&",'"&T25&"','"&U25&"',"&V25&")," -> (2492,null,1,'2026-03-24 00:00:00','003106050000001-31060500001','003106050000001-31060500001','呼吸系统窥镜诊疗（使用电子纤维内镜加收）',null,null,115,100,85,null,0,0,0,'次',25,1,'normal','main',0),
A26: 2493 | B26: null | C26: 1 | D26: 2026-03-24 00:00:00 | E26: 003106050020000-310605015 | F26: 003106050020000-310605015 | G26: 超声支气管镜检查 | H26: null | I26: null | J26: 585 | K26: 527 | L26: 448 | M26: null | N26: 585 | O26: 527 | P26: 448 | Q26: 次 | R26: 25 | S26: 1 | T26: normal | U26: main | V26: 0 | W26: ="("&A26&","&B26&","&C26&",'"&D26&"','"&E26&"','"&F26&"','"&G26&"',"&H26&","&I26&","&J26&","&K26&","&L26&","&M26&","&N26&","&O26&","&P26&",'"&Q26&"',"&R26&","&S26&",'"&T26&"','"&U26&"',"&V26&")," -> (2493,null,1,'2026-03-24 00:00:00','003106050020000-310605015','003106050020000-310605015','超声支气管镜检查',null,null,585,527,448,null,585,527,448,'次',25,1,'normal','main',0),
A27: 2494 | B27: null | C27: 1 | D27: 2026-03-24 00:00:00 | E27: 003106050140000-310605014 | F27: 003106050140000-310605014 | G27: 纵隔镜检查 | H27: null | I27: null | J27: 575 | K27: 500 | L27: 425 | M27: null | N27: 540 | O27: 490 | P27: 415 | Q27: 次 | R27: 25 | S27: 1 | T27: normal | U27: main | V27: 0 | W27: ="("&A27&","&B27&","&C27&",'"&D27&"','"&E27&"','"&F27&"','"&G27&"',"&H27&","&I27&","&J27&","&K27&","&L27&","&M27&","&N27&","&O27&","&P27&",'"&Q27&"',"&R27&","&S27&",'"&T27&"','"&U27&"',"&V27&")," -> (2494,null,1,'2026-03-24 00:00:00','003106050140000-310605014','003106050140000-310605014','纵隔镜检查',null,null,575,500,425,null,540,490,415,'次',25,1,'normal','main',0),
A28: 2495 | B28: null | C28: 1 | D28: 2026-03-24 00:00:00 | E28: 003106030030000-310603003 | F28: 003106030030000-310603003 | G28: 体外膈肌起搏治疗 | H28: null | I28: null | J28: 17.3 | K28: 15 | L28: 12.8 | M28: null | N28: 15 | O28: 14 | P28: 13 | Q28: 次 | R28: 25 | S28: 1 | T28: normal | U28: main | V28: 0 | W28: ="("&A28&","&B28&","&C28&",'"&D28&"','"&E28&"','"&F28&"','"&G28&"',"&H28&","&I28&","&J28&","&K28&","&L28&","&M28&","&N28&","&O28&","&P28&",'"&Q28&"',"&R28&","&S28&",'"&T28&"','"&U28&"',"&V28&")," -> (2495,null,1,'2026-03-24 00:00:00','003106030030000-310603003','003106030030000-310603003','体外膈肌起搏治疗',null,null,17.3,15,12.8,null,15,14,13,'次',25,1,'normal','main',0),
A29: 2496 | B29: null | C29: 1 | D29: 2026-03-24 00:00:00 | E29: 353106040090000-12030000140 | F29: 353106040090000-12030000140 | G29: 一氧化氮吸入 | H29: null | I29: null | J29: 9 | K29: 9 | L29: 9 | M29: null | N29: 45 | O29: 45 | P29: 41 | Q29: 小时 | R29: 25 | S29: 1 | T29: normal | U29: main | V29: 0 | W29: ="("&A29&","&B29&","&C29&",'"&D29&"','"&E29&"','"&F29&"','"&G29&"',"&H29&","&I29&","&J29&","&K29&","&L29&","&M29&","&N29&","&O29&","&P29&",'"&Q29&"',"&R29&","&S29&",'"&T29&"','"&U29&"',"&V29&")," -> (2496,null,1,'2026-03-24 00:00:00','353106040090000-12030000140','353106040090000-12030000140','一氧化氮吸入',null,null,9,9,9,null,45,45,41,'小时',25,1,'normal','main',0),
A30: 2497 | B30: null | C30: 1 | D30: 2026-03-24 00:00:00 | E30: 001207000010000-120700001 | F30: 001207000010000-120700001 | G30: 雾化吸入 | H30: null | I30: null | J30: 0 | K30: 0 | L30: 0 | M30: null | N30: 13 | O30: 12 | P30: 11 | Q30: 次 | R30: 25 | S30: 1 | T30: normal | U30: main | V30: 0 | W30: ="("&A30&","&B30&","&C30&",'"&D30&"','"&E30&"','"&F30&"','"&G30&"',"&H30&","&I30&","&J30&","&K30&","&L30&","&M30&","&N30&","&O30&","&P30&",'"&Q30&"',"&R30&","&S30&",'"&T30&"','"&U30&"',"&V30&")," -> (2497,null,1,'2026-03-24 00:00:00','001207000010000-120700001','001207000010000-120700001','雾化吸入',null,null,0,0,0,null,13,12,11,'次',25,1,'normal','main',0),
A31: 2498 | B31: null | C31: 1 | D31: 2026-03-24 00:00:00 | E31: 001207000010100-12070000101 | F31: 001207000010100-12070000101 | G31: 超声雾化吸入 | H31: null | I31: null | J31: 5 | K31: 5 | L31: 4.3 | M31: null | N31: 13 | O31: 12 | P31: 11 | Q31: 次 | R31: 25 | S31: 1 | T31: normal | U31: main | V31: 0 | W31: ="("&A31&","&B31&","&C31&",'"&D31&"','"&E31&"','"&F31&"','"&G31&"',"&H31&","&I31&","&J31&","&K31&","&L31&","&M31&","&N31&","&O31&","&P31&",'"&Q31&"',"&R31&","&S31&",'"&T31&"','"&U31&"',"&V31&")," -> (2498,null,1,'2026-03-24 00:00:00','001207000010100-12070000101','001207000010100-12070000101','超声雾化吸入',null,null,5,5,4.3,null,13,12,11,'次',25,1,'normal','main',0),
... A85: 2552 | B85: null | C85: 1 | D85: 2026-03-24 00:00:00 | E85: 003307020040001-33070200404 | F85: 003307020040001-33070200404 | G85: 经胸腔镜肺减容手术 | H85: null | I85: null | J85: 4005 | K85: 3640 | L85: 3090 | M85: null | N85: 4700 | O85: 4300 | P85: 3800 | Q85: 次 | R85: 25 | S85: 1 | T85: normal | U85: main | V85: 0 | W85: ="("&A85&","&B85&","&C85&",'"&D85&"','"&E85&"','"&F85&"','"&G85&"',"&H85&","&I85&","&J85&","&K85&","&L85&","&M85&","&N85&","&O85&","&P85&",'"&Q85&"',"&R85&","&S85&",'"&T85&"','"&U85&"',"&V85&")," -> (2552,null,1,'2026-03-24 00:00:00','003307020040001-33070200404','003307020040001-33070200404','经胸腔镜肺减容手术',null,null,4005,3640,3090,null,4700,4300,3800,'次',25,1,'normal','main',0),
A86: 2553 | B86: null | C86: 1 | D86: 2026-03-24 00:00:00 | E86: 003307020090000-330702009 | F86: 003307020090000-330702009 | G86: 肺大泡切除修补术 | H86: null | I86: null | J86: 1875 | K86: 1800 | L86: 1530 | M86: null | N86: =2.11*4700 -> 9917 | O86: =1.4*4300 -> 6020 | P86: =1*3800 -> 3800 | Q86: 次 | R86: 25 | S86: 1 | T86: normal | U86: main | V86: 0 | W86: ="("&A86&","&B86&","&C86&",'"&D86&"','"&E86&"','"&F86&"','"&G86&"',"&H86&","&I86&","&J86&","&K86&","&L86&","&M86&","&N86&","&O86&","&P86&",'"&Q86&"',"&R86&","&S86&",'"&T86&"','"&U86&"',"&V86&")," -> (2553,null,1,'2026-03-24 00:00:00','003307020090000-330702009','003307020090000-330702009','肺大泡切除修补术',null,null,1875,1800,1530,null,9917,6020,3800,'次',25,1,'normal','main',0),
A87: 2554 | B87: null | C87: 1 | D87: 2026-03-24 00:00:00 | E87: 003307020090001-33070200904 | F87: 003307020090001-33070200904 | G87: 经胸腔镜肺大泡切除修补术 | H87: null | I87: null | J87: 2500 | K87: 2400 | L87: 2040 | M87: null | N87: =2.48*4700 -> 11656 | O87: =3.19*4300 -> 13717 | P87: =3*3800 -> 11400 | Q87: 次 | R87: 25 | S87: 1 | T87: normal | U87: main | V87: 0 | W87: ="("&A87&","&B87&","&C87&",'"&D87&"','"&E87&"','"&F87&"','"&G87&"',"&H87&","&I87&","&J87&","&K87&","&L87&","&M87&","&N87&","&O87&","&P87&",'"&Q87&"',"&R87&","&S87&",'"&T87&"','"&U87&"',"&V87&")," -> (2554,null,1,'2026-03-24 00:00:00','003307020090001-33070200904','003307020090001-33070200904','经胸腔镜肺大泡切除修补术',null,null,2500,2400,2040,null,11656,13717,11400,'次',25,1,'normal','main',0),
A88: 2555 | B88: null | C88: 1 | D88: 2026-03-24 00:00:00 | E88: 003307020150000-330702015 | F88: 003307020150000-330702015 | G88: 肺包虫病内囊摘除术 | H88: null | I88: null | J88: 3040 | K88: 2740 | L88: 2330 | M88: null | N88: =2.11*4700 -> 9917 | O88: =1.4*4300 -> 6020 | P88: =1*3800 -> 3800 | Q88: 次 | R88: 25 | S88: 1 | T88: normal | U88: main | V88: 0 | W88: ="("&A88&","&B88&","&C88&",'"&D88&"','"&E88&"','"&F88&"','"&G88&"',"&H88&","&I88&","&J88&","&K88&","&L88&","&M88&","&N88&","&O88&","&P88&",'"&Q88&"',"&R88&","&S88&",'"&T88&"','"&U88&"',"&V88&")," -> (2555,null,1,'2026-03-24 00:00:00','003307020150000-330702015','003307020150000-330702015','肺包虫病内囊摘除术',null,null,3040,2740,2330,null,9917,6020,3800,'次',25,1,'normal','main',0),
A89: 2556 | B89: null | C89: 1 | D89: 2026-03-24 00:00:00 | E89: 003307020150001-33070201504 | F89: 003307020150001-33070201504 | G89: 经胸腔镜肺包虫病内囊摘除术 | H89: null | I89: null | J89: 3665 | K89: 3340 | L89: 2840 | M89: null | N89: =2.48*4700 -> 11656 | O89: =3.19*4300 -> 13717 | P89: =3*3800 -> 11400 | Q89: 次 | R89: 25 | S89: 1 | T89: normal | U89: main | V89: 0 | W89: ="("&A89&","&B89&","&C89&",'"&D89&"','"&E89&"','"&F89&"','"&G89&"',"&H89&","&I89&","&J89&","&K89&","&L89&","&M89&","&N89&","&O89&","&P89&",'"&Q89&"',"&R89&","&S89&",'"&T89&"','"&U89&"',"&V89&")," -> (2556,null,1,'2026-03-24 00:00:00','003307020150001-33070201504','003307020150001-33070201504','经胸腔镜肺包虫病内囊摘除术',null,null,3665,3340,2840,null,11656,13717,11400,'次',25,1,'normal','main',0),
A90: 2557 | B90: null | C90: 1 | D90: 2026-03-24 00:00:00 | E90: 003307020020000-330702002 | F90: 003307020020000-330702002 | G90: 肺癌根治术 | H90: null | I90: null | J90: 7980 | K90: 7180 | L90: 5745 | M90: null | N90: 0 | O90: 0 | P90: 0 | Q90: 次 | R90: 25 | S90: 1 | T90: normal | U90: main | V90: 0 | W90: ="("&A90&","&B90&","&C90&",'"&D90&"','"&E90&"','"&F90&"','"&G90&"',"&H90&","&I90&","&J90&","&K90&","&L90&","&M90&","&N90&","&O90&","&P90&",'"&Q90&"',"&R90&","&S90&",'"&T90&"','"&U90&"',"&V90&")," -> (2557,null,1,'2026-03-24 00:00:00','003307020020000-330702002','003307020020000-330702002','肺癌根治术',null,null,7980,7180,5745,null,0,0,0,'次',25,1,'normal','main',0),
A91: 2558 | B91: null | C91: 1 | D91: 2026-03-24 00:00:00 | E91: 003307020020001-33070200204 | F91: 003307020020001-33070200204 | G91: 经胸腔镜肺癌根治术 | H91: null | I91: null | J91: 8605 | K91: 7780 | L91: 6255 | M91: null | N91: 0 | O91: 0 | P91: 0 | Q91: 次 | R91: 25 | S91: 1 | T91: normal | U91: main | V91: 0 | W91: ="("&A91&","&B91&","&C91&",'"&D91&"','"&E91&"','"&F91&"','"&G91&"',"&H91&","&I91&","&J91&","&K91&","&L91&","&M91&","&N91&","&O91&","&P91&",'"&Q91&"',"&R91&","&S91&",'"&T91&"','"&U91&"',"&V91&")," -> (2558,null,1,'2026-03-24 00:00:00','003307020020001-33070200204','003307020020001-33070200204','经胸腔镜肺癌根治术',null,null,8605,7780,6255,null,0,0,0,'次',25,1,'normal','main',0),
A92: 2559 | B92: null | C92: 1 | D92: 2026-03-24 00:00:00 | E92: 003307020050000-33070200502 | F92: 003307020050000-33070200502 | G92: 小儿肺楔形切除术 | H92: null | I92: null | J92: 2840 | K92: 2555 | L92: 2040 | M92: null | N92: 6110 | O92: 5590 | P92: 4940 | Q92: 次 | R92: 25 | S92: 1 | T92: normal | U92: main | V92: 0 | W92: ="("&A92&","&B92&","&C92&",'"&D92&"','"&E92&"','"&F92&"','"&G92&"',"&H92&","&I92&","&J92&","&K92&","&L92&","&M92&","&N92&","&O92&","&P92&",'"&Q92&"',"&R92&","&S92&",'"&T92&"','"&U92&"',"&V92&")," -> (2559,null,1,'2026-03-24 00:00:00','003307020050000-33070200502','003307020050000-33070200502','小儿肺楔形切除术',null,null,2840,2555,2040,null,6110,5590,4940,'次',25,1,'normal','main',0),
A93: 2560 | B93: null | C93: 1 | D93: 2026-03-24 00:00:00 | E93: 003307020040000-33070200402 | F93: 003307020040000-33070200402 | G93: 小儿肺减容手术 | H93: null | I93: null | J93: 4395 | K93: 3950 | L93: 3360 | M93: null | N93: 6110 | O93: 5590 | P93: 4940 | Q93: 次 | R93: 25 | S93: 1 | T93: normal | U93: main | V93: 0 | W93: ="("&A93&","&B93&","&C93&",'"&D93&"','"&E93&"','"&F93&"','"&G93&"',"&H93&","&I93&","&J93&","&K93&","&L93&","&M93&","&N93&","&O93&","&P93&",'"&Q93&"',"&R93&","&S93&",'"&T93&"','"&U93&"',"&V93&")," -> (2560,null,1,'2026-03-24 00:00:00','003307020040000-33070200402','003307020040000-33070200402','小儿肺减容手术',null,null,4395,3950,3360,null,6110,5590,4940,'次',25,1,'normal','main',0),
A94: 2561 | B94: null | C94: 1 | D94: 2026-03-24 00:00:00 | E94: 003307020090000-33070200902 | F94: 003307020090000-33070200902 | G94: 小儿肺大泡切除修补术 | H94: null | I94: null | J94: 2440 | K94: 2340 | L94: 1990 | M94: null | N94: 6110 | O94: 5590 | P94: 4940 | Q94: 次 | R94: 25 | S94: 1 | T94: normal | U94: main | V94: 0 | W94: ="("&A94&","&B94&","&C94&",'"&D94&"','"&E94&"','"&F94&"','"&G94&"',"&H94&","&I94&","&J94&","&K94&","&L94&","&M94&","&N94&","&O94&","&P94&",'"&Q94&"',"&R94&","&S94&",'"&T94&"','"&U94&"',"&V94&")," -> (2561,null,1,'2026-03-24 00:00:00','003307020090000-33070200902','003307020090000-33070200902','小儿肺大泡切除修补术',null,null,2440,2340,1990,null,6110,5590,4940,'次',25,1,'normal','main',0),
A95: 2562 | B95: null | C95: 1 | D95: 2026-03-24 00:00:00 | E95: 003307020150000-33070201502 | F95: 003307020150000-33070201502 | G95: 小儿肺包虫病内囊摘除术 | H95: null | I95: null | J95: 3950 | K95: 3560 | L95: 3025 | M95: null | N95: 6110 | O95: 5590 | P95: 4940 | Q95: 次 | R95: 25 | S95: 1 | T95: normal | U95: main | V95: 0 | W95: ="("&A95&","&B95&","&C95&",'"&D95&"','"&E95&"','"&F95&"','"&G95&"',"&H95&","&I95&","&J95&","&K95&","&L95&","&M95&","&N95&","&O95&","&P95&",'"&Q95&"',"&R95&","&S95&",'"&T95&"','"&U95&"',"&V95&")," -> (2562,null,1,'2026-03-24 00:00:00','003307020150000-33070201502','003307020150000-33070201502','小儿肺包虫病内囊摘除术',null,null,3950,3560,3025,null,6110,5590,4940,'次',25,1,'normal','main',0),
A96: 2563 | B96: null | C96: 1 | D96: 2026-03-24 00:00:00 | E96: 003307020040001-33070200406 | F96: 003307020040001-33070200406 | G96: 小儿经胸腔镜肺减容手术 | H96: null | I96: null | J96: 5020 | K96: 4550 | L96: 3870 | M96: null | N96: 6110 | O96: 5590 | P96: 4940 | Q96: 次 | R96: 25 | S96: 1 | T96: normal | U96: main | V96: 0 | W96: ="("&A96&","&B96&","&C96&",'"&D96&"','"&E96&"','"&F96&"','"&G96&"',"&H96&","&I96&","&J96&","&K96&","&L96&","&M96&","&N96&","&O96&","&P96&",'"&Q96&"',"&R96&","&S96&",'"&T96&"','"&U96&"',"&V96&")," -> (2563,null,1,'2026-03-24 00:00:00','003307020040001-33070200406','003307020040001-33070200406','小儿经胸腔镜肺减容手术',null,null,5020,4550,3870,null,6110,5590,4940,'次',25,1,'normal','main',0),
A97: 2564 | B97: null | C97: 1 | D97: 2026-03-24 00:00:00 | E97: 003307020050001-33070200506 | F97: 003307020050001-33070200506 | G97: 小儿经胸腔镜肺楔形切除术 | H97: null | I97: null | J97: 3465 | K97: 3155 | L97: 2550 | M97: null | N97: 6110 | O97: 5590 | P97: 4940 | Q97: 次 | R97: 25 | S97: 1 | T97: normal | U97: main | V97: 0 | W97: ="("&A97&","&B97&","&C97&",'"&D97&"','"&E97&"','"&F97&"','"&G97&"',"&H97&","&I97&","&J97&","&K97&","&L97&","&M97&","&N97&","&O97&","&P97&",'"&Q97&"',"&R97&","&S97&",'"&T97&"','"&U97&"',"&V97&")," -> (2564,null,1,'2026-03-24 00:00:00','003307020050001-33070200506','003307020050001-33070200506','小儿经胸腔镜肺楔形切除术',null,null,3465,3155,2550,null,6110,5590,4940,'次',25,1,'normal','main',0),
A98: 2565 | B98: null | C98: 1 | D98: 2026-03-24 00:00:00 | E98: 003307020090001-33070200906 | F98: 003307020090001-33070200906 | G98: 小儿经胸腔镜肺大泡切除修补术 | H98: null | I98: null | J98: 3065 | K98: 2940 | L98: 2500 | M98: null | N98: 6110 | O98: 5590 | P98: 4940 | Q98: 次 | R98: 25 | S98: 1 | T98: normal | U98: main | V98: 0 | W98: ="("&A98&","&B98&","&C98&",'"&D98&"','"&E98&"','"&F98&"','"&G98&"',"&H98&","&I98&","&J98&","&K98&","&L98&","&M98&","&N98&","&O98&","&P98&",'"&Q98&"',"&R98&","&S98&",'"&T98&"','"&U98&"',"&V98&")," -> (2565,null,1,'2026-03-24 00:00:00','003307020090001-33070200906','003307020090001-33070200906','小儿经胸腔镜肺大泡切除修补术',null,null,3065,2940,2500,null,6110,5590,4940,'次',25,1,'normal','main',0),
A99: 2566 | B99: null | C99: 1 | D99: 2026-03-24 00:00:00 | E99: 003307020150001-33070201505 | F99: 003307020150001-33070201505 | G99: 小儿经胸腔镜肺包虫病内囊摘除术 | H99: null | I99: null | J99: 4575 | K99: 4160 | L99: 3535 | M99: null | N99: 6110 | O99: 5590 | P99: 4940 | Q99: 次 | R99: 25 | S99: 1 | T99: normal | U99: main | V99: 0 | W99: ="("&A99&","&B99&","&C99&",'"&D99&"','"&E99&"','"&F99&"','"&G99&"',"&H99&","&I99&","&J99&","&K99&","&L99&","&M99&","&N99&","&O99&","&P99&",'"&Q99&"',"&R99&","&S99&",'"&T99&"','"&U99&"',"&V99&")," -> (2566,null,1,'2026-03-24 00:00:00','003307020150001-33070201505','003307020150001-33070201505','小儿经胸腔镜肺包虫病内囊摘除术',null,null,4575,4160,3535,null,6110,5590,4940,'次',25,1,'normal','main',0),
A100: 2567 | B100: null | C100: 1 | D100: 2026-03-24 00:00:00 | E100: 003307020020000-33070200202 | F100: 003307020020000-33070200202 | G100: 小儿肺癌根治术 | H100: null | I100: null | J100: 10375 | K100: 9335 | L100: 7470 | M100: null | N100: 6110 | O100: 5590 | P100: 4940 | Q100: 次 | R100: 25 | S100: 1 | T100: normal | U100: main | V100: 0 | W100: ="("&A100&","&B100&","&C100&",'"&D100&"','"&E100&"','"&F100&"','"&G100&"',"&H100&","&I100&","&J100&","&K100&","&L100&","&M100&","&N100&","&O100&","&P100&",'"&Q100&"',"&R100&","&S100&",'"&T100&"','"&U100&"',"&V100&")," -> (2567,null,1,'2026-03-24 00:00:00','003307020020000-33070200202','003307020020000-33070200202','小儿肺癌根治术',null,null,10375,9335,7470,null,6110,5590,4940,'次',25,1,'normal','main',0),
A101: 2568 | B101: null | C101: 1 | D101: 2026-03-24 00:00:00 | E101: 003307020020001-33070200206 | F101: 003307020020001-33070200206 | G101: 小儿经胸腔镜肺癌根治术 | H101: null | I101: null | J101: 11000 | K101: 9935 | L101: 7980 | M101: null | N101: 6110 | O101: 5590 | P101: 4940 | Q101: 次 | R101: 25 | S101: 1 | T101: normal | U101: main | V101: 0 | W101: ="("&A101&","&B101&","&C101&",'"&D101&"','"&E101&"','"&F101&"','"&G101&"',"&H101&","&I101&","&J101&","&K101&","&L101&","&M101&","&N101&","&O101&","&P101&",'"&Q101&"',"&R101&","&S101&",'"&T101&"','"&U101&"',"&V101&")," -> (2568,null,1,'2026-03-24 00:00:00','003307020020001-33070200206','003307020020001-33070200206','小儿经胸腔镜肺癌根治术',null,null,11000,9935,7980,null,6110,5590,4940,'次',25,1,'normal','main',0),
A102: 2569 | B102: null | C102: 1 | D102: 2026-03-24 00:00:00 | E102: 003307020060000-330702006 | F102: 003307020060000-330702006 | G102: 肺叶切除术 | H102: null | I102: null | J102: 3110 | K102: 2800 | L102: 2380 | M102: null | N102: =2.11*6100 -> 12871 | O102: =1.4*5650 -> 7910 | P102: =1*4800 -> 4800 | Q102: 次 | R102: 25 | S102: 1 | T102: normal | U102: main | V102: 0 | W102: ="("&A102&","&B102&","&C102&",'"&D102&"','"&E102&"','"&F102&"','"&G102&"',"&H102&","&I102&","&J102&","&K102&","&L102&","&M102&","&N102&","&O102&","&P102&",'"&Q102&"',"&R102&","&S102&",'"&T102&"','"&U102&"',"&V102&")," -> (2569,null,1,'2026-03-24 00:00:00','003307020060000-330702006','003307020060000-330702006','肺叶切除术',null,null,3110,2800,2380,null,12871,7910,4800,'次',25,1,'normal','main',0),
A103: 2570 | B103: null | C103: 1 | D103: 2026-03-24 00:00:00 | E103: 003307020060001-33070200604 | F103: 003307020060001-33070200604 | G103: 经胸腔镜肺叶切除术 | H103: null | I103: null | J103: 3735 | K103: 3400 | L103: 2890 | M103: null | N103: =2.48*6100 -> 15128 | O103: =3.19*5650 -> 18023.5 | P103: =3*4800 -> 14400 | Q103: 次 | R103: 25 | S103: 1 | T103: normal | U103: main | V103: 0 | W103: ="("&A103&","&B103&","&C103&",'"&D103&"','"&E103&"','"&F103&"','"&G103&"',"&H103&","&I103&","&J103&","&K103&","&L103&","&M103&","&N103&","&O103&","&P103&",'"&Q103&"',"&R103&","&S103&",'"&T103&"','"&U103&"',"&V103&")," -> (2570,null,1,'2026-03-24 00:00:00','003307020060001-33070200604','003307020060001-33070200604','经胸腔镜肺叶切除术',null,null,3735,3400,2890,null,15128,18023.5,14400,'次',25,1,'normal','main',0),
A104: 2571 | B104: null | C104: 1 | D104: 2026-03-24 00:00:00 | E104: 003307020060000-33070200602 | F104: 003307020060000-33070200602 | G104: 小儿肺叶切除术 | H104: null | I104: null | J104: 4045 | K104: 3640 | L104: 3095 | M104: null | N104: 7930 | O104: 7345 | P104: 6240 | Q104: 次 | R104: 25 | S104: 1 | T104: normal | U104: main | V104: 0 | W104: ="("&A104&","&B104&","&C104&",'"&D104&"','"&E104&"','"&F104&"','"&G104&"',"&H104&","&I104&","&J104&","&K104&","&L104&","&M104&","&N104&","&O104&","&P104&",'"&Q104&"',"&R104&","&S104&",'"&T104&"','"&U104&"',"&V104&")," -> (2571,null,1,'2026-03-24 00:00:00','003307020060000-33070200602','003307020060000-33070200602','小儿肺叶切除术',null,null,4045,3640,3095,null,7930,7345,6240,'次',25,1,'normal','main',0),
A105: 2572 | B105: null | C105: 1 | D105: 2026-03-24 00:00:00 | E105: 003307020060001-33070200606 | F105: 003307020060001-33070200606 | G105: 小儿经胸腔镜肺叶切除术 | H105: null | I105: null | J105: 4670 | K105: 4240 | L105: 3605 | M105: null | N105: 7930 | O105: 7345 | P105: 6240 | Q105: 次 | R105: 25 | S105: 1 | T105: normal | U105: main | V105: 0 | W105: ="("&A105&","&B105&","&C105&",'"&D105&"','"&E105&"','"&F105&"','"&G105&"',"&H105&","&I105&","&J105&","&K105&","&L105&","&M105&","&N105&","&O105&","&P105&",'"&Q105&"',"&R105&","&S105&",'"&T105&"','"&U105&"',"&V105&")," -> (2572,null,1,'2026-03-24 00:00:00','003307020060001-33070200606','003307020060001-33070200606','小儿经胸腔镜肺叶切除术',null,null,4670,4240,3605,null,7930,7345,6240,'次',25,1,'normal','main',0),
A106: 2573 | B106: null | C106: 1 | D106: 2026-03-24 00:00:00 | E106: 003307020020000-33070200202 | F106: 003307020020000-33070200202 | G106: 小儿肺癌根治术 | H106: null | I106: null | J106: 10375 | K106: 9335 | L106: 7470 | M106: null | N106: 7930 | O106: 7345 | P106: 6240 | Q106: 次 | R106: 25 | S106: 1 | T106: normal | U106: main | V106: 0 | W106: ="("&A106&","&B106&","&C106&",'"&D106&"','"&E106&"','"&F106&"','"&G106&"',"&H106&","&I106&","&J106&","&K106&","&L106&","&M106&","&N106&","&O106&","&P106&",'"&Q106&"',"&R106&","&S106&",'"&T106&"','"&U106&"',"&V106&")," -> (2573,null,1,'2026-03-24 00:00:00','003307020020000-33070200202','003307020020000-33070200202','小儿肺癌根治术',null,null,10375,9335,7470,null,7930,7345,6240,'次',25,1,'normal','main',0),
A107: 2574 | B107: null | C107: 1 | D107: 2026-03-24 00:00:00 | E107: 003307020020001-33070200206 | F107: 003307020020001-33070200206 | G107: 小儿经胸腔镜肺癌根治术 | H107: null | I107: null | J107: 11000 | K107: 9935 | L107: 7980 | M107: null | N107: 7930 | O107: 7345 | P107: 6240 | Q107: 次 | R107: 25 | S107: 1 | T107: normal | U107: main | V107: 0 | W107: ="("&A107&","&B107&","&C107&",'"&D107&"','"&E107&"','"&F107&"','"&G107&"',"&H107&","&I107&","&J107&","&K107&","&L107&","&M107&","&N107&","&O107&","&P107&",'"&Q107&"',"&R107&","&S107&",'"&T107&"','"&U107&"',"&V107&")," -> (2574,null,1,'2026-03-24 00:00:00','003307020020001-33070200206','003307020020001-33070200206','小儿经胸腔镜肺癌根治术',null,null,11000,9935,7980,null,7930,7345,6240,'次',25,1,'normal','main',0),
A108: 2575 | B108: null | C108: 1 | D108: 2026-03-24 00:00:00 | E108: 003307020070000-330702007 | F108: 003307020070000-330702007 | G108: 袖状肺叶切除术 | H108: null | I108: null | J108: 5800 | K108: 5200 | L108: 4700 | M108: null | N108: =2.11*7400 -> 15614 | O108: =1.4*6750 -> 9450 | P108: =1*6000 -> 6000 | Q108: 次 | R108: 25 | S108: 1 | T108: normal | U108: main | V108: 0 | W108: ="("&A108&","&B108&","&C108&",'"&D108&"','"&E108&"','"&F108&"','"&G108&"',"&H108&","&I108&","&J108&","&K108&","&L108&","&M108&","&N108&","&O108&","&P108&",'"&Q108&"',"&R108&","&S108&",'"&T108&"','"&U108&"',"&V108&")," -> (2575,null,1,'2026-03-24 00:00:00','003307020070000-330702007','003307020070000-330702007','袖状肺叶切除术',null,null,5800,5200,4700,null,15614,9450,6000,'次',25,1,'normal','main',0),
A109: 2576 | B109: null | C109: 1 | D109: 2026-03-24 00:00:00 | E109: 003307020070000-33070200704 | F109: 003307020070000-33070200704 | G109: 经胸腔镜袖状肺叶切除术 | H109: null | I109: null | J109: 6425 | K109: 5800 | L109: 5210 | M109: null | N109: =2.48*7400 -> 18352 | O109: =3.19*6750 -> 21532.5 | P109: =3*6000 -> 18000 | Q109: 次 | R109: 25 | S109: 1 | T109: normal | U109: main | V109: 0 | W109: ="("&A109&","&B109&","&C109&",'"&D109&"','"&E109&"','"&F109&"','"&G109&"',"&H109&","&I109&","&J109&","&K109&","&L109&","&M109&","&N109&","&O109&","&P109&",'"&Q109&"',"&R109&","&S109&",'"&T109&"','"&U109&"',"&V109&")," -> (2576,null,1,'2026-03-24 00:00:00','003307020070000-33070200704','003307020070000-33070200704','经胸腔镜袖状肺叶切除术',null,null,6425,5800,5210,null,18352,21532.5,18000,'次',25,1,'normal','main',0),
A110: 2577 | B110: null | C110: 1 | D110: 2026-03-24 00:00:00 | E110: 003307020070000-33070200702 | F110: 003307020070000-33070200702 | G110: 小儿袖状肺叶切除术 | H110: null | I110: null | J110: 7540 | K110: 6760 | L110: 6110 | M110: null | N110: 9620 | O110: 8775 | P110: 7800 | Q110: 次 | R110: 25 | S110: 1 | T110: normal | U110: main | V110: 0 | W110: ="("&A110&","&B110&","&C110&",'"&D110&"','"&E110&"','"&F110&"','"&G110&"',"&H110&","&I110&","&J110&","&K110&","&L110&","&M110&","&N110&","&O110&","&P110&",'"&Q110&"',"&R110&","&S110&",'"&T110&"','"&U110&"',"&V110&")," -> (2577,null,1,'2026-03-24 00:00:00','003307020070000-33070200702','003307020070000-33070200702','小儿袖状肺叶切除术',null,null,7540,6760,6110,null,9620,8775,7800,'次',25,1,'normal','main',0),
A111: 2578 | B111: null | C111: 1 | D111: 2026-03-24 00:00:00 | E111: 003307020070000-33070200706 | F111: 003307020070000-33070200706 | G111: 小儿经胸腔镜袖状肺叶切除术 | H111: null | I111: null | J111: 8165 | K111: 7360 | L111: 6620 | M111: null | N111: 9620 | O111: 8775 | P111: 7800 | Q111: 次 | R111: 25 | S111: 1 | T111: normal | U111: main | V111: 0 | W111: ="("&A111&","&B111&","&C111&",'"&D111&"','"&E111&"','"&F111&"','"&G111&"',"&H111&","&I111&","&J111&","&K111&","&L111&","&M111&","&N111&","&O111&","&P111&",'"&Q111&"',"&R111&","&S111&",'"&T111&"','"&U111&"',"&V111&")," -> (2578,null,1,'2026-03-24 00:00:00','003307020070000-33070200706','003307020070000-33070200706','小儿经胸腔镜袖状肺叶切除术',null,null,8165,7360,6620,null,9620,8775,7800,'次',25,1,'normal','main',0),
A112: 2579 | B112: null | C112: 1 | D112: 2026-03-24 00:00:00 | E112: 003307020020000-33070200202 | F112: 003307020020000-33070200202 | G112: 小儿肺癌根治术 | H112: null | I112: null | J112: 10375 | K112: 9335 | L112: 7470 | M112: null | N112: 9620 | O112: 8775 | P112: 7800 | Q112: 次 | R112: 25 | S112: 1 | T112: normal | U112: main | V112: 0 | W112: ="("&A112&","&B112&","&C112&",'"&D112&"','"&E112&"','"&F112&"','"&G112&"',"&H112&","&I112&","&J112&","&K112&","&L112&","&M112&","&N112&","&O112&","&P112&",'"&Q112&"',"&R112&","&S112&",'"&T112&"','"&U112&"',"&V112&")," -> (2579,null,1,'2026-03-24 00:00:00','003307020020000-33070200202','003307020020000-33070200202','小儿肺癌根治术',null,null,10375,9335,7470,null,9620,8775,7800,'次',25,1,'normal','main',0),
A113: 2580 | B113: null | C113: 1 | D113: 2026-03-24 00:00:00 | E113: 003307020020001-33070200206 | F113: 003307020020001-33070200206 | G113: 小儿经胸腔镜肺癌根治术 | H113: null | I113: null | J113: 11000 | K113: 9935 | L113: 7980 | M113: null | N113: 9620 | O113: 8775 | P113: 7800 | Q113: 次 | R113: 25 | S113: 1 | T113: normal | U113: main | V113: 0 | W113: ="("&A113&","&B113&","&C113&",'"&D113&"','"&E113&"','"&F113&"','"&G113&"',"&H113&","&I113&","&J113&","&K113&","&L113&","&M113&","&N113&","&O113&","&P113&",'"&Q113&"',"&R113&","&S113&",'"&T113&"','"&U113&"',"&V113&")," -> (2580,null,1,'2026-03-24 00:00:00','003307020020001-33070200206','003307020020001-33070200206','小儿经胸腔镜肺癌根治术',null,null,11000,9935,7980,null,9620,8775,7800,'次',25,1,'normal','main',0),
A114: 2581 | B114: null | C114: 1 | D114: 2026-03-24 00:00:00 | E114: 003307020030000-330702003 | F114: 003307020030000-330702003 | G114: 肺段切除术 | H114: null | I114: null | J114: 3710 | K114: 3340 | L114: 2840 | M114: null | N114: =2.11*6500 -> 13715 | O114: =1.4*5900 -> 8260 | P114: 5200 | Q114: 次 | R114: 25 | S114: 1 | T114: normal | U114: main | V114: 0 | W114: ="("&A114&","&B114&","&C114&",'"&D114&"','"&E114&"','"&F114&"','"&G114&"',"&H114&","&I114&","&J114&","&K114&","&L114&","&M114&","&N114&","&O114&","&P114&",'"&Q114&"',"&R114&","&S114&",'"&T114&"','"&U114&"',"&V114&")," -> (2581,null,1,'2026-03-24 00:00:00','003307020030000-330702003','003307020030000-330702003','肺段切除术',null,null,3710,3340,2840,null,13715,8260,5200,'次',25,1,'normal','main',0),
A115: 2582 | B115: null | C115: 1 | D115: 2026-03-24 00:00:00 | E115: 003307020030001-33070200304 | F115: 003307020030001-33070200304 | G115: 经胸腔镜肺段切除术 | H115: null | I115: null | J115: 4335 | K115: 3940 | L115: 3350 | M115: null | N115: =2.48*6500 -> 16120 | O115: =3.19*5900 -> 18821 | P115: =3*5200 -> 15600 | Q115: 次 | R115: 25 | S115: 1 | T115: normal | U115: main | V115: 0 | W115: ="("&A115&","&B115&","&C115&",'"&D115&"','"&E115&"','"&F115&"','"&G115&"',"&H115&","&I115&","&J115&","&K115&","&L115&","&M115&","&N115&","&O115&","&P115&",'"&Q115&"',"&R115&","&S115&",'"&T115&"','"&U115&"',"&V115&")," -> (2582,null,1,'2026-03-24 00:00:00','003307020030001-33070200304','003307020030001-33070200304','经胸腔镜肺段切除术',null,null,4335,3940,3350,null,16120,18821,15600,'次',25,1,'normal','main',0),
A116: 2583 | B116: null | C116: 1 | D116: 2026-03-24 00:00:00 | E116: 003307020030000-33070200302 | F116: 003307020030000-33070200302 | G116: 小儿肺段切除术 | H116: null | I116: null | J116: 4825 | K116: 4340 | L116: 3690 | M116: null | N116: 8450 | O116: 7670 | P116: 6760 | Q116: 次 | R116: 25 | S116: 1 | T116: normal | U116: main | V116: 0 | W116: ="("&A116&","&B116&","&C116&",'"&D116&"','"&E116&"','"&F116&"','"&G116&"',"&H116&","&I116&","&J116&","&K116&","&L116&","&M116&","&N116&","&O116&","&P116&",'"&Q116&"',"&R116&","&S116&",'"&T116&"','"&U116&"',"&V116&")," -> (2583,null,1,'2026-03-24 00:00:00','003307020030000-33070200302','003307020030000-33070200302','小儿肺段切除术',null,null,4825,4340,3690,null,8450,7670,6760,'次',25,1,'normal','main',0),
A117: 2584 | B117: null | C117: 1 | D117: 2026-03-24 00:00:00 | E117: 003307020030001-33070200306 | F117: 003307020030001-33070200306 | G117: 小儿经胸腔镜肺段切除术 | H117: null | I117: null | J117: 5450 | K117: 4940 | L117: 4200 | M117: null | N117: 8450 | O117: 7670 | P117: 6760 | Q117: 次 | R117: 25 | S117: 1 | T117: normal | U117: main | V117: 0 | W117: ="("&A117&","&B117&","&C117&",'"&D117&"','"&E117&"','"&F117&"','"&G117&"',"&H117&","&I117&","&J117&","&K117&","&L117&","&M117&","&N117&","&O117&","&P117&",'"&Q117&"',"&R117&","&S117&",'"&T117&"','"&U117&"',"&V117&")," -> (2584,null,1,'2026-03-24 00:00:00','003307020030001-33070200306','003307020030001-33070200306','小儿经胸腔镜肺段切除术',null,null,5450,4940,4200,null,8450,7670,6760,'次',25,1,'normal','main',0),
A118: 2585 | B118: null | C118: 1 | D118: 2026-03-24 00:00:00 | E118: 003307020020000-33070200202 | F118: 003307020020000-33070200202 | G118: 小儿肺癌根治术 | H118: null | I118: null | J118: 10375 | K118: 9335 | L118: 7470 | M118: null | N118: 8450 | O118: 7670 | P118: 6760 | Q118: 次 | R118: 25 | S118: 1 | T118: normal | U118: main | V118: 0 | W118: ="("&A118&","&B118&","&C118&",'"&D118&"','"&E118&"','"&F118&"','"&G118&"',"&H118&","&I118&","&J118&","&K118&","&L118&","&M118&","&N118&","&O118&","&P118&",'"&Q118&"',"&R118&","&S118&",'"&T118&"','"&U118&"',"&V118&")," -> (2585,null,1,'2026-03-24 00:00:00','003307020020000-33070200202','003307020020000-33070200202','小儿肺癌根治术',null,null,10375,9335,7470,null,8450,7670,6760,'次',25,1,'normal','main',0),
A119: 2586 | B119: null | C119: 1 | D119: 2026-03-24 00:00:00 | E119: 003307020020001-33070200206 | F119: 003307020020001-33070200206 | G119: 小儿经胸腔镜肺癌根治术 | H119: null | I119: null | J119: 11000 | K119: 9935 | L119: 7980 | M119: null | N119: 8450 | O119: 7670 | P119: 6760 | Q119: 次 | R119: 25 | S119: 1 | T119: normal | U119: main | V119: 0 | W119: ="("&A119&","&B119&","&C119&",'"&D119&"','"&E119&"','"&F119&"','"&G119&"',"&H119&","&I119&","&J119&","&K119&","&L119&","&M119&","&N119&","&O119&","&P119&",'"&Q119&"',"&R119&","&S119&",'"&T119&"','"&U119&"',"&V119&")," -> (2586,null,1,'2026-03-24 00:00:00','003307020020001-33070200206','003307020020001-33070200206','小儿经胸腔镜肺癌根治术',null,null,11000,9935,7980,null,8450,7670,6760,'次',25,1,'normal','main',0),
A120: 2587 | B120: null | C120: 1 | D120: 2026-03-24 00:00:00 | E120: 003307020030000-330702003 | F120: 003307020030000-330702003 | G120: 肺段切除术 | H120: null | I120: null | J120: 3710 | K120: 3340 | L120: 2840 | M120: null | N120: =2.11*7400 -> 15614 | O120: =1.4*6750 -> 9450 | P120: =1*6000 -> 6000 | Q120: 次 | R120: 25 | S120: 1 | T120: normal | U120: main | V120: 0 | W120: ="("&A120&","&B120&","&C120&",'"&D120&"','"&E120&"','"&F120&"','"&G120&"',"&H120&","&I120&","&J120&","&K120&","&L120&","&M120&","&N120&","&O120&","&P120&",'"&Q120&"',"&R120&","&S120&",'"&T120&"','"&U120&"',"&V120&")," -> (2587,null,1,'2026-03-24 00:00:00','003307020030000-330702003','003307020030000-330702003','肺段切除术',null,null,3710,3340,2840,null,15614,9450,6000,'次',25,1,'normal','main',0),
A121: 2588 | B121: null | C121: 1 | D121: 2026-03-24 00:00:00 | E121: 003307020030001-33070200304 | F121: 003307020030001-33070200304 | G121: 经胸腔镜肺段切除术 | H121: null | I121: null | J121: 4335 | K121: 3940 | L121: 3350 | M121: null | N121: =2.48*7400 -> 18352 | O121: =3.19*6750 -> 21532.5 | P121: =3*6000 -> 18000 | Q121: 次 | R121: 25 | S121: 1 | T121: normal | U121: main | V121: 0 | W121: ="("&A121&","&B121&","&C121&",'"&D121&"','"&E121&"','"&F121&"','"&G121&"',"&H121&","&I121&","&J121&","&K121&","&L121&","&M121&","&N121&","&O121&","&P121&",'"&Q121&"',"&R121&","&S121&",'"&T121&"','"&U121&"',"&V121&")," -> (2588,null,1,'2026-03-24 00:00:00','003307020030001-33070200304','003307020030001-33070200304','经胸腔镜肺段切除术',null,null,4335,3940,3350,null,18352,21532.5,18000,'次',25,1,'normal','main',0),
A122: 2589 | B122: null | C122: 1 | D122: 2026-03-24 00:00:00 | E122: 003307020030000-33070200302 | F122: 003307020030000-33070200302 | G122: 小儿肺段切除术 | H122: null | I122: null | J122: 4825 | K122: 4340 | L122: 3690 | M122: null | N122: 9620 | O122: 8775 | P122: 7800 | Q122: 次 | R122: 25 | S122: 1 | T122: normal | U122: main | V122: 0 | W122: ="("&A122&","&B122&","&C122&",'"&D122&"','"&E122&"','"&F122&"','"&G122&"',"&H122&","&I122&","&J122&","&K122&","&L122&","&M122&","&N122&","&O122&","&P122&",'"&Q122&"',"&R122&","&S122&",'"&T122&"','"&U122&"',"&V122&")," -> (2589,null,1,'2026-03-24 00:00:00','003307020030000-33070200302','003307020030000-33070200302','小儿肺段切除术',null,null,4825,4340,3690,null,9620,8775,7800,'次',25,1,'normal','main',0),
A123: 2590 | B123: null | C123: 1 | D123: 2026-03-24 00:00:00 | E123: 003307020030001-33070200306 | F123: 003307020030001-33070200306 | G123: 小儿经胸腔镜肺段切除术 | H123: null | I123: null | J123: 5450 | K123: 4940 | L123: 4200 | M123: null | N123: 9620 | O123: 8775 | P123: 7800 | Q123: 次 | R123: 25 | S123: 1 | T123: normal | U123: main | V123: 0 | W123: ="("&A123&","&B123&","&C123&",'"&D123&"','"&E123&"','"&F123&"','"&G123&"',"&H123&","&I123&","&J123&","&K123&","&L123&","&M123&","&N123&","&O123&","&P123&",'"&Q123&"',"&R123&","&S123&",'"&T123&"','"&U123&"',"&V123&")," -> (2590,null,1,'2026-03-24 00:00:00','003307020030001-33070200306','003307020030001-33070200306','小儿经胸腔镜肺段切除术',null,null,5450,4940,4200,null,9620,8775,7800,'次',25,1,'normal','main',0),
A124: 2591 | B124: null | C124: 1 | D124: 2026-03-24 00:00:00 | E124: 003307020020000-33070200202 | F124: 003307020020000-33070200202 | G124: 小儿肺癌根治术 | H124: null | I124: null | J124: 10375 | K124: 9335 | L124: 7470 | M124: null | N124: 9620 | O124: 8775 | P124: 7800 | Q124: 次 | R124: 25 | S124: 1 | T124: normal | U124: main | V124: 0 | W124: ="("&A124&","&B124&","&C124&",'"&D124&"','"&E124&"','"&F124&"','"&G124&"',"&H124&","&I124&","&J124&","&K124&","&L124&","&M124&","&N124&","&O124&","&P124&",'"&Q124&"',"&R124&","&S124&",'"&T124&"','"&U124&"',"&V124&")," -> (2591,null,1,'2026-03-24 00:00:00','003307020020000-33070200202','003307020020000-33070200202','小儿肺癌根治术',null,null,10375,9335,7470,null,9620,8775,7800,'次',25,1,'normal','main',0),
A125: 2592 | B125: null | C125: 1 | D125: 2026-03-24 00:00:00 | E125: 003307020020001-33070200206 | F125: 003307020020001-33070200206 | G125: 小儿经胸腔镜肺癌根治术 | H125: null | I125: null | J125: 11000 | K125: 9935 | L125: 7980 | M125: null | N125: 9620 | O125: 8775 | P125: 7800 | Q125: 次 | R125: 25 | S125: 1 | T125: normal | U125: main | V125: 0 | W125: ="("&A125&","&B125&","&C125&",'"&D125&"','"&E125&"','"&F125&"','"&G125&"',"&H125&","&I125&","&J125&","&K125&","&L125&","&M125&","&N125&","&O125&","&P125&",'"&Q125&"',"&R125&","&S125&",'"&T125&"','"&U125&"',"&V125&")," -> (2592,null,1,'2026-03-24 00:00:00','003307020020001-33070200206','003307020020001-33070200206','小儿经胸腔镜肺癌根治术',null,null,11000,9935,7980,null,9620,8775,7800,'次',25,1,'normal','main',0),
A126: 2593 | B126: null | C126: 1 | D126: 2026-03-24 00:00:00 | E126: 003307020080000-330702008 | F126: 003307020080000-330702008 | G126: 全肺切除术 | H126: null | I126: null | J126: 4330 | K126: 3900 | L126: 3320 | M126: null | N126: 6300 | O126: 5800 | P126: 5000 | Q126: 次 | R126: 25 | S126: 1 | T126: normal | U126: main | V126: 0 | W126: ="("&A126&","&B126&","&C126&",'"&D126&"','"&E126&"','"&F126&"','"&G126&"',"&H126&","&I126&","&J126&","&K126&","&L126&","&M126&","&N126&","&O126&","&P126&",'"&Q126&"',"&R126&","&S126&",'"&T126&"','"&U126&"',"&V126&")," -> (2593,null,1,'2026-03-24 00:00:00','003307020080000-330702008','003307020080000-330702008','全肺切除术',null,null,4330,3900,3320,null,6300,5800,5000,'次',25,1,'normal','main',0),
A127: 2594 | B127: null | C127: 1 | D127: 2026-03-24 00:00:00 | E127: 003307020080002-33070200806 | F127: 003307020080002-33070200806 | G127: 经胸腔镜全肺切除术 | H127: null | I127: null | J127: 4955 | K127: 4500 | L127: 3830 | M127: null | N127: 6300 | O127: 5800 | P127: 5000 | Q127: 次 | R127: 25 | S127: 1 | T127: normal | U127: main | V127: 0 | W127: ="("&A127&","&B127&","&C127&",'"&D127&"','"&E127&"','"&F127&"','"&G127&"',"&H127&","&I127&","&J127&","&K127&","&L127&","&M127&","&N127&","&O127&","&P127&",'"&Q127&"',"&R127&","&S127&",'"&T127&"','"&U127&"',"&V127&")," -> (2594,null,1,'2026-03-24 00:00:00','003307020080002-33070200806','003307020080002-33070200806','经胸腔镜全肺切除术',null,null,4955,4500,3830,null,6300,5800,5000,'次',25,1,'normal','main',0),
A128: 2595 | B128: null | C128: 1 | D128: 2026-03-24 00:00:00 | E128: 003307020080000-33070200803 | F128: 003307020080000-33070200803 | G128: 小儿全肺切除术 | H128: null | I128: null | J128: 5630 | K128: 5070 | L128: 4310 | M128: null | N128: 8190 | O128: 7540 | P128: 6500 | Q128: 次 | R128: 25 | S128: 1 | T128: normal | U128: main | V128: 0 | W128: ="("&A128&","&B128&","&C128&",'"&D128&"','"&E128&"','"&F128&"','"&G128&"',"&H128&","&I128&","&J128&","&K128&","&L128&","&M128&","&N128&","&O128&","&P128&",'"&Q128&"',"&R128&","&S128&",'"&T128&"','"&U128&"',"&V128&")," -> (2595,null,1,'2026-03-24 00:00:00','003307020080000-33070200803','003307020080000-33070200803','小儿全肺切除术',null,null,5630,5070,4310,null,8190,7540,6500,'次',25,1,'normal','main',0),
A129: 2596 | B129: null | C129: 1 | D129: 2026-03-24 00:00:00 | E129: 003307020080002-33070200809 | F129: 003307020080002-33070200809 | G129: 小儿经胸腔镜全肺切除术 | H129: null | I129: null | J129: 6255 | K129: 5670 | L129: 4820 | M129: null | N129: 8190 | O129: 7540 | P129: 6500 | Q129: 次 | R129: 25 | S129: 1 | T129: normal | U129: main | V129: 0 | W129: ="("&A129&","&B129&","&C129&",'"&D129&"','"&E129&"','"&F129&"','"&G129&"',"&H129&","&I129&","&J129&","&K129&","&L129&","&M129&","&N129&","&O129&","&P129&",'"&Q129&"',"&R129&","&S129&",'"&T129&"','"&U129&"',"&V129&")," -> (2596,null,1,'2026-03-24 00:00:00','003307020080002-33070200809','003307020080002-33070200809','小儿经胸腔镜全肺切除术',null,null,6255,5670,4820,null,8190,7540,6500,'次',25,1,'normal','main',0),
A130: 2597 | B130: null | C130: 1 | D130: 2026-03-24 00:00:00 | E130: 003307020020000-33070200202 | F130: 003307020020000-33070200202 | G130: 小儿肺癌根治术 | H130: null | I130: null | J130: 10375 | K130: 9335 | L130: 7470 | M130: null | N130: 8190 | O130: 7540 | P130: 6500 | Q130: 次 | R130: 25 | S130: 1 | T130: normal | U130: main | V130: 0 | W130: ="("&A130&","&B130&","&C130&",'"&D130&"','"&E130&"','"&F130&"','"&G130&"',"&H130&","&I130&","&J130&","&K130&","&L130&","&M130&","&N130&","&O130&","&P130&",'"&Q130&"',"&R130&","&S130&",'"&T130&"','"&U130&"',"&V130&")," -> (2597,null,1,'2026-03-24 00:00:00','003307020020000-33070200202','003307020020000-33070200202','小儿肺癌根治术',null,null,10375,9335,7470,null,8190,7540,6500,'次',25,1,'normal','main',0),
A131: 2598 | B131: null | C131: 1 | D131: 2026-03-24 00:00:00 | E131: 003307020020001-33070200206 | F131: 003307020020001-33070200206 | G131: 小儿经胸腔镜肺癌根治术 | H131: null | I131: null | J131: 11000 | K131: 9935 | L131: 7980 | M131: null | N131: 8190 | O131: 7540 | P131: 6500 | Q131: 次 | R131: 25 | S131: 1 | T131: normal | U131: main | V131: 0 | W131: ="("&A131&","&B131&","&C131&",'"&D131&"','"&E131&"','"&F131&"','"&G131&"',"&H131&","&I131&","&J131&","&K131&","&L131&","&M131&","&N131&","&O131&","&P131&",'"&Q131&"',"&R131&","&S131&",'"&T131&"','"&U131&"',"&V131&")," -> (2598,null,1,'2026-03-24 00:00:00','003307020020001-33070200206','003307020020001-33070200206','小儿经胸腔镜肺癌根治术',null,null,11000,9935,7980,null,8190,7540,6500,'次',25,1,'normal','main',0),
A132: 2599 | B132: null | C132: 1 | D132: 2026-03-24 00:00:00 | E132: 003307020080001-33070200802 | F132: 003307020080001-33070200802 | G132: 全肺切除术--经心包内全肺切除及部分心房切除术 | H132: null | I132: null | J132: 4870 | K132: 4385 | L132: 3735 | M132: null | N132: 6800 | O132: 6300 | P132: 5400 | Q132: 次 | R132: 25 | S132: 1 | T132: normal | U132: main | V132: 0 | W132: ="("&A132&","&B132&","&C132&",'"&D132&"','"&E132&"','"&F132&"','"&G132&"',"&H132&","&I132&","&J132&","&K132&","&L132&","&M132&","&N132&","&O132&","&P132&",'"&Q132&"',"&R132&","&S132&",'"&T132&"','"&U132&"',"&V132&")," -> (2599,null,1,'2026-03-24 00:00:00','003307020080001-33070200802','003307020080001-33070200802','全肺切除术--经心包内全肺切除及部分心房切除术',null,null,4870,4385,3735,null,6800,6300,5400,'次',25,1,'normal','main',0),
A133: 2600 | B133: null | C133: 1 | D133: 2026-03-24 00:00:00 | E133: 003307020080002-33070200808 | F133: 003307020080002-33070200808 | G133: 经胸腔镜全肺切除术-经心包内全肺切除及部分心房切除 | H133: null | I133: null | J133: 5495 | K133: 4985 | L133: 4245 | M133: null | N133: 6800 | O133: 6300 | P133: 5400 | Q133: 次 | R133: 25 | S133: 1 | T133: normal | U133: main | V133: 0 | W133: ="("&A133&","&B133&","&C133&",'"&D133&"','"&E133&"','"&F133&"','"&G133&"',"&H133&","&I133&","&J133&","&K133&","&L133&","&M133&","&N133&","&O133&","&P133&",'"&Q133&"',"&R133&","&S133&",'"&T133&"','"&U133&"',"&V133&")," -> (2600,null,1,'2026-03-24 00:00:00','003307020080002-33070200808','003307020080002-33070200808','经胸腔镜全肺切除术-经心包内全肺切除及部分心房切除',null,null,5495,4985,4245,null,6800,6300,5400,'次',25,1,'normal','main',0),
... A245: 2712 | B245: null | C245: 1 | D245: 2026-03-24 00:00:00 | E245: 003302040160000-33020401603 | F245: 003302040160000-33020401603 | G245: 小儿经胸腔镜交感神经链切除术 | H245: null | I245: null | J245: 5930 | K245: 5345 | L245: 4545 | M245: null | N245: 6760 | O245: 6110 | P245: 5200 | Q245: 双侧 | R245: 25 | S245: 1 | T245: normal | U245: main | V245: 0 | W245: ="("&A245&","&B245&","&C245&",'"&D245&"','"&E245&"','"&F245&"','"&G245&"',"&H245&","&I245&","&J245&","&K245&","&L245&","&M245&","&N245&","&O245&","&P245&",'"&Q245&"',"&R245&","&S245&",'"&T245&"','"&U245&"',"&V245&")," -> (2712,null,1,'2026-03-24 00:00:00','003302040160000-33020401603','003302040160000-33020401603','小儿经胸腔镜交感神经链切除术',null,null,5930,5345,4545,null,6760,6110,5200,'双侧',25,1,'normal','main',0),
A246: 2713 | B246: null | C246: 3 | D246: 2026-03-24 00:00:00 | E246: C140201182000000 | F246: C140201182000000 | G246: 雾化器 | H246: null | I246: 0 | J246: 0 | K246: 0 | L246: 0 | M246: 0 | N246: 0 | O246: 0 | P246: 0 | Q246: 个 | R246: 25 | S246: 1 | T246: normal | U246: main | V246: 0 | W246: ="("&A246&","&B246&","&C246&",'"&D246&"','"&E246&"','"&F246&"','"&G246&"',"&H246&","&I246&","&J246&","&K246&","&L246&","&M246&","&N246&","&O246&","&P246&",'"&Q246&"',"&R246&","&S246&",'"&T246&"','"&U246&"',"&V246&")," -> (2713,null,3,'2026-03-24 00:00:00','C140201182000000','C140201182000000','雾化器',null,0,0,0,0,0,0,0,0,'个',25,1,'normal','main',0),

Sheet Sheet3
B1: A | C1: B | D1: C | E1: D | G1: E | H1: F | I1: G | J1: H | K1: I | L1: J | M1: K | N1: L | O1: M | P1: N | Q1: O | R1: P | S1: Q | T1: R | U1: S | V1: T | W1: U | X1: V | Y1: W | Z1: X | AA1: Y
B2: id | C2: list_type | D2: list_type_name | E2: old_hilist_code | G2: old_price | H2: old_price_city | I2: old_price_town | J2: old_price_village | K2: new_price | L2: new_price_city | M2: new_price_town | N2: new_price_village | O2: is_use_old | P2: is_main | Q2: cnt_change_model | R2: cnt_change_value | S2: 数量3 | T2: 数量2 | U2: 数量1 | V2: 预计差额3 | W2: 预计差额2 | X2: 预计差额1 | Y2: 实际差额3 | Z2: 实际差额2 | AA2: 实际差额1
A3: 1 | B3: 0 | C3: 201 | D3: 服务项目 | E3: 003307020110000-330702011 | F3: =VLOOKUP(E3,Sheet2!E:G,3,0) -> 肺修补术 | H3: 1500 | I3: 1440 | J3: 1224 | L3: 2700 | M3: 2450 | N3: 2100 | O3: 1 | P3: 1 | Q3: main | R3: 0 | S3: 1 | T3: 2 | U3: 1 | V3: 1200 | W3: 2020 | X3: 876 | Y3: 1200 | Z3: 2020 | AA3: 876
A4: 2 | B4: 0 | C4: 201 | D4: 服务项目 | E4: 003307020090000-330702009 | F4: =VLOOKUP(E4,Sheet2!E:G,3,0) -> 肺大泡切除修补术 | H4: 1875 | I4: 1800 | J4: 1530 | L4: 9917 | M4: 6020 | N4: 3800 | O4: 1 | P4: 1 | Q4: main | R4: 0 | S4: 4.5 | T4: 3.5 | U4: 0 | V4: 36189 | W4: 14770 | X4: 0 | Y4: 36189 | Z4: 14770 | AA4: 0
A5: 3 | B5: 0 | C5: 201 | D5: 服务项目 | E5: 003307030120000-33070301202 | F5: =VLOOKUP(E5,Sheet2!E:G,3,0) -> 经胸腔镜胸壁肿瘤切除术 | H5: 2250 | I5: 2160 | J5: 1836 | L5: 2250 | M5: 2050 | N5: 1750 | O5: 1 | P5: 1 | Q5: main | R5: 0 | S5: 3 | T5: 1 | U5: 0 | V5: 0 | W5: -110 | X5: 0 | Y5: 0 | Z5: -110 | AA5: 0
A6: 4 | B6: 0 | C6: 201 | D6: 服务项目 | E6: 003307030250000-330703025 | F6: =VLOOKUP(E6,Sheet2!E:G,3,0) -> 纵隔感染清创引流术 | H6: 1500 | I6: 1440 | J6: 1224 | L6: 1750 | M6: 1580 | N6: 1340 | O6: 1 | P6: 1 | Q6: main | R6: 0 | S6: 3.2 | T6: 0 | U6: 0 | V6: 800 | W6: 0 | X6: 0 | Y6: 800 | Z6: 0 | AA6: 0
A7: 5 | B7: 0 | C7: 201 | D7: 服务项目 | E7: 001207000010100-12070000101 | F7: =VLOOKUP(E7,Sheet2!E:G,3,0) -> 超声雾化吸入 | H7: 5 | I7: 5 | J7: 4.3 | L7: 13 | M7: 12 | N7: 11 | O7: 1 | P7: 1 | Q7: main | R7: 0 | S7: 51736.035 | T7: 114979.6 | U7: 215460 | V7: 413888.28 | W7: 804857.2 | X7: 1443582 | Y7: 413888.28 | Z7: 818511.5 | AA7: 1443781.9
A8: 6 | B8: 0 | C8: 201 | D8: 服务项目 | E8: 003307020060000-330702006 | F8: =VLOOKUP(E8,Sheet2!E:G,3,0) -> 肺叶切除术 | H8: 3110 | I8: 2800 | J8: 2380 | L8: 12871 | M8: 7910 | N8: 4800 | O8: 1 | P8: 1 | Q8: main | R8: 0 | S8: 3.5 | T8: 0.5 | U8: 0 | V8: 34163.5 | W8: 2555 | X8: 0 | Y8: 36193.5 | Z8: 2815 | AA8: 0
A9: 7 | B9: 0 | C9: 201 | D9: 服务项目 | E9: 001207000010000-12070000106 | F9: =VLOOKUP(E9,Sheet2!E:G,3,0) -> 新生儿雾化吸入 | H9: 6.5 | I9: 6.5 | J9: 5.6 | L9: 13 | M9: 12 | N9: 11 | O9: 1 | P9: 1 | Q9: main | R9: 0 | S9: 3160 | T9: 1980 | U9: 0 | V9: 20540 | W9: 10890 | X9: 0 | Y9: 20540 | Z9: 10890 | AA9: 0
A10: 8 | B10: 0 | C10: 201 | D10: 服务项目 | E10: 003307010440000-330701044 | F10: =VLOOKUP(E10,Sheet2!E:G,3,0) -> 颈部囊状水瘤切除术 | H10: 1000 | I10: 960 | J10: 816 | L10: 1900 | M10: 1750 | N10: 1500 | O10: 1 | P10: 1 | Q10: main | R10: 0 | S10: 0 | T10: 0 | U10: 2 | V10: 0 | W10: 0 | X10: 1368 | Y10: 0 | Z10: 0 | AA10: 1368
A11: 9 | B11: 0 | C11: 201 | D11: 服务项目 | E11: 003106050090000-310605009 | F11: =VLOOKUP(E11,Sheet2!E:G,3,0) -> 经内镜气管扩张术 | H11: 230 | I11: 200 | J11: 170 | L11: 435 | M11: 410 | N11: 350 | O11: 1 | P11: 1 | Q11: main | R11: 0 | S11: 60 | T11: 8 | U11: 1 | V11: 12300 | W11: 1680 | X11: 180 | Y11: 12300 | Z11: 1680 | AA11: 180
A12: 10 | B12: 0 | C12: 201 | D12: 服务项目 | E12: 001207000010300-12070000103 | F12: =VLOOKUP(E12,Sheet2!E:G,3,0) -> 氧化雾化 | H12: 5 | I12: 5 | J12: 4.3 | L12: 13 | M12: 12 | N12: 11 | O12: 1 | P12: 1 | Q12: main | R12: 0 | S12: 812858.74 | T12: 593484.79 | U12: 67895.7 | V12: 6502869.9 | W12: 4154393.5 | X12: 454901.19 | Y12: 6502874.9 | Z12: 4155141.8 | AA12: 454901.19
A13: 11 | B13: 0 | C13: 201 | D13: 服务项目 | E13: 003307020090001-33070200904 | F13: =VLOOKUP(E13,Sheet2!E:G,3,0) -> 经胸腔镜肺大泡切除修补术 | H13: 2500 | I13: 2400 | J13: 2040 | L13: 11656 | M13: 13717 | N13: 11400 | O13: 1 | P13: 1 | Q13: main | R13: 0 | S13: 83 | T13: 55 | U13: 2 | V13: 759948 | W13: 622435 | X13: 18720 | Y13: 759948 | Z13: 622435 | AA13: 18720
A14: 12 | B14: 0 | C14: 201 | D14: 服务项目 | E14: 003106010120000-310601012 | F14: =VLOOKUP(E14,Sheet2!E:G,3,0) -> 支气管舒张试验 | H14: 115 | I14: 100 | J14: 85 | L14: 210 | M14: 190 | N14: 170 | O14: 1 | P14: 1 | Q14: main | R14: 0 | S14: 3117.5 | T14: 3554 | U14: 651 | V14: 296162.5 | W14: 319860 | X14: 55335 | Y14: 296162.5 | Z14: 322095 | AA14: 55335
... A22: 20 | B22: 0 | C22: 201 | D22: 服务项目 | E22: 003106060010000-310606001 | F22: =VLOOKUP(E22,Sheet2!E:G,3,0) -> 经内镜胸部肿瘤特殊治疗 | H22: 345 | I22: 300 | J22: 255 | L22: 435 | M22: 410 | N22: 350 | O22: 1 | P22: 1 | Q22: main | R22: 0 | S22: 0 | T22: 1 | U22: 0 | V22: 0 | W22: 110 | X22: 0 | Y22: 0 | Z22: 110 | AA22: 0
A23: 21 | B23: 0 | C23: 301 | D23: 耗材 | E23: C14020118200000 | F23: =VLOOKUP(E23,Sheet2!E:G,3,0) -> #N/A | G23: 0 | H23: 0 | I23: 0 | J23: 0 | K23: 0 | L23: 0 | M23: 0 | N23: 0 | O23: 1 | P23: 1 | Q23: main | R23: 0 | S23: 52108.485 | T23: 59969.813 | U23: 32681.7 | V23: 0 | W23: 0 | X23: 0 | Y23: -465449.28 | Z23: -545653.3 | AA23: -305846.36
A24: 22 | B24: 0 | C24: 201 | D24: 服务项目 | E24: 001207000010200-12070000102 | F24: =VLOOKUP(E24,Sheet2!E:G,3,0) -> 高压泵雾化吸入 | H24: 5 | I24: 5 | J24: 4.3 | L24: 13 | M24: 12 | N24: 11 | O24: 1 | P24: 1 | Q24: main | R24: 0 | S24: 92 | T24: 189558.9 | U24: 34130 | V24: 736 | W24: 1326912.3 | X24: 228671 | Y24: 736 | Z24: 1326912.3 | AA24: 228671
A25: 23 | B25: 0 | C25: 201 | D25: 服务项目 | E25: 003307030300000-330703030 | F25: =VLOOKUP(E25,Sheet2!E:G,3,0) -> 膈肌肿瘤切除术 | H25: 3040 | I25: 2740 | J25: 2330 | L25: 3700 | M25: 3350 | N25: 2850 | O25: 1 | P25: 1 | Q25: main | R25: 0 | S25: 1 | T25: 0 | U25: 0 | V25: 660 | W25: 0 | X25: 0 | Y25: 660 | Z25: 0 | AA25: 0
A26: 24 | B26: 0 | C26: 201 | D26: 服务项目 | E26: 003307030260000-330703026 | F26: =VLOOKUP(E26,Sheet2!E:G,3,0) -> 纵隔肿物切除术 | H26: 2700 | I26: 2430 | J26: 2070 | L26: 3600 | M26: 3250 | N26: 2760 | O26: 1 | P26: 1 | Q26: main | R26: 0 | S26: 39.8 | T26: 5 | U26: 0 | V26: 35820 | W26: 4100 | X26: 0 | Y26: 35820 | Z26: 4100 | AA26: 0
A27: 25 | B27: 0 | C27: 201 | D27: 服务项目 | E27: 003307030040000-330703004 | F27: =VLOOKUP(E27,Sheet2!E:G,3,0) -> 开胸止血术 | H27: 1625 | I27: 1560 | J27: 1326 | L27: 1750 | M27: 1620 | N27: 1450 | O27: 1 | P27: 1 | Q27: main | R27: 0 | S27: 2 | T27: 1 | U27: 0 | V27: 250 | W27: 60 | X27: 0 | Y27: 250 | Z27: 60 | AA27: 0
A28: 26 | B28: 0 | C28: 201 | D28: 服务项目 | E28: 003307020050001-33070200506 | F28: =VLOOKUP(E28,Sheet2!E:G,3,0) -> 小儿经胸腔镜肺楔形切除术 | H28: 3465 | I28: 3155 | J28: 2550 | L28: 6110 | M28: 5590 | N28: 4940 | O28: 1 | P28: 1 | Q28: main | R28: 0 | S28: 2 | T28: 0 | U28: 0 | V28: 5290 | W28: 0 | X28: 0 | Y28: 5290 | Z28: 0 | AA28: 0
A29: 27 | B29: 0 | C29: 201 | D29: 服务项目 | E29: 003106010090000-310601009 | F29: =VLOOKUP(E29,Sheet2!E:G,3,0) -> 二氧化碳反应曲线 | H29: 34.5 | I29: 30 | J29: 25.5 | L29: 0 | M29: 0 | N29: 0 | O29: 1 | P29: 1 | Q29: main | R29: 0 | S29: 6434 | T29: 9625 | U29: 0 | V29: -221973 | W29: -288750 | X29: 0 | Y29: -221973 | Z29: -288880.5 | AA29: 0
A30: 28 | B30: 0 | C30: 201 | D30: 服务项目 | E30: 003106010030000-310601003 | F30: =VLOOKUP(E30,Sheet2!E:G,3,0) -> 运动心肺功能检查 | H30: 184 | I30: 160 | J30: 136 | L30: 160 | M30: 144 | N30: 123 | O30: 1 | P30: 1 | Q30: main | R30: 0 | S30: 1273 | T30: 187 | U30: 1 | V30: -30552 | W30: -2992 | X30: -13 | Y30: -30552 | Z30: -2992 | AA30: -13
A31: 29 | B31: 0 | C31: 201 | D31: 服务项目 | E31: 003307020060001-33070200606 | F31: =VLOOKUP(E31,Sheet2!E:G,3,0) -> 小儿经胸腔镜肺叶切除术 | H31: 4670 | I31: 4240 | J31: 3605 | L31: 7930 | M31: 7345 | N31: 6240 | O31: 1 | P31: 1 | Q31: main | R31: 0 | S31: 2 | T31: 0 | U31: 0 | V31: 6520 | W31: 0 | X31: 0 | Y31: 8030 | Z31: 0 | AA31: 0
A32: 30 | B32: 0 | C32: 201 | D32: 服务项目 | E32: 003106010080000-310601008 | F32: =VLOOKUP(E32,Sheet2!E:G,3,0) -> 流速容量曲线（V—V曲线） | H32: 34.5 | I32: 30 | J32: 25.5 | L32: 0 | M32: 0 | N32: 0 | O32: 1 | P32: 1 | Q32: main | R32: 0 | S32: 10236.5 | T32: 9122.1 | U32: 1583 | V32: -353159.25 | W32: -273663 | X32: -40366.5 | Y32: -353159.25 | Z32: -272988 | AA32: -40366.5
A33: 31 | B33: 0 | C33: 201 | D33: 服务项目 | E33: 003106050000001-31060500001 | F33: =VLOOKUP(E33,Sheet2!E:G,3,0) -> 呼吸系统窥镜诊疗（使用电子纤维内镜加收） | H33: 115 | I33: 100 | J33: 85 | L33: 0 | M33: 0 | N33: 0 | O33: 1 | P33: 1 | Q33: main | R33: 0 | S33: 436.4 | T33: 254.4 | U33: 0 | V33: -50186 | W33: -25440 | X33: 0 | Y33: -50186 | Z33: -25440 | AA33: 0
A34: 32 | B34: 0 | C34: 201 | D34: 服务项目 | E34: 003307030250000-33070302502 | F34: =VLOOKUP(E34,Sheet2!E:G,3,0) -> 经胸腔镜纵隔感染清创引流术 | H34: 2125 | I34: 2040 | J34: 1734 | L34: 1750 | M34: 1580 | N34: 1340 | O34: 1 | P34: 1 | Q34: main | R34: 0 | S34: 2 | T34: 0 | U34: 0 | V34: -750 | W34: 0 | X34: 0 | Y34: -750 | Z34: 0 | AA34: 0
A35: 33 | B35: 0 | C35: 201 | D35: 服务项目 | E35: 003106050060000-310605006 | F35: =VLOOKUP(E35,Sheet2!E:G,3,0) -> 经纤支镜肺泡灌洗诊疗术 | H35: 115 | I35: 100 | J35: 85 | L35: 105 | M35: 95 | N35: 81 | O35: 1 | P35: 1 | Q35: main | R35: 0 | S35: 37371.55 | T35: 23558.075 | U35: 686.1 | V35: -373715.5 | W35: -117790.37 | X35: -2744.4 | Y35: -373715.5 | Z35: -118547.87 | AA35: -2744.4
... A103: 101 | B103: 0 | C103: 201 | D103: 服务项目 | E103: 003307010390000-330701039 | F103: =VLOOKUP(E103,Sheet2!E:G,3,0) -> 气管支气管损伤修补术 | H103: 1625 | I103: 1560 | J103: 1326 | L103: 0 | M103: 0 | N103: 0 | O103: 1 | P103: 1 | Q103: main | R103: 0 | S103: 0 | T103: 1 | U103: 0 | V103: 0 | W103: -1560 | X103: 0 | Y103: 0 | Z103: -1560 | AA103: 0
