Workbook

Sheet Sheet1
A1: 附件2
A2: 神经系统类立项指南项目价格拟定情况
A3: 神经系统立项指南项目 | V3: 现行价格项目（颅内镜辅助操作费用纳入测算）
A4: 序号 | B4: 项目代码 | C4: 项目名称 | D4: 归集口径 | E4: 服务产出 | F4: 价格构成 | G4: 计价单位 | H4: 计价说明 | I4: 省三甲价格 | J4: 省三甲以下价格 | K4: 平移价格 (市级) | L4: 平移价格 (县级) | M4: 平移价格 (基层) | N4: 拟定价格 (市级) | O4: 拟定价格 (县级) | P4: 拟定价格 (基层) | Q4: 医保属性 | R4: 医保限定支付范围 | S4: 个人先行自付比例 | T4: 调整情况 | U4: 备注 | V4: 国家结算编码 | W4: 项目编码 | X4: 项目名称 | Y4: 项目内涵 | Z4: 除外内容 | AA4: 计价单位 | AB4: 说明 | AC4: 三甲 | AD4: 三甲以下 | AE4: 价格 (市级) | AF4: 价格 (县级) | AG4: 价格 (基层) | AH4: 医保属性 | AI4: 医保限定支付范围 | AJ4: 个人先行自付比例
A5: 1 | B5: 012401000010000 | C5: 脑电图检查费 | D5: 检查费 | E5: 通过脑电图仪器采集分析脑电活动。 | F5: 所定价格涵盖设备准备、安装、记录、分析、出具报告等步骤所需的人力资源和基本物质资源消耗。 | G5: 次 | H5: 1.本项目所称“特殊电极脑电图检查”指：使用鼻咽、蝶骨、皮层特殊电极进行脑电图检查。 2.本项目所称“特殊诱发脑电图检查”指：光、电等特殊诱发后进行脑电图检查。 3.本项目所称“高密度脑电图”指：128导联及以上脑电图。 4.4个小时及以内按一次收费，4个小时以上每增加1小时加收15%。 | I5: 100 | J5: 90 | K5: 97.670576 | L5: 89.622122 | M5: 59.874352 | N5: 98 | O5: 90 | P5: 78 | Q5: 医保 | S5: 0.2 | T5: 平移取整 | U5: 加权平移取整，基层调整理顺比价 | V5: 003101000010000-310100001 | W5: 310100001 | X5: 脑电图 | Y5: 含深呼吸诱发，至少8导 | AA5: 次 | AB5: 脑电发生源定位加收50%；术中监测基层17元/小时，县级医院20元/小时，市级医院22元/小时 | AC5: 40 | AD5: 36 | AE5: 33 | AF5: 30 | AG5: 25.5 | AH5: 医保
C6: 脑电图检查费 | V6: 003101000010001-31010000101 | W6: 31010000101 | X6: 脑电图（脑电发生源定位） | AA6: 次 | AB6: 脑电发生源定位 | AC6: 65 | AD6: 59 | AE6: 49.5 | AF6: 45 | AG6: 38.3 | AH6: 医保
C7: 脑电图检查费 | V7: 003101000030000-310100003 | W7: 310100003 | X7: 脑地形图 | Y7: 含二维脑地形图(至少16导) | AA7: 次 | AC7: 115 | AD7: 105 | AE7: 110 | AF7: 100 | AG7: 85 | AH7: 医保 | AJ7: 0.2
C8: 脑电图检查费 | V8: 003101000040000-310100004 | W8: 310100004 | X8: 动态脑电图 | Y8: 包括24小时脑电视频监测或脑电Holter | AA8: 次 | AC8: 286 | AD8: 255 | AE8: 286 | AF8: 260 | AG8: 221 | AH8: 医保 | AJ8: 0.2
C9: 脑电图检查费 | V9: 003101000040100-31010000401 | W9: 31010000401 | X9: 动态脑电图（24小时脑电视频监测） | AA9: 次 | AB9: 24小时脑电视频监测 | AC9: 286 | AD9: 255 | AE9: 286 | AF9: 260 | AG9: 221 | AH9: 医保 | AJ9: 0.2
C10: 脑电图检查费 | V10: 003101000040200-31010000402 | W10: 31010000402 | X10: 动态脑电图（24小时脑电Holter） | AA10: 次 | AB10: 24小时脑电Holter | AC10: 286 | AD10: 255 | AE10: 286 | AF10: 260 | AG10: 221 | AH10: 医保 | AJ10: 0.2
C11: 脑电图检查费 | V11: 003101000050000-310100005 | W11: 310100005 | X11: 脑电图录象监测 | Y11: 含摄像观测患者行为及脑电图监测 | AA11: 小时 | AB11: 颅内电极视频脑电图录像监测市级115元/小时，县级105元/小时，基层95元/小时。 | AC11: 25 | AD11: 23 | AE11: 27.5 | AF11: 25 | AG11: 21.3 | AH11: 医保 | AJ11: 0.2
A12: 分项 | B12: 012401000010001 | C12: 脑电图检查费-床旁（加收） | D12: 检查费 | G12: 次 | I12: 10 | J12: 9 | N12: 9 | O12: 8 | P12: 7 | Q12: 医保 | U12: 新增加收项目，按比价关系拟定（床旁统一加收价格）
A13: 分项 | B13: 012401000010011 | C13: 脑电图检查费-特殊电极脑电图检查（加收） | D13: 检查费 | G13: 次 | I13: 10 | J13: 9 | N13: =N12 -> 9 | O13: =O12 -> 8 | P13: =P12 -> 7 | Q13: 医保 | S13: 0.2 | U13: 省级按项目间及区域间比价关系定价，我市按比价关系拟定。（同床旁加收） | V13: 003101000020000-310100002 | W13: 310100002 | X13: 特殊脑电图 | Y13: 包括特殊电极(鼻咽或蝶骨或皮层等)、特殊诱发 | AA13: 次 | AC13: 90 | AD13: 81 | AE13: 66 | AF13: 60 | AG13: 51 | AH13: 医保
C14: 脑电图检查费-特殊电极脑电图检查（加收） | V14: 003101000020100-31010000201 | W14: 31010000201 | X14: 特殊脑电图（特殊电极鼻咽或蝶骨或皮层等） | AA14: 次 | AB14: 特殊电极(鼻咽或蝶骨或皮层等) | AC14: 90 | AD14: 81 | AE14: 66 | AF14: 60 | AG14: 51 | AH14: 医保
A15: 分项 | B15: 012401000010021 | C15: 脑电图检查费-特殊诱发脑电图检查（加收） | D15: 检查费 | G15: 次 | I15: 10 | J15: 9 | N15: =N12 -> 9 | O15: =O12 -> 8 | P15: =P12 -> 7 | Q15: 医保 | S15: 0.2 | U15: 省级按项目间及区域间比价关系定价，我市按比价关系拟定。（同床旁加收） | V15: 003101000020200-31010000202 | W15: 31010000202 | X15: 特殊脑电图（特殊诱发） | AA15: 次 | AB15: 特殊诱发 | AC15: 90 | AD15: 81 | AE15: 66 | AF15: 60 | AG15: 51 | AH15: 医保
A16: 分项 | B16: 012401000010031 | C16: 脑电图检查费-高密度脑电图检查（加收） | D16: 检查费 | G16: 次 | H16: 4个小时及以内按一次收费，4个小时以上每增加1小时加收15%。 | I16: 150 | J16: 135 | N16: =N5*1.5 -> 147 | O16: =O5*1.5 -> 135 | P16: =P5*1.5 -> 117 | Q16: 医保 | S16: 0.2 | U16: 无开展量，按项目间比价关系拟定 | V16: 003101000050000-31010000501 | W16: 31010000501 | X16: 颅内电极视频脑电图录像监测 | Y16: 颅内脑电图是一种癫痫外科术前的评估手段，通过前期置入颅内电极，在癫痫视频脑电监测单元记录颅内大脑表面皮层和大脑深部电活动并直接电刺激，并同期录像患者临床表现确定局灶性癫痫患者致痫区，可定位一些致痫区位于的局灶性癫痫。 | AA16: 小时 | AC16: 120 | AE16: 115 | AF16: 105 | AG16: 95
A17: 2 | B17: 012401000020000 | C17: 脑磁图检查费 | D17: 检查费 | E17: 通过仪器采集分析脑磁图电波。 | F17: 所定价格涵盖设备准备、安装、定位、采集、记录、出具报告等步骤所需的人力资源和基本物质资源消耗。 | G17: 次 | H17: 脑功能区定位三甲医院按照1400元/次收取，三甲以下医院按照1260元/次收取。 脑功能区定位市级医院按照1300元/次收取，县级医院按照1200元/次收取，基层按1020元/次收取。 | I17: 4200 | J17: 3780 | N17: 3900 | O17: 3600 | P17: =O17*0.85 -> 3060 | Q17: 非医保 | T17: 新增价格 | U17: 新增价格，检查适当缩小价差 | V17: 003101000060000-310100006 | W17: 310100006 | X17: 脑磁图 | AA17: 次
A18: 分项 | B18: 012401000020000 | C18: 脑磁图检查费（脑功能区定位） | D18: 检查费 | G18: 次 | I18: 1400 | J18: 1260 | N18: =N17/3 -> 1300 | O18: =O17/3 -> 1200 | P18: =P17/3 -> 1020 | U18: 新增加收项目，按主项的1/3拟定
A19: 3 | B19: 012401000030000 | C19: 针极肌电图检查费 | D19: 检查费 | E19: 通过仪器采集分析静息状态或特定运动中各组肌群数据。 | F19: 所定价格涵盖设备准备、安装、采集、分析、出具报告等步骤所需的人力资源和基本物质资源消耗。 | G19: 次 | H19: 1.次指1条肌肉，每增加1条肌肉加收50%，以12条肌肉费用设置封顶线。 2.震颤分析按单侧（头部左右侧、单肢）收费。 | I19: 30 | J19: 27 | K19: 22.152263 | L19: 20.001238 | M19: 17 | N19: 27 | O19: 25 | P19: 21 | Q19: 医保 | R19: 限有明确的神经肌肉功能障碍，每年医保支付不超过4次，医保支付间隔时间不短于14天。 | T19: 理顺，提高 | U19: 我市原项目价格仅为省级价格的73.3%，现提高理顺。 | V19: 003101000150000-310100015 | W19: 310100015 | X19: 感觉阈值测量 | Y19: 包括感觉障碍电生理诊断 | AA19: 次
C20: 针极肌电图检查费 | V20: 003101000210000-310100021 | W20: 310100021 | X20: 植物神经功能检查 | AA20: 次 | AC20: 20 | AD20: 18 | AE20: 22 | AF20: 20 | AG20: 17 | AH20: 医保
C21: 针极肌电图检查费 | V21: 003101000220000-310100022 | W21: 310100022 | X21: 多功能神经肌肉功能监测 | Y21: 包括表面肌电测定 | AA21: 小时 | AC21: 5 | AD21: 4.5 | AE21: 4.5 | AF21: 4 | AG21: 3.5 | AH21: 医保
C22: 针极肌电图检查费 | V22: 003101000220100-31010002201 | W22: 31010002201 | X22: 多功能神经肌肉功能监测（表面肌电测定） | AA22: 小时 | AC22: 5 | AD22: 4.5 | AE22: 4.5 | AF22: 4 | AG22: 3.5 | AH22: 医保
C23: 针极肌电图检查费 | V23: 003101000230000-310100023 | W23: 310100023 | X23: 肌电图 | Y23: 包括眼肌电图 | Z23: 一次性针电极 | AA23: 每条肌肉 | AC23: 30 | AD23: 27 | AE23: 22 | AF23: 20 | AG23: 17 | AH23: 医保 | AI23: 限有明确的神经肌肉功能障碍，一个疾病过程支付不超过两次。
C24: 针极肌电图检查费 | V24: 003101000260000-310100026 | W24: 310100026 | X24: 多轨迹断层肌电图 | AA24: 次 | AC24: 90 | AD24: 81 | AE24: 66 | AF24: 60 | AG24: 51 | AH24: 医保
C25: 针极肌电图检查费 | V25: 003105040030000-310504003 | W25: 310504003 | X25: 面神经肌电图检查 | Y25: 1.包括额、眼、上唇及下唇四个功能区；2.每功能区均含双侧 | AA25: 每区 | AC25: 20 | AD25: 20 | AE25: 21 | AF25: 20 | AG25: 17 | AH25: 医保
A26: 分项 | B26: 012401000030001 | C26: 针极肌电图检查费-床旁（加收） | D26: 检查费 | G26: 次 | I26: 10 | J26: 9 | N26: 9 | O26: 8 | P26: 7 | Q26: 医保 | U26: 新增加收项目，按比价关系拟定（床旁统一加收价格）
A27: 分项 | B27: 012401000030011 | C27: 针极肌电图检查费-单纤维检查（加收） | D27: 检查费 | G27: 次 | I27: 30 | J27: 27 | K27: 17 | L27: 15 | M27: 13 | N27: =N19 -> 27 | O27: =O19 -> 25 | P27: =P19 -> 21 | Q27: 医保 | R27: 限有明确的神经肌肉功能障碍，每年医保支付不超过4次，医保支付间隔时间不短于14天。 | U27: 我市原项目价格仅为省级价格的73.3%，现提高理顺。 | V27: 003101000240000-310100024 | W27: 310100024 | X27: 单纤维肌电图 | AA27: 每条肌肉 | AC27: 60 | AD27: 54 | AE27: 44 | AF27: 40 | AG27: 34 | AH27: 医保
A28: 分项 | B28: 012401000030021 | C28: 针极肌电图检查费-震颤分析（加收） | D28: 检查费 | G28: 单侧 | I28: 30 | J28: 27 | N28: =N19 -> 27 | O28: =O19 -> 25 | P28: =P19 -> 21 | Q28: 医保 | R28: 限有明确的神经肌肉功能障碍，每年医保支付不超过4次，医保支付间隔时间不短于14天。
A29: 4 | B29: 012401000040000 | C29: 神经传导速度测定费 | D29: 检查费 | E29: 通过仪器对感觉神经或混合神经进行测量。 | F29: 所定价格涵盖设备准备、安装、刺激、分析、出具报告等步骤所需的人力资源和基本物质资源消耗。 | G29: 每根神经 | H29: 长时程运动诱发试验按次收费。 | I29: 22 | J29: 20 | K29: 22 | L29: 20 | M29: 17 | N29: 22 | O29: 20 | P29: 17 | Q29: 医保 | T29: 平移 | U29: 平移，同质化高的检查项目持平省级定价 | V29: 003101000070000-310100007 | W29: 310100007 | X29: 神经传导速度测定 | Y29: 含感觉神经与运动神经传导速度、重复神经电刺激 | AA29: 每条神经 | AC29: 22 | AD29: 20 | AE29: 22 | AF29: 20 | AG29: 17 | AH29: 医保
A30: 分项 | B30: 012401000040001 | C30: 神经传导速度测定费-床旁（加收） | D30: 检查费 | G30: 每根神经 | I30: 10 | J30: 9 | N30: 9 | O30: 8 | P30: 7 | Q30: 医保 | U30: 新增加收项目，按比价关系拟定（床旁统一加收价格）
A31: 分项 | B31: 012401000040011 | C31: 神经传导速度测定费-长时程运动诱发试验（加收） | D31: 检查费 | G31: 次 | I31: 100 | J31: 90 | N31: 90 | O31: 82 | P31: 70 | Q31: 医保 | U31: 新增加收项目，按比价关系拟定
A32: 分项 | B32: 012401000040021 | C32: 神经传导速度测定费-寸移运动神经传导测定（加收） | D32: 检查费 | G32: 每根神经 | H32: 每增加一根神经可加收50%。 | I32: 50 | J32: 45 | N32: 45 | O32: 41 | P32: 35 | Q32: 医保 | U32: 新增加收项目，按比价关系拟定
A33: 5 | B33: 012401000050000 | C33: 神经电图费 | D33: 检查费 | E33: 通过仪器刺激周围神经，评定H反射、F波、瞬目反射以及重复神经电刺激等周围神经功能。 | F33: 所定价格涵盖设备准备、安装、刺激、记录、分析、出具报告等步骤所需的人力资源和基本物质资源消耗。 | G33: 次 | I33: 120 | J33: 108 | K33: 110 | L33: 100 | M33: 85 | N33: 110 | O33: 100 | P33: 85 | Q33: 医保 | T33: 平移 | U33: 计价单位改变，根据临床实际，每人次检查约4.8根神经，取整按5根神经计算 | V33: 003101000080000-310100008 | W33: 310100008 | X33: 神经电图 | Y33: 含检查F波、H反射、瞬目反射及重复神经电刺激 | AA33: 每条神经 | AC33: 30 | AD33: 27 | AE33: 22 | AF33: 20 | AG33: 17 | AH33: 医保
A34: 分项 | B34: 012401000050001 | C34: 神经电图费-床旁（加收） | D34: 检查费 | G34: 次 | I34: 10 | J34: 9 | N34: 9 | O34: 8 | P34: 7 | Q34: 医保 | U34: 新增加收项目，按比价关系拟定（床旁统一加收价格）
A35: 6 | B35: 012401000060000 | C35: 皮肤交感反应检查费 | D35: 检查费 | E35: 通过仪器刺激对四肢交感神经功能进行检查。 | F35: 所定价格涵盖设备准备、安装、刺激、采集、分析、出具报告等步骤所需的人力资源和基本物质资源消耗。 | G35: 次 | I35: 47 | J35: 42 | N35: 43 | O35: 39 | P35: 33 | Q35: 非医保 | T35: 新增价格 | U35: 新增加收项目，按比价关系拟定
A36: 7 | B36: 012401000070000 | C36: 事件相关电位费 | D36: 检查费 | E36: 通过采集脑诱发电位，对患者注意力、记忆力等认知功能进行评估。 | F36: 所定价格涵盖设备准备、安装、刺激、采集、分析、出具报告等步骤所需的人力资源和基本物质资源消耗。 | G36: 项 | H36: 以3项费用设置封顶线。 | I36: 66 | J36: 59 | K36: 66 | L36: 60 | M36: 51 | N36: 66 | O36: 59 | P36: 51 | Q36: 医保 | T36: 理顺，降低 | U36: 平移后县级按不高于省级拟定 | V36: 003101000110000-310100011 | W36: 310100011 | X36: 事件相关电位 | Y36: 包括视觉、体感刺激P300与听觉P300 | AA36: 次 | AB36: 增加N400检查加收50% | AC36: 66 | AD36: 59 | AE36: 66 | AF36: 60 | AG36: 51 | AH36: 医保
C37: 事件相关电位费 | V37: 003101000110001-31010001101 | W37: 31010001101 | X37: 事件相关电位（增加N400检查） | AA37: 次 | AB37: 增加N400检查 | AC37: 99 | AD37: 89 | AE37: 99 | AF37: 90 | AG37: 76.5 | AH37: 医保
A38: 8 | B38: 012401000080000 | C38: 脑干听觉诱发电位费 | D38: 检查费 | E38: 通过仪器测定主观听阈和双侧听觉诱发电位，评定听觉传导通路功能。 | F38: 所定价格涵盖设备准备、安装、刺激、采集、分析、出具报告等步骤所需的人力资源和基本物质资源消耗。 | G38: 次 | H38: 不与耳鼻喉科立项指南中的“听阈检查费”同时收取。 | I38: 66 | J38: 59 | K38: 66 | L38: 60 | M38: 51 | N38: 66 | O38: 59 | P38: 51 | Q38: 医保 | T38: 理顺，降低 | U38: 平移后县级按不高于省级拟定 | V38: 003101000120000-310100012 | W38: 310100012 | X38: 脑干听觉诱发电位 | AA38: 次 | AC38: 66 | AD38: 59 | AE38: 66 | AF38: 60 | AG38: 51 | AH38: 医保
A39: 分项 | B39: 012401000080001 | C39: 脑干听觉诱发电位费-床旁（加收） | D39: 检查费 | G39: 次 | I39: 10 | J39: 9 | N39: 9 | O39: 8 | P39: 7 | Q39: 医保 | U39: 新增加收项目，按比价关系拟定（床旁统一加收价格）
A40: 9 | B40: 012401000090000 | C40: 体感诱发电位费 | D40: 检查费 | E40: 通过刺激体感通路采集分析诱发电位。 | F40: 所定价格涵盖设备准备、安装、刺激、采集、分析、出具报告等步骤所需的人力资源和基本物质资源消耗。 | G40: 单肢 | I40: 96 | J40: 86 | K40: 88.009447 | L40: 80.040205 | M40: 68 | N40: 88 | O40: 80 | P40: 68 | Q40: 医保 | T40: 平移取整 | U40: 加权平移取整 | V40: 003101000090000-310100009 | W40: 310100009 | X40: 体感诱发电位 | Y40: 包括上肢体感诱发电位检查应含头皮、颈部、Erb氏点记录，下肢体感诱发电位检查应含头皮、腰部记录 | AA40: 单肢 | AB40: 诱发电位地形图分析加收20%；术中监测基层17元/小时，县级医院20元/小时，市级医院22元/小时 | AC40: 88 | AD40: 79 | AE40: 88 | AF40: 80 | AG40: 68 | AH40: 医保
C41: 体感诱发电位费 | V41: 003101000090001-31010000901 | W41: 31010000901 | X41: 体感诱发电位（诱发电位地形图分析） | AA41: 单肢 | AB41: 诱发电位地形图分析 | AC41: 105 | AD41: 95 | AE41: 105.6 | AF41: 96 | AG41: 81.6 | AH41: 医保
A42: 分项 | B42: 012401000090001 | C42: 体感诱发电位费-床旁（加收） | D42: 检查费 | G42: 单肢 | I42: 10 | J42: 9 | N42: 9 | O42: 8 | P42: 7 | Q42: 医保 | U42: 新增加收项目，按比价关系拟定（床旁统一加收价格）
A43: 10 | B43: 012401000100000 | C43: 运动诱发电位费 | D43: 检查费 | E43: 通过刺激运动通路采集分析诱发电位。 | F43: 所定价格涵盖设备准备、安装、刺激、采集、分析、出具报告等步骤所需的人力资源和基本物质资源消耗。 | G43: 单肢 | H43: 电诊断三甲医院按照34元/单肢收取，三甲以下医院按照31元/单肢收取。 电诊断市级医院按照31元/单肢收取。县级医院按照29元/单肢收取，基层按照25元/单肢收取。 | I43: 60 | J43: 54 | K43: 54 | L43: 50 | M43: 42 | N43: 54 | O43: 50 | P43: 42 | Q43: 非医保 | T43: 平移 | U43: 平移 | V43: 003101000100000-310100010 | W43: 310100010 | X43: 运动诱发电位 | Y43: 含大脑皮层和周围神经刺激 | AA43: 次 | AB43: 限神经外科术中监测 | AC43: 60 | AD43: 54 | AE43: 54 | AF43: 50 | AG43: 42 | AH43: 医保
A44: 新增分项 | B44: 012401000100000 | C44: 运动诱发电位费（电诊断） | G44: 单肢 | I44: 34 | J44: 31 | K44: 32 | L44: 32 | M44: 27.2 | N44: 32 | O44: 30 | P44: 27 | Q44: 非医保 | U44: 新增项目 根据指导意见，电诊断取数每人次3-4块肌肉和神经，平移后理顺比价 | V44: 003401000070000-340100007 | W44: 340100007 | X44: 电诊断 | Y44: 包括直流电检查、感应电检查、直流-感应电检查、时值检查、强度-频率曲线检查、中频脉冲电检查。 | AA44: 每块肌肉或每条神经 | AC44: 8.5 | AD44: 8.5 | AE44: 8 | AF44: 8 | AG44: 6.8
A45: 11 | B45: 012401000110000 | C45: 睡眠神经多导监测费 | D45: 检查费 | E45: 重点对睡眠状态下患者脑电、肌电、心电等电生理指标进行监测，同步监测患者体动、呼吸行为和功能。 | F45: 所定价格涵盖设备准备、安装、记录、分析、出具报告等步骤所需的人力资源和基本物质资源消耗。 | G45: 次 | H45: 不与呼吸系统类立项指南中的“睡眠呼吸监测费”同时收取。 | I45: 420 | J45: 378 | N45: 380 | O45: 345 | P45: 295 | Q45: 非医保 | T45: 新增项目 | U45: 新增项目，按比价关系拟定
A46: 分项 | B46: 012401000110001 | C46: 睡眠神经多导监测费-便携睡眠神经多导监测（减收） | D46: 检查费 | G46: 次 | I46: 280 | J46: 252 | N46: 255 | O46: 230 | P46: 196 | Q46: 非医保 | T46: 新增项目 | U46: 新增项目，按比价关系拟定
A47: 12 | B47: 012401000120000 | C47: 颅内压监测费（有创） | D47: 检查费 | E47: 通过有创方式监测颅内压变化。 | F47: 所定价格涵盖摆位、设备准备、安装、监测、记录、分析等步骤所需的人力资源和基本物质资源消耗。 | G47: 小时 | I47: 6 | J47: 6 | N47: =N48*2 -> 6 | O47: =O48*2 -> 5.8 | P47: =P48*2 -> 5.4 | Q47: 医保 | T47: 新增项目 | U47: 新增项目。按无创的2倍拟定 | V47: 003101000140000-310100014 | AH47: 医保
A48: 13 | B48: 012401000130000 | C48: 颅内压监测费（无创） | D48: 检查费 | E48: 通过无创方式监测颅内压变化。 | F48: 所定价格涵盖摆位、设备准备、安装、监测、记录、分析等步骤所需的人力资源和基本物质资源消耗。 | G48: 小时 | I48: 3 | J48: 3 | K48: 3.3 | L48: 3 | M48: 2.6 | N48: 3 | O48: 2.9 | P48: 2.7 | Q48: 医保 | T48: 理顺，降低 | U48: 平移后按不高于省级拟定，同质化项目缩小差距 | V48: 003101000140000-310100014 | W48: 310100014 | X48: 颅内压监测 | AA48: 小时 | AC48: 3 | AD48: 3 | AE48: 3.3 | AF48: 3 | AG48: 2.6 | AH48: 医保
C49: 颅内压监测费（无创） | V49: 003112020020000-311202002 | W49: 311202002 | X49: 新生儿测颅压 | AA49: 次 | AH49: 医保 | AI49: 未成年人
A50: 14 | B50: 012401000140000 | C50: 脑血管造影费 | D50: 检查费 | E50: 通过介入方式对脑血管进行造影检查。 | F50: 所定价格涵盖手术计划、术区准备、消毒铺巾、建立通路、脑血管造影、撤除、闭合血管通路等步骤所需的人力资源和基本物质资源消耗。 | G50: 次 | H50: 次指3根及以下血管，超过3根血管，每增加1根血管加收20%，以8根血管费用设置封顶线。 | I50: 2250 | J50: 2025 | K50: 2090.625 | L50: 1884.375 | M50: 1509.375 | N50: 2090 | O50: 1885 | P50: 1510 | Q50: 医保 | S50: 0.2 | T50: 平移取整 | U50: 原项目含双侧颈内动脉、颈外动脉、椎动脉，合计6根血管，现拆分为3根血管为基础价，每增加1根加收20%。则原来收取1次费用，现收取1+0.2×3=1.6次。按原项目价格除以1.6得出基础价格，取整拟定。 | V50: 003206000010000-320600001 | W50: 320600001 | X50: 经股动脉插管全脑动脉造影术 | Y50: 含颈动脉、椎动脉，包括经颈动脉插管 | AA50: 次 | AC50: 3600 | AD50: 3240 | AE50: 3345 | AF50: 3015 | AG50: 2415 | AH50: 医保 | AJ50: 0.2
C51: 脑血管造影费 | V51: 003206000010000-32060000101 | W51: 32060000101 | X51: 小儿经股动脉插管全脑动脉造影术 | AA51: 次 | AC51: 4680 | AD51: 4210 | AE51: 4350 | AF51: 3920 | AG51: 3140 | AH51: 医保 | AJ51: 0.2
A52: 15 | B52: 012401000150000 | C52: 脊髓血管造影费 | D52: 检查费 | E52: 通过介入方式对脊髓血管进行造影检查。 | F52: 所定价格涵盖手术计划、术区准备、消毒铺巾、建立通路、脊髓血管造影、撤除、闭合血管通路等步骤所需的人力资源和基本物质资源消耗。 | G52: 次 | H52: 次指4根及以下血管，超过4根血管，每增加1根血管加收5%。以12根血管费用设置封顶线。 | I52: 2000 | J52: 1800 | K52: 1944 | L52: 1760 | M52: 1496 | N52: 1950 | O52: 1760 | P52: 1500 | Q52: 医保 | S52: 0.2 | T52: 平移取整 | U52: 脊髓动脉造影通常需要完成双侧椎动脉、甲状颈干、肋颈干等10根血管，现拆分为4根血管为基础价，每增加1根加收5%。现收取1+0.05×5=1.25次。按原项目价格除以1.25得出基础价格，取整拟定。 | V52: 003206000100000-320600010 | W52: 320600010 | X52: 脊髓动脉造影术 | AA52: 次 | AC52: 2700 | AD52: 2430 | AE52: 2430 | AF52: 2200 | AG52: 1870 | AH52: 医保 | AJ52: 0.2
C53: 脊髓血管造影费 | V53: 003206000100000-32060001001 | W53: 32060001001 | X53: 小儿脊髓动脉造影术 | AA53: 次 | AC53: 3510 | AD53: 3160 | AE53: 3160 | AF53: 2860 | AG53: 2430 | AH53: 医保 | AJ53: 0.2
A54: 16 | B54: 012401000160000 | C54: 神经电生理定位监测费 | D54: 检查费 | E54: 通过已置入和（或）贴附的电极等监测装置，实时定位和（或）监测术中神经功能状态。 | F54: 所定价格涵盖刺激、定位、监测等步骤所需的人力资源和基本物质资源消耗。 | G54: 小时 | H54: 肌电图监测按照5元/小时收取。 肌电图监测市级按5元/小时收取，县级按4.8元/小时收取，基层按4.5元/小时收取。 | I54: 50 | J54: 45 | K54: 43.710665 | L54: 64.229075 | M54: #DIV/0! | N54: 48 | O54: 45 | P54: 40 | Q54: 医保 | T54: 理顺 | U54: 加权平移后理顺比价，同质化较高的项目缩小价差 | V54: 003101000130000-310100013 | W54: 310100013 | X54: 术中颅神经监测 | AA54: 小时 | AC54: 50 | AD54: 45 | AE54: 55 | AF54: 50 | AG54: 42.5 | AH54: 医保
C55: 神经电生理定位监测费 | V55: 003101000010000-31010000102 | W55: 31010000102 | X55: 脑电图（术中监测） | AA55: 小时 | AB55: 术中监测 | AC55: 25 | AD55: 23 | AE55: 22 | AF55: 20 | AG55: 17 | AH55: 医保
C56: 神经电生理定位监测费 | V56: 003101000090000-31010000902 | W56: 31010000902 | X56: 体感诱发电位术中监测 | AA56: 小时 | AB56: 术中监测 | AC56: 22 | AD56: 20 | AE56: 22 | AF56: 20 | AG56: 17 | AH56: 医保
C57: 神经电生理定位监测费 | V57: 003302000000002-330202023 | W57: 330202023 | X57: 神经刺激器引导下神经定位 | Y57: 使用神经刺激器对各种神经阻滞进行准确定位。 | AA57: 半小时 | AC57: 100 | AD57: 90 | AE57: 100 | AF57: 100 | AG57: 85 | AH57: 医保
A58: 新增分项 | B58: 012401000160000 | C58: 神经电生理定位监测费（肌电图监测） | G58: 小时 | I58: 5 | J58: 5 | K58: 5.5 | L58: 5 | M58: 4.3 | N58: 5 | O58: 4.8 | P58: 4.5 | Q58: 医保 | U58: 平移后按不高于省级拟定，同质化项目缩小差距 | V58: 003101000250000-310100025 | W58: 310100025 | X58: 肌电图监测 | AA58: 小时 | AC58: 5 | AD58: 5 | AE58: 5.5 | AF58: 5 | AG58: 4.3 | AH58: 医保
A59: 17 | B59: 013101000010000 | C59: 非侵入式脑机接口适配费 | D59: 治疗费 | E59: 通过外部放置的电极采集脑电信号，进行脑机接口系统的调试和功能监测。 | F59: 所定价格涵盖设备准备、外部电极放置与调整、信号采集与实时监控、算法调试、功能验证、数据分析及系统优化等步骤所需的人力资源和基本物质资源消耗。 | G59: 次 | H59: 无需专业技术人员进行适配的产品不得收费。 | I59: 960 | J59: 864 | N59: 870 | O59: 785 | P59: 670 | Q59: 非医保 | T59: 新增项目 | U59: 新增项目，按比价关系拟定
A60: 18 | B60: 013101000020000 | C60: 无创神经刺激治疗费 | D60: 治疗费 | E60: 通过仪器经颅电/磁刺激神经系统的相关部位。 | F60: 所定价格涵盖连接电极、设置参数、电/磁刺激治疗等步骤所需的人力资源和基本物质资源消耗。 | G60: 次 | I60: 100 | J60: 90 | K60: 90 | L60: 81 | M60: 68.9 | N60: 90 | O60: 81 | P60: 69 | Q60: 医保 | S60: 0.2 | T60: 平移 | U60: 平移后基层取整 | V60: 003101000310000-310100031 | W60: 310100031 | X60: 慢性小脑电刺激术 | AA60: 次
C61: 无创神经刺激治疗费 | V61: 003101000100000-340100030 | W61: 340100030 | X61: 经颅重复磁刺激治疗 | Y61: 用于疾病的中枢治疗。安置记录表面电极，对侧额叶皮层刺激，观察肌肉动作电位波形，判断运动阈值，据此判断最佳刺激部位并根据阈值及病情需要设置刺激的参数，含强度、频率、间隔时间和总时程，对病人进行治疗。 | AA61: 次 | AC61: 105 | AD61: 95 | AE61: 90 | AF61: 81 | AG61: 68.9 | AH61: 医保 | AJ61: 0.2
A62: 19 | B62: 013101000030000 | C62: 脑脊液分流调控费 | D62: 治疗费 | E62: 通过体外控制装置调整分流管阀门压力参数。 | F62: 所定价格涵盖连接设备、仪器参数调试、数据获取、检测分析等步骤所需的人力资源和基本物质资源消耗。 | G62: 次 | I62: 150 | J62: 135 | N62: 135 | O62: 122 | P62: 105 | Q62: 非医保 | T62: 新增项目 | U62: 新增项目，按比价关系拟定
A63: 20 | B63: 013101000040000 | C63: 神经刺激器适配费 | D63: 治疗费 | E63: 对已置入的神经刺激器进行程控测试。 | F63: 所定价格涵盖装置连接、数据读取分析、参数调整、功能优化、安全性检查等步骤所需的人力资源和基本物资消耗。 | G63: 次 | H63: 含评估随访。 | I63: 150 | J63: 135 | N63: 135 | O63: 122 | P63: 105 | Q63: 非医保 | T63: 新增价格 | U63: 新增价格，按比价关系拟定 | V63: 003302010350000-A330201064 | W63: A330201064 | X63: 脑深部神经刺激器功能分析和随访调试 | Y63: 医生控制器检测，刺激强度调整，疗效观察。 | AA63: 次 | AE63: 自主 定价 | AF63: 自主 定价 | AG63: 自主 定价
A64: 21 | B64: 013101000050000 | C64: 神经阻滞治疗费 | D64: 治疗费 | E64: 通过物理压迫或化学毁损的方式阻断神经传递信号。 | F64: 所定价格涵盖术区准备、定位、消毒铺巾、压迫、注药、观察、记录等步骤所需的人力资源和基本物质资源消耗。 | G64: 次 | I64: 62 | J64: 56 | K64: 59.802186 | L64: 53.770193 | M64: 46.804975 | N64: 60 | O64: =N64*0.9 -> 54 | P64: 47 | Q64: 医保 | T64: 平移取整 | U64: 加权平移取整 | V64: 003101000270000-310100027 | W64: 310100027 | X64: 神经阻滞治疗 | AA64: 次 | AC64: 40 | AD64: 36 | AE64: 38 | AF64: 28 | AG64: 23.8 | AH64: 医保
C65: 神经阻滞治疗费 | V65: 003101000330000-310100033 | W65: 310100033 | X65: 周围神经毁损术 | Y65: 含神经穿刺及注射 | AA65: 次 | AB65: 三叉神经干颅骨外段加收60%；三叉神经节后段加收120%；三叉神经节前段加收180% | AC65: 390 | AD65: 350 | AE65: 330 | AF65: 300 | AG65: 255 | AH65: 医保
C66: 神经阻滞治疗费 | V66: 003101000340000-310100034 | W66: 310100034 | X66: 交感神经节毁损术 | Y66: 指颈、胸、腰交感神经节穿刺及注射，含神经穿刺及注射 | AA66: 次 | AB66: 胸交感神经加收50% | AC66: 300 | AD66: 270 | AE66: 330 | AF66: 300 | AG66: 255 | AH66: 医保
C67: 神经阻滞治疗费 | V67: 003101000340001-31010003401 | W67: 31010003401 | X67: 交感神经节毁损术（胸交感神经毁损） | AA67: 次 | AB67: 胸交感神经 | AC67: 500 | AD67: 450 | AE67: 495 | AF67: 450 | AG67: 382.5 | AH67: 医保
A68: 分项 | B68: 013101000050001 | C68: 神经阻滞治疗费-三叉神经节（加收） | D68: 治疗费 | G68: 次 | I68: 365 | J68: 329 | K68: 350 | L68: 315 | N68: 350 | O68: 315 | P68: 270 | Q68: 医保 | U68: 加权平移 | V68: 003101000280000-310100028 | W68: 310100028 | X68: 经皮穿刺三叉神经半月节注射治疗术 | Y68: 含神经感觉定位、注射药物、测定疗效范围、局部加压；不含术中影像学检查 | AA68: 次 | AB68: 六岁及以下儿童在原价基础上加收30% | AC68: 390 | AD68: 350 | AE68: 350 | AF68: 315 | AG68: 265 | AH68: 医保
C69: 神经阻滞治疗费-三叉神经节（加收） | V69: 003101000280000-31010002801 | W69: 31010002801 | X69: 小儿经皮穿刺三叉神经半月节注射治疗术 | AA69: 次 | AC69: 505 | AD69: 455 | AE69: 455 | AF69: 410 | AG69: 345 | AH69: 医保
C70: 神经阻滞治疗费-三叉神经节（加收） | V70: 003101000290000-310100029 | W70: 310100029 | X70: 经皮穿刺三叉神经半月节射频温控热凝术 | Y70: 含神经感觉定位、射频温控治疗、测定疗效范围、局部加压；包括感觉根射频温控热凝，不含术中影像学检查、全麻 | AA70: 次 | AB70: 六岁及以下儿童在原价基础上加收30% | AC70: 390 | AD70: 350 | AE70: 350 | AF70: 315 | AG70: 265 | AH70: 医保
C71: 神经阻滞治疗费-三叉神经节（加收） | V71: 003101000290000-31010002901 | W71: 31010002901 | X71: 小儿经皮穿刺三叉神经半月节射频温控热凝术 | AA71: 次 | AC71: 505 | AD71: 455 | AE71: 455 | AF71: 410 | AG71: 345 | AH71: 医保
C72: 神经阻滞治疗费-三叉神经节（加收） | V72: 003101000300000-310100030 | W72: 310100030 | X72: 经皮穿刺三叉神经干注射术 | Y72: 含神经感觉定位、注射药物、测定疗效范围、局部加压；不含术中影像学检查 | AA72: 次 | AB72: 六岁及以下儿童在原价基础上加收30% | AC72: 390 | AD72: 350 | AE72: 350 | AF72: 315 | AG72: 265 | AH72: 医保
C73: 神经阻滞治疗费-三叉神经节（加收） | V73: 003101000300000-31010003001 | W73: 31010003001 | X73: 小儿经皮穿刺三叉神经干注射术 | AA73: 次 | AC73: 505 | AD73: 455 | AE73: 455 | AF73: 410 | AG73: 345 | AH73: 医保
C74: 神经阻滞治疗费-三叉神经节（加收） | V74: 003101000330001-31010003301 | W74: 31010003301 | X74: 周围神经毁损术（三叉神经干颅骨外段毁损加收） | AA74: 次 | AB74: 三叉神经干颅骨外段加收 | AC74: 230 | AD74: 205 | AE74: 198 | AF74: 180 | AG74: 153 | AH74: 医保
C75: 神经阻滞治疗费-三叉神经节（加收） | V75: 003101000330001-31010003302 | W75: 31010003302 | X75: 周围神经毁损术（三叉神经节后段毁损加收） | AA75: 次 | AB75: 三叉神经节后段加收 | AC75: 470 | AD75: 425 | AE75: 396 | AF75: 360 | AG75: 306 | AH75: 医保
C76: 神经阻滞治疗费-三叉神经节（加收） | V76: 003101000330001-31010003303 | W76: 31010003303 | X76: 周围神经毁损术（三叉神经节前段毁损加收） | AA76: 次 | AB76: 三叉神经节前段加收 | AC76: 700 | AD76: 630 | AE76: 594 | AF76: 540 | AG76: 459 | AH76: 医保
C77: 神经阻滞治疗费-三叉神经节（加收） | V77: 003302020040000-330202004 | W77: 330202004 | X77: 三叉神经干鞘膜内注射术 | AA77: 每神经支 | AC77: 675 | AD77: 610 | AE77: 625 | AF77: 600 | AG77: 510 | AH77: 医保
C78: 神经阻滞治疗费-三叉神经节（加收） | V78: 003302020040000-33020200401 | W78: 33020200401 | X78: 小儿三叉神经干鞘膜内注射术 | AA78: 每神经支 | AC78: 880 | AD78: 795 | AE78: 815 | AF78: 780 | AG78: 665 | AH78: 医保
A79: 22 | B79: 013302000010000 | C79: 侵入式脑机接口置入费 | D79: 手术费 | E79: 通过将脑机接口系统置入大脑皮层或特定神经区域，实时采集神经信号，实现大脑与外部设备的信息交互。 | F79: 所定价格涵盖手术计划、术区准备、消毒铺巾、定位、穿刺或切开、脑电极置入、参数调整、信号调试与验证、固定及缝合等步骤所需的人力资源和基本物质资源消耗。 | G79: 次 | H79: 同台手术不得同时收取“侵入式脑机接口取出费”。 | I79: 6500 | J79: 5850 | N79: 5900 | O79: 5300 | P79: 4500 | Q79: 非医保 | T79: 新增项目 | U79: 新增项目，按比价关系拟定
A80: 分项 | B80: 013302000010001 | C80: 侵入式脑机接口置入费-儿童（加收） | D80: 手术费 | G80: 次 | I80: 1950 | J80: 1755 | N80: =N79*0.3 -> 1770 | O80: =O79*0.3 -> 1590 | P80: =P79*0.3 -> 1350 | Q80: 非医保 | U80: 儿童加收30%
A81: 23 | B81: 013302000020000 | C81: 侵入式脑机接口取出费 | D81: 手术费 | E81: 通过手术方式将已置入大脑皮层或特定神经区域的脑机接口系统取出。 | F81: 所定价格涵盖手术计划、术区准备、消毒铺巾、定位、穿刺或切开、脑电极取出、信号接口断连、创面修复、固定缝合等步骤所需的人力资源和基本物质资源消耗。 | G81: 次 | I81: 3100 | J81: 2790 | N81: 2800 | O81: 2520 | P81: 2140 | Q81: 非医保 | T81: 新增项目 | U81: 新增项目，按比价关系拟定
A82: 分项 | B82: 013302000020001 | C82: 侵入式脑机接口取出费-儿童（加收） | D82: 手术费 | G82: 次 | I82: 930 | J82: 837 | N82: =N81*0.3 -> 840 | O82: 755 | P82: 640 | Q82: 非医保
A83: 24 | B83: 013302000030000 | C83: 脑血管球囊扩张费（介入） | D83: 手术费 | E83: 通过球囊扩张脑血管。 | F83: 所定价格涵盖手术计划、术区准备、消毒铺巾、建立通路、球囊扩张、撤除、闭合通路，必要时造影确认治疗效果等步骤所需的人力资源和基本物质资源消耗。不含脑血管造影费用。 | G83: 血管 | H83: 1.同一血管扩张颅内和颅外多处狭窄的按2根血管计价，颅内部分适用颅内血管加收。 2.脑静脉窦扩张适用颅内血管加收。 3.脑血管治疗后立即行造影确认治疗效果的，不得重复收取脑血管造影费用。 | I83: 3000 | J83: 2700 | K83: 2700 | L83: 2433.3333 | M83: 2066.6667 | N83: 2700 | O83: 2435 | P83: 2065 | Q83: 医保 | S83: 0.2 | T83: 平移取整 | U83: 按照省局定价规则，将原项目拆分为颅内外血管定价，颅外血管按原项目5/6定价，设为基础价格，颅内血管设置加收项目，则：主项+颅内加收项=原项目。 | V83: 003206000030000-320600003 | W83: 320600003 | X83: 经皮穿刺脑血管腔内球囊成形术 | AA83: 次 | AC83: 3600 | AD83: 3240 | AE83: 3240 | AF83: 2920 | AG83: 2480 | AH83: 医保 | AJ83: 0.2
A84: 分项 | B84: 013302000030001 | C84: 脑血管球囊扩张费（介入）-儿童（加收） | D84: 手术费 | G84: 血管 | I84: 900 | J84: 810 | N84: =N83*0.3 -> 810 | O84: 730 | P84: 620 | Q84: 医保 | S84: 0.2 | U84: 儿童加收30% | V84: 003206000030000-32060000301 | W84: 32060000301 | X84: 小儿经皮穿刺脑血管腔内球囊成形术 | AA84: 次 | AC84: 4680 | AD84: 4210 | AE84: 4210 | AF84: 3795 | AG84: 3225 | AH84: 医保 | AJ84: 0.2
A85: 分项 | B85: 013302000030011 | C85: 脑血管球囊扩张费（介入）-颅内血管（加收） | D85: 手术费 | G85: 血管 | I85: 600 | J85: 540 | K85: 540 | L85: 485 | M85: 415 | N85: 540 | O85: 485 | P85: 415 | Q85: 医保 | S85: 0.2 | U85: 颅内加收项目，原项目-颅外血管=颅内血管加收项目
A86: 25 | B86: 013302000040000 | C86: 脑血管支架置入费（介入） | D86: 手术费 | E86: 通过支架扩张脑血管。 | F86: 所定价格涵盖手术计划、术区准备、消毒铺巾、建立通路、支架置入、撤除、闭合通路，必要时球囊扩张及造影确认治疗效果等步骤所需的人力资源和基本物质资源消耗。不含脑血管造影费用。 | G86: 血管 | H86: 1.同一血管扩张颅内和颅外多处狭窄的按2根血管计价，颅内部分适用颅内血管加收。 2.同一病变部位不与球囊扩张同时收取。 3.脑静脉窦支架置入适用颅内血管加收。 4.脑血管治疗后立即行造影确认治疗效果的，不得重复收取脑血管造影费用。 | I86: 3900 | J86: 3510 | K86: 3625 | L86: 3266.6667 | M86: 2616.6667 | N86: 3625 | O86: 3265 | P86: 2615 | Q86: 医保 | S86: 0.2 | T86: 平移取整 | U86: 按照省局定价规则，规则同“脑血管球囊扩张费（介入）”，拆分为颅内外，颅外血管按原项目5/6定价，设为基础价格，颅内血管设置加收项目。 | V86: 003206000040000-320600004 | W86: 320600004 | X86: 经皮穿刺脑血管腔内支架置入术 | AA86: 次 | AC86: 4680 | AD86: 4210 | AE86: 4350 | AF86: 3920 | AG86: 3140 | AH86: 医保 | AJ86: 0.2
A87: 分项 | B87: 013302000040001 | C87: 脑血管支架置入费（介入）-儿童（加收） | D87: 手术费 | G87: 血管 | I87: 1170 | J87: 1053 | N87: 1090 | O87: 980 | P87: 785 | Q87: 医保 | S87: 0.2 | V87: 003206000040000-32060000401 | W87: 32060000401 | X87: 小儿经皮穿刺脑血管腔内支架置入术 | AA87: 次 | AC87: 6085 | AD87: 5475 | AE87: 5655 | AF87: 5095 | AG87: 4080 | AH87: 医保 | AJ87: 0.2
A88: 分项 | B88: 013302000040011 | C88: 脑血管支架置入费（介入）-颅内血管（加收） | D88: 手术费 | G88: 血管 | I88: 780 | J88: 702 | K88: 725 | L88: 655 | M88: 525 | N88: 725 | O88: 655 | P88: 525 | Q88: 医保 | S88: 0.2 | U88: 颅内加收项目，原项目-颅外血管=颅内血管加收项目
A89: 26 | B89: 013302000050000 | C89: 慢性闭塞脑血管逆向再通费（介入） | D89: 手术费 | E89: 通过血管闭塞端近段及远端两端操作开通血管。 | F89: 所定价格涵盖手术计划、导管送至闭塞段远端、连通闭塞段两端的血管腔、闭合通路，必要时造影确认治疗效果等步骤所需的人力资源和基本物质资源消耗。不含脑血管造影费用。 | G89: 血管 | I89: 3900 | J89: 3510 | N89: =N86 -> 3625 | O89: =O86 -> 3265 | P89: =P86 -> 2615 | Q89: 非医保 | T89: 新增项目 | U89: 新增项目，按项目间比价关系，持平“脑血管支架置入费（介入）”定价。
A90: 分项 | B90: 013302000050001 | C90: 慢性闭塞脑血管逆向再通费（介入）-儿童（加收） | D90: 手术费 | G90: 血管 | I90: 1170 | J90: 1053 | N90: =N87 -> 1090 | O90: =O87 -> 980 | P90: =P87 -> 785 | Q90: 非医保
A91: 分项 | B91: 013302000050011 | C91: 慢性闭塞脑血管逆向再通费（介入）-颅内血管（加收） | D91: 手术费 | G91: 血管 | I91: 780 | J91: 702 | N91: =N88 -> 725 | O91: =O88 -> 655 | P91: =P88 -> 525 | Q91: 非医保
A92: 27 | B92: 013302000060000 | C92: 脑血管腔内减容费（介入） | D92: 手术费 | E92: 通过激光、旋切、旋磨、振波、血栓抽吸等各种物理或机械方式消除脑血管腔内斑块或血栓。 | F92: 所定价格涵盖手术计划、术区准备、消毒铺巾、建立通路、通过各种方式消除斑块、撤除、闭合通路，必要时造影确认治疗效果等步骤所需的人力资源和基本物质资源消耗。不含脑血管造影费用。 | G92: 血管 | I92: 4680 | J92: 4212 | K92: 4550 | L92: 4500 | M92: 4450 | N92: 4550 | O92: 4150 | P92: 3550 | Q92: 医保 | T92: 理顺 | U92: 平移后县级按不高于省级拟定，基层对应调整 | V92: 353206000120000-320600012 | W92: 320600012 | X92: 经皮穿刺脑血管腔内取栓术 | Y92: DSA持续射线透视下，经股动脉穿刺置入动脉鞘管，在导丝引导下将造影导管分别置于颈动脉、椎动脉造影明确闭塞血管具体部位。采用交换技术将中间导管送至目标血管内，经中间导管将微导管在微导丝引导下缓慢通过血管闭塞处并置于闭塞血管远端。撤出微导丝，微导管内造影定位在血管真腔后，经微导管将取栓支架定位于血管闭塞处释放，再次造影确认支架释放后血管闭塞处情况。然后回拉支架取栓，将血管内血栓经中间导管取出体外。 | AA92: 次 | AC92: 4680 | AD92: 4212 | AE92: 4550 | AF92: 4500 | AG92: 4450 | AH92: 医保
A93: 分项 | B93: 013302000060001 | C93: 脑血管腔内减容费（介入）-儿童（加收） | D93: 手术费 | G93: 血管 | I93: 1404 | J93: 1264 | N93: =N92*0.3 -> 1365 | O93: =O92*0.3 -> 1245 | P93: =P92*0.3 -> 1065 | Q93: 医保
A94: 28 | B94: 013302000070000 | C94: 脑血管腔内溶栓费（介入） | D94: 手术费 | E94: 通过介入方式对脑部栓塞的血管进行药物溶栓、疏通治疗。 | F94: 所定价格涵盖手术计划、术区准备、消毒铺巾、建立通路、放置导丝导管、推注溶栓药物、撤出、闭合通路，必要时造影确认治疗效果等步骤所需的人力资源和基本物质资源消耗。不含脑血管造影费用。 | G94: 次 | I94: 3600 | J94: 3240 | K94: 3240 | L94: 2920 | M94: 2480 | N94: =N98 -> 3500 | O94: =O98 -> 3200 | P94: =P98 -> 2700 | Q94: 医保 | S94: 0.2 | T94: 理顺，提高 | U94: 结合医院日常提出意见，考虑介入手术难度系统和风险程度，给予适当提高体现医务劳务价值。持平“脑血管栓塞费（介入）”拟定 开展量不多，2025年全市19例。 | V94: 003206000050000-320600005 | W94: 320600005 | X94: 经皮穿刺脑血管腔内溶栓术 | AA94: 次 | AC94: 3600 | AD94: 3240 | AE94: 3240 | AF94: 2920 | AG94: 2480 | AH94: 医保 | AJ94: 0.2
A95: 分项 | B95: 013302000070001 | C95: 脑血管腔内溶栓费（介入）-儿童（加收） | D95: 手术费 | G95: 次 | I95: 1080 | J95: 972 | N95: =N94*0.3 -> 1050 | O95: =O94*0.3 -> 960 | P95: =P94*0.3 -> 810 | Q95: 医保 | S95: 0.2 | U95: 儿童加收30% | V95: 003206000050000-32060000501 | W95: 32060000501 | X95: 小儿经皮穿刺脑血管腔内溶栓术 | AA95: 次 | AC95: 4680 | AD95: 4210 | AE95: 4210 | AF95: 3795 | AG95: 3225 | AH95: 医保 | AJ95: 0.2
A96: 分项 | B96: 013302000070100 | C96: 脑血管腔内溶栓费（介入）-脑血管腔内化疗费（扩展） | D96: 手术费 | G96: 次 | I96: 3600 | J96: 3240 | N96: =N94 -> 3500 | O96: =O94 -> 3200 | P96: =P94 -> 2700 | Q96: 医保 | S96: 0.2 | U96: 扩展项目按主项价格执行 | V96: 003206000060000-320600006 | W96: 320600006 | X96: 经皮穿刺脑血管腔内化疗术 | AA96: 次 | AC96: 3240 | AD96: 2920 | AE96: 2915 | AF96: 2625 | AG96: 2230 | AH96: 医保 | AJ96: 0.2
C97: 脑血管腔内溶栓费（介入）-脑血管腔内化疗费（扩展） | V97: 003206000060000-32060000601 | W97: 32060000601 | X97: 小儿经皮穿刺脑血管腔内化疗术 | AA97: 次 | AC97: 4210 | AD97: 3795 | AE97: 3790 | AF97: 3415 | AG97: 2900 | AH97: 医保 | AJ97: 0.2
A98: 29 | B98: 013302000080000 | C98: 脑血管栓塞费（介入） | D98: 手术费 | E98: 通过介入方式将栓塞物质导入脑血管。 | F98: 所定价格涵盖完成手术计划、术区准备、消毒铺巾、建立通路、穿刺置管、填塞、撤出、闭合通路，必要时造影确认治疗效果等步骤所需的人力资源和基本物质资源消耗。不含脑血管造影费用。 | G98: 血管 | I98: 3600 | J98: 3240 | K98: 1.0666667 | N98: 3500 | O98: 3200 | P98: 2700 | Q98: 医保 | S98: 0.2 | T98: 新增项目 | U98: 新增项目。 经专家论证，项目难度系数较大，尤其脑血管畸形患者，介入操作时间常常超过1个小时，适当提高以体现劳务价值。 | AH98: 医保 | AJ98: 0.2
A99: 分项 | B99: 013302000080001 | C99: 脑血管栓塞费（介入）-儿童（加收） | D99: 手术费 | G99: 血管 | I99: 1080 | J99: 972 | N99: =N98*0.3 -> 1050 | O99: =O98*0.3 -> 960 | P99: =P98*0.3 -> 810 | Q99: 医保 | S99: 0.2 | U99: 儿童加收30% | AH99: 医保 | AJ99: 0.2
A100: 分项 | B100: 013302000080011 | C100: 脑血管栓塞费（介入）-脑血管畸形栓塞（加收） | D100: 手术费 | G100: 血管 | I100: 360 | J100: 324 | K100: 493.34112 | L100: 36.363636 | N100: =N98*0.1 -> 350 | O100: =O98*0.1 -> 320 | P100: =P98*0.1 -> 270 | Q100: 医保 | S100: 0.2 | U100: 按照主项的10%定价 | V100: 003206000020000-320600002 | W100: 320600002 | X100: 单纯脑动静脉瘘栓塞术 | AA100: 次 | AC100: 5040 | AD100: 4540 | AE100: 4535 | AF100: 4080 | AG100: 3470 | AH100: 医保 | AJ100: 0.2
...

Sheet Sheet1 (2)
A1: 附件2
A2: 神经系统类立项指南项目价格拟定情况 | B2: 神经系统类立项指南项目价格拟定情况 | C2: 神经系统类立项指南项目价格拟定情况 | D2: 神经系统类立项指南项目价格拟定情况 | E2: 神经系统类立项指南项目价格拟定情况 | F2: 神经系统类立项指南项目价格拟定情况 | G2: 神经系统类立项指南项目价格拟定情况 | H2: 神经系统类立项指南项目价格拟定情况 | I2: 神经系统类立项指南项目价格拟定情况 | J2: 神经系统类立项指南项目价格拟定情况 | K2: 神经系统类立项指南项目价格拟定情况 | L2: 神经系统类立项指南项目价格拟定情况 | M2: 神经系统类立项指南项目价格拟定情况 | N2: 神经系统类立项指南项目价格拟定情况 | O2: 神经系统类立项指南项目价格拟定情况 | P2: 神经系统类立项指南项目价格拟定情况 | Q2: 神经系统类立项指南项目价格拟定情况 | R2: 神经系统类立项指南项目价格拟定情况 | S2: 神经系统类立项指南项目价格拟定情况 | T2: 神经系统类立项指南项目价格拟定情况 | U2: 神经系统类立项指南项目价格拟定情况 | V2: 神经系统类立项指南项目价格拟定情况 | W2: 神经系统类立项指南项目价格拟定情况 | X2: 神经系统类立项指南项目价格拟定情况 | Y2: 神经系统类立项指南项目价格拟定情况 | Z2: 神经系统类立项指南项目价格拟定情况 | AA2: 神经系统类立项指南项目价格拟定情况 | AB2: 神经系统类立项指南项目价格拟定情况 | AC2: 神经系统类立项指南项目价格拟定情况 | AD2: 神经系统类立项指南项目价格拟定情况 | AE2: 神经系统类立项指南项目价格拟定情况
A3: 神经系统立项指南项目 | B3: 神经系统立项指南项目 | C3: 神经系统立项指南项目 | D3: 神经系统立项指南项目 | E3: 神经系统立项指南项目 | F3: 神经系统立项指南项目 | G3: 神经系统立项指南项目 | H3: 神经系统立项指南项目 | I3: 神经系统立项指南项目 | J3: 神经系统立项指南项目 | K3: 神经系统立项指南项目 | L3: 神经系统立项指南项目 | M3: 神经系统立项指南项目 | N3: 神经系统立项指南项目 | O3: 神经系统立项指南项目 | P3: 神经系统立项指南项目 | Q3: 神经系统立项指南项目 | R3: 神经系统立项指南项目 | S3: 神经系统立项指南项目 | T3: 现行价格项目（颅内镜辅助操作费用纳入测算） | U3: 现行价格项目（颅内镜辅助操作费用纳入测算） | V3: 现行价格项目（颅内镜辅助操作费用纳入测算） | W3: 现行价格项目（颅内镜辅助操作费用纳入测算） | X3: 现行价格项目（颅内镜辅助操作费用纳入测算） | Y3: 现行价格项目（颅内镜辅助操作费用纳入测算） | Z3: 现行价格项目（颅内镜辅助操作费用纳入测算） | AA3: 现行价格项目（颅内镜辅助操作费用纳入测算） | AB3: 现行价格项目（颅内镜辅助操作费用纳入测算） | AC3: 现行价格项目（颅内镜辅助操作费用纳入测算） | AD3: 现行价格项目（颅内镜辅助操作费用纳入测算） | AE3: 现行价格项目（颅内镜辅助操作费用纳入测算）
A4: 序号 | B4: 项目代码 | C4: 项目名称 | D4: 归集口径 | E4: 服务产出 | F4: 价格构成 | G4: 计价单位 | H4: 计价说明 | I4: 省三甲价格 | J4: 省三甲以下价格 | K4: 平移价格 (市级) | L4: 平移价格 (县级) | M4: 平移价格 (基层) | N4: 拟定价格 (市级) | O4: 拟定价格 (县级) | P4: 拟定价格 (基层) | Q4: 医保属性 | R4: 调整情况 | S4: 备注 | T4: 国家结算编码 | U4: 项目编码 | V4: 项目名称 | W4: 项目内涵 | X4: 除外内容 | Y4: 计价单位 | Z4: 说明 | AA4: 三甲 | AB4: 三甲以下 | AC4: 价格 (市级) | AD4: 价格 (县级) | AE4: 价格 (基层)
A5: 1 | B5: 012401000010000 | C5: 脑电图检查费 | D5: 检查费 | E5: 通过脑电图仪器采集分析脑电活动。 | F5: 所定价格涵盖设备准备、安装、记录、分析、出具报告等步骤所需的人力资源和基本物质资源消耗。 | G5: 次 | H5: 1.本项目所称“特殊电极脑电图检查”指：使用鼻咽、蝶骨、皮层特殊电极进行脑电图检查。 2.本项目所称“特殊诱发脑电图检查”指：光、电等特殊诱发后进行脑电图检查。 3.本项目所称“高密度脑电图”指：128导联及以上脑电图。 4.4个小时及以内按一次收费，4个小时以上每增加1小时加收15%。 | I5: 100 | J5: 90 | K5: 97.670576 | L5: 89.622122 | M5: 59.874352 | N5: 98 | O5: 90 | P5: 78 | Q5: 医保 | R5: 平移取整 | S5: 加权平移取整，基层调整理顺比价 | T5: 003101000010000-310100001 | U5: 310100001 | V5: 脑电图 | W5: 含深呼吸诱发，至少8导 | Y5: 次 | Z5: 脑电发生源定位加收50%；术中监测基层17元/小时，县级医院20元/小时，市级医院22元/小时 | AA5: 40 | AB5: 36 | AC5: 33 | AD5: 30 | AE5: 25.5 | AF5: =IFERROR(FIND("-儿童（加收）",C5,1),0) -> 0 | AG5: =SUBSTITUTE(C5,"-儿童（加收）","") -> 脑电图检查费 | AH5: =IF(AF5>0,_xlfn.MAXIFS(N:N,C:C,SUBSTITUTE(C5,"-儿童（加收）","")),0)+N5 -> 98 | AI5: =IF(AF5>0,_xlfn.MAXIFS(O:O,C:C,SUBSTITUTE(C5,"-儿童（加收）","")),0)+O5 -> 90 | AJ5: =IF(AF5>0,_xlfn.MAXIFS(P:P,C:C,SUBSTITUTE(C5,"-儿童（加收）","")),0)+P5 -> 78
A6: 1 | B6: 012401000010000 | C6: 脑电图检查费 | D6: 检查费 | E6: 通过脑电图仪器采集分析脑电活动。 | F6: 所定价格涵盖设备准备、安装、记录、分析、出具报告等步骤所需的人力资源和基本物质资源消耗。 | G6: 次 | H6: 1.本项目所称“特殊电极脑电图检查”指：使用鼻咽、蝶骨、皮层特殊电极进行脑电图检查。 2.本项目所称“特殊诱发脑电图检查”指：光、电等特殊诱发后进行脑电图检查。 3.本项目所称“高密度脑电图”指：128导联及以上脑电图。 4.4个小时及以内按一次收费，4个小时以上每增加1小时加收15%。 | I6: 100 | J6: 90 | K6: 97.670576 | L6: 89.622122 | M6: 59.874352 | N6: 98 | O6: 90 | P6: 78 | Q6: 医保 | R6: 平移取整 | S6: 加权平移取整，基层调整理顺比价 | T6: 003101000010001-31010000101 | U6: 31010000101 | V6: 脑电图（脑电发生源定位） | Y6: 次 | Z6: 脑电发生源定位 | AA6: 65 | AB6: 59 | AC6: 49.5 | AD6: 45 | AE6: 38.3 | AF6: =IFERROR(FIND("-儿童（加收）",C6,1),0) -> 0 | AG6: =SUBSTITUTE(C6,"-儿童（加收）","") -> 脑电图检查费 | AH6: =IF(AF6>0,_xlfn.MAXIFS(N:N,C:C,SUBSTITUTE(C6,"-儿童（加收）","")),0)+N6 -> 98 | AI6: =IF(AF6>0,_xlfn.MAXIFS(O:O,C:C,SUBSTITUTE(C6,"-儿童（加收）","")),0)+O6 -> 90 | AJ6: =IF(AF6>0,_xlfn.MAXIFS(P:P,C:C,SUBSTITUTE(C6,"-儿童（加收）","")),0)+P6 -> 78
A7: 1 | B7: 012401000010000 | C7: 脑电图检查费 | D7: 检查费 | E7: 通过脑电图仪器采集分析脑电活动。 | F7: 所定价格涵盖设备准备、安装、记录、分析、出具报告等步骤所需的人力资源和基本物质资源消耗。 | G7: 次 | H7: 1.本项目所称“特殊电极脑电图检查”指：使用鼻咽、蝶骨、皮层特殊电极进行脑电图检查。 2.本项目所称“特殊诱发脑电图检查”指：光、电等特殊诱发后进行脑电图检查。 3.本项目所称“高密度脑电图”指：128导联及以上脑电图。 4.4个小时及以内按一次收费，4个小时以上每增加1小时加收15%。 | I7: 100 | J7: 90 | K7: 97.670576 | L7: 89.622122 | M7: 59.874352 | N7: 98 | O7: 90 | P7: 78 | Q7: 医保 | R7: 平移取整 | S7: 加权平移取整，基层调整理顺比价 | T7: 003101000030000-310100003 | U7: 310100003 | V7: 脑地形图 | W7: 含二维脑地形图(至少16导) | Y7: 次 | AA7: 115 | AB7: 105 | AC7: 110 | AD7: 100 | AE7: 85 | AF7: =IFERROR(FIND("-儿童（加收）",C7,1),0) -> 0 | AG7: =SUBSTITUTE(C7,"-儿童（加收）","") -> 脑电图检查费 | AH7: =IF(AF7>0,_xlfn.MAXIFS(N:N,C:C,SUBSTITUTE(C7,"-儿童（加收）","")),0)+N7 -> 98 | AI7: =IF(AF7>0,_xlfn.MAXIFS(O:O,C:C,SUBSTITUTE(C7,"-儿童（加收）","")),0)+O7 -> 90 | AJ7: =IF(AF7>0,_xlfn.MAXIFS(P:P,C:C,SUBSTITUTE(C7,"-儿童（加收）","")),0)+P7 -> 78
A8: 1 | B8: 012401000010000 | C8: 脑电图检查费 | D8: 检查费 | E8: 通过脑电图仪器采集分析脑电活动。 | F8: 所定价格涵盖设备准备、安装、记录、分析、出具报告等步骤所需的人力资源和基本物质资源消耗。 | G8: 次 | H8: 1.本项目所称“特殊电极脑电图检查”指：使用鼻咽、蝶骨、皮层特殊电极进行脑电图检查。 2.本项目所称“特殊诱发脑电图检查”指：光、电等特殊诱发后进行脑电图检查。 3.本项目所称“高密度脑电图”指：128导联及以上脑电图。 4.4个小时及以内按一次收费，4个小时以上每增加1小时加收15%。 | I8: 100 | J8: 90 | K8: 97.670576 | L8: 89.622122 | M8: 59.874352 | N8: 98 | O8: 90 | P8: 78 | Q8: 医保 | R8: 平移取整 | S8: 加权平移取整，基层调整理顺比价 | T8: 003101000040000-310100004 | U8: 310100004 | V8: 动态脑电图 | W8: 包括24小时脑电视频监测或脑电Holter | Y8: 次 | AA8: 286 | AB8: 255 | AC8: 286 | AD8: 260 | AE8: 221 | AF8: =IFERROR(FIND("-儿童（加收）",C8,1),0) -> 0 | AG8: =SUBSTITUTE(C8,"-儿童（加收）","") -> 脑电图检查费 | AH8: =IF(AF8>0,_xlfn.MAXIFS(N:N,C:C,SUBSTITUTE(C8,"-儿童（加收）","")),0)+N8 -> 98 | AI8: =IF(AF8>0,_xlfn.MAXIFS(O:O,C:C,SUBSTITUTE(C8,"-儿童（加收）","")),0)+O8 -> 90 | AJ8: =IF(AF8>0,_xlfn.MAXIFS(P:P,C:C,SUBSTITUTE(C8,"-儿童（加收）","")),0)+P8 -> 78
A9: 1 | B9: 012401000010000 | C9: 脑电图检查费 | D9: 检查费 | E9: 通过脑电图仪器采集分析脑电活动。 | F9: 所定价格涵盖设备准备、安装、记录、分析、出具报告等步骤所需的人力资源和基本物质资源消耗。 | G9: 次 | H9: 1.本项目所称“特殊电极脑电图检查”指：使用鼻咽、蝶骨、皮层特殊电极进行脑电图检查。 2.本项目所称“特殊诱发脑电图检查”指：光、电等特殊诱发后进行脑电图检查。 3.本项目所称“高密度脑电图”指：128导联及以上脑电图。 4.4个小时及以内按一次收费，4个小时以上每增加1小时加收15%。 | I9: 100 | J9: 90 | K9: 97.670576 | L9: 89.622122 | M9: 59.874352 | N9: 98 | O9: 90 | P9: 78 | Q9: 医保 | R9: 平移取整 | S9: 加权平移取整，基层调整理顺比价 | T9: 003101000040100-31010000401 | U9: 31010000401 | V9: 动态脑电图（24小时脑电视频监测） | Y9: 次 | Z9: 24小时脑电视频监测 | AA9: 286 | AB9: 255 | AC9: 286 | AD9: 260 | AE9: 221 | AF9: =IFERROR(FIND("-儿童（加收）",C9,1),0) -> 0 | AG9: =SUBSTITUTE(C9,"-儿童（加收）","") -> 脑电图检查费 | AH9: =IF(AF9>0,_xlfn.MAXIFS(N:N,C:C,SUBSTITUTE(C9,"-儿童（加收）","")),0)+N9 -> 98 | AI9: =IF(AF9>0,_xlfn.MAXIFS(O:O,C:C,SUBSTITUTE(C9,"-儿童（加收）","")),0)+O9 -> 90 | AJ9: =IF(AF9>0,_xlfn.MAXIFS(P:P,C:C,SUBSTITUTE(C9,"-儿童（加收）","")),0)+P9 -> 78
A10: 1 | B10: 012401000010000 | C10: 脑电图检查费 | D10: 检查费 | E10: 通过脑电图仪器采集分析脑电活动。 | F10: 所定价格涵盖设备准备、安装、记录、分析、出具报告等步骤所需的人力资源和基本物质资源消耗。 | G10: 次 | H10: 1.本项目所称“特殊电极脑电图检查”指：使用鼻咽、蝶骨、皮层特殊电极进行脑电图检查。 2.本项目所称“特殊诱发脑电图检查”指：光、电等特殊诱发后进行脑电图检查。 3.本项目所称“高密度脑电图”指：128导联及以上脑电图。 4.4个小时及以内按一次收费，4个小时以上每增加1小时加收15%。 | I10: 100 | J10: 90 | K10: 97.670576 | L10: 89.622122 | M10: 59.874352 | N10: 98 | O10: 90 | P10: 78 | Q10: 医保 | R10: 平移取整 | S10: 加权平移取整，基层调整理顺比价 | T10: 003101000040200-31010000402 | U10: 31010000402 | V10: 动态脑电图（24小时脑电Holter） | Y10: 次 | Z10: 24小时脑电Holter | AA10: 286 | AB10: 255 | AC10: 286 | AD10: 260 | AE10: 221 | AF10: =IFERROR(FIND("-儿童（加收）",C10,1),0) -> 0 | AG10: =SUBSTITUTE(C10,"-儿童（加收）","") -> 脑电图检查费 | AH10: =IF(AF10>0,_xlfn.MAXIFS(N:N,C:C,SUBSTITUTE(C10,"-儿童（加收）","")),0)+N10 -> 98 | AI10: =IF(AF10>0,_xlfn.MAXIFS(O:O,C:C,SUBSTITUTE(C10,"-儿童（加收）","")),0)+O10 -> 90 | AJ10: =IF(AF10>0,_xlfn.MAXIFS(P:P,C:C,SUBSTITUTE(C10,"-儿童（加收）","")),0)+P10 -> 78
A11: 1 | B11: 012401000010000 | C11: 脑电图检查费 | D11: 检查费 | E11: 通过脑电图仪器采集分析脑电活动。 | F11: 所定价格涵盖设备准备、安装、记录、分析、出具报告等步骤所需的人力资源和基本物质资源消耗。 | G11: 次 | H11: 1.本项目所称“特殊电极脑电图检查”指：使用鼻咽、蝶骨、皮层特殊电极进行脑电图检查。 2.本项目所称“特殊诱发脑电图检查”指：光、电等特殊诱发后进行脑电图检查。 3.本项目所称“高密度脑电图”指：128导联及以上脑电图。 4.4个小时及以内按一次收费，4个小时以上每增加1小时加收15%。 | I11: 100 | J11: 90 | K11: 97.670576 | L11: 89.622122 | M11: 59.874352 | N11: 98 | O11: 90 | P11: 78 | Q11: 医保 | R11: 平移取整 | S11: 加权平移取整，基层调整理顺比价 | T11: 003101000050000-310100005 | U11: 310100005 | V11: 脑电图录象监测 | W11: 含摄像观测患者行为及脑电图监测 | Y11: 小时 | Z11: 颅内电极视频脑电图录像监测市级115元/小时，县级105元/小时，基层95元/小时。 | AA11: 25 | AB11: 23 | AC11: 27.5 | AD11: 25 | AE11: 21.3 | AF11: =IFERROR(FIND("-儿童（加收）",C11,1),0) -> 0 | AG11: =SUBSTITUTE(C11,"-儿童（加收）","") -> 脑电图检查费 | AH11: =IF(AF11>0,_xlfn.MAXIFS(N:N,C:C,SUBSTITUTE(C11,"-儿童（加收）","")),0)+N11 -> 98 | AI11: =IF(AF11>0,_xlfn.MAXIFS(O:O,C:C,SUBSTITUTE(C11,"-儿童（加收）","")),0)+O11 -> 90 | AJ11: =IF(AF11>0,_xlfn.MAXIFS(P:P,C:C,SUBSTITUTE(C11,"-儿童（加收）","")),0)+P11 -> 78
A12: 分项 | B12: 012401000010011 | C12: 脑电图检查费-特殊电极脑电图检查（加收） | D12: 检查费 | G12: 次 | I12: 10 | J12: 9 | N12: 9 | O12: 8 | P12: 7 | Q12: 医保 | S12: 省级按项目间及区域间比价关系定价，我市按比价关系拟定。（同床旁加收） | T12: 003101000020000-310100002 | U12: 310100002 | V12: 特殊脑电图 | W12: 包括特殊电极(鼻咽或蝶骨或皮层等)、特殊诱发 | Y12: 次 | AA12: 90 | AB12: 81 | AC12: 66 | AD12: 60 | AE12: 51 | AF12: =IFERROR(FIND("-儿童（加收）",C12,1),0) -> 0 | AG12: =SUBSTITUTE(C12,"-儿童（加收）","") -> 脑电图检查费-特殊电极脑电图检查（加收） | AH12: =IF(AF12>0,_xlfn.MAXIFS(N:N,C:C,SUBSTITUTE(C12,"-儿童（加收）","")),0)+N12 -> 9 | AI12: =IF(AF12>0,_xlfn.MAXIFS(O:O,C:C,SUBSTITUTE(C12,"-儿童（加收）","")),0)+O12 -> 8 | AJ12: =IF(AF12>0,_xlfn.MAXIFS(P:P,C:C,SUBSTITUTE(C12,"-儿童（加收）","")),0)+P12 -> 7
A13: 分项 | B13: 012401000010011 | C13: 脑电图检查费-特殊电极脑电图检查（加收） | D13: 检查费 | G13: 次 | I13: 10 | J13: 9 | N13: 9 | O13: 8 | P13: 7 | Q13: 医保 | S13: 省级按项目间及区域间比价关系定价，我市按比价关系拟定。（同床旁加收） | T13: 003101000020100-31010000201 | U13: 31010000201 | V13: 特殊脑电图（特殊电极鼻咽或蝶骨或皮层等） | Y13: 次 | Z13: 特殊电极(鼻咽或蝶骨或皮层等) | AA13: 90 | AB13: 81 | AC13: 66 | AD13: 60 | AE13: 51 | AF13: =IFERROR(FIND("-儿童（加收）",C13,1),0) -> 0 | AG13: =SUBSTITUTE(C13,"-儿童（加收）","") -> 脑电图检查费-特殊电极脑电图检查（加收） | AH13: =IF(AF13>0,_xlfn.MAXIFS(N:N,C:C,SUBSTITUTE(C13,"-儿童（加收）","")),0)+N13 -> 9 | AI13: =IF(AF13>0,_xlfn.MAXIFS(O:O,C:C,SUBSTITUTE(C13,"-儿童（加收）","")),0)+O13 -> 8 | AJ13: =IF(AF13>0,_xlfn.MAXIFS(P:P,C:C,SUBSTITUTE(C13,"-儿童（加收）","")),0)+P13 -> 7
A14: 分项 | B14: 012401000010021 | C14: 脑电图检查费-特殊诱发脑电图检查（加收） | D14: 检查费 | G14: 次 | I14: 10 | J14: 9 | N14: 9 | O14: 8 | P14: 7 | Q14: 医保 | S14: 省级按项目间及区域间比价关系定价，我市按比价关系拟定。（同床旁加收） | T14: 003101000020200-31010000202 | U14: 31010000202 | V14: 特殊脑电图（特殊诱发） | Y14: 次 | Z14: 特殊诱发 | AA14: 90 | AB14: 81 | AC14: 66 | AD14: 60 | AE14: 51 | AF14: =IFERROR(FIND("-儿童（加收）",C14,1),0) -> 0 | AG14: =SUBSTITUTE(C14,"-儿童（加收）","") -> 脑电图检查费-特殊诱发脑电图检查（加收） | AH14: =IF(AF14>0,_xlfn.MAXIFS(N:N,C:C,SUBSTITUTE(C14,"-儿童（加收）","")),0)+N14 -> 9 | AI14: =IF(AF14>0,_xlfn.MAXIFS(O:O,C:C,SUBSTITUTE(C14,"-儿童（加收）","")),0)+O14 -> 8 | AJ14: =IF(AF14>0,_xlfn.MAXIFS(P:P,C:C,SUBSTITUTE(C14,"-儿童（加收）","")),0)+P14 -> 7
A15: 分项 | B15: 012401000010031 | C15: 脑电图检查费-高密度脑电图检查（加收） | D15: 检查费 | G15: 次 | H15: 4个小时及以内按一次收费，4个小时以上每增加1小时加收15%。 | I15: 150 | J15: 135 | N15: 147 | O15: 135 | P15: 117 | Q15: 医保 | S15: 无开展量，按项目间比价关系拟定 | T15: 003101000050000-31010000501 | U15: 31010000501 | V15: 颅内电极视频脑电图录像监测 | W15: 颅内脑电图是一种癫痫外科术前的评估手段，通过前期置入颅内电极，在癫痫视频脑电监测单元记录颅内大脑表面皮层和大脑深部电活动并直接电刺激，并同期录像患者临床表现确定局灶性癫痫患者致痫区，可定位一些致痫区位于的局灶性癫痫。 | Y15: 小时 | AA15: 120 | AC15: 115 | AD15: 105 | AE15: 95 | AF15: =IFERROR(FIND("-儿童（加收）",C15,1),0) -> 0 | AG15: =SUBSTITUTE(C15,"-儿童（加收）","") -> 脑电图检查费-高密度脑电图检查（加收） | AH15: =IF(AF15>0,_xlfn.MAXIFS(N:N,C:C,SUBSTITUTE(C15,"-儿童（加收）","")),0)+N15 -> 147 | AI15: =IF(AF15>0,_xlfn.MAXIFS(O:O,C:C,SUBSTITUTE(C15,"-儿童（加收）","")),0)+O15 -> 135 | AJ15: =IF(AF15>0,_xlfn.MAXIFS(P:P,C:C,SUBSTITUTE(C15,"-儿童（加收）","")),0)+P15 -> 117
A16: 2 | B16: 012401000020000 | C16: 脑磁图检查费 | D16: 检查费 | E16: 通过仪器采集分析脑磁图电波。 | F16: 所定价格涵盖设备准备、安装、定位、采集、记录、出具报告等步骤所需的人力资源和基本物质资源消耗。 | G16: 次 | H16: 脑功能区定位三甲医院按照1400元/次收取，三甲以下医院按照1260元/次收取。 脑功能区定位市级医院按照1300元/次收取，县级医院按照1200元/次收取，基层按1020元/次收取。 | I16: 4200 | J16: 3780 | N16: 3900 | O16: 3600 | P16: 3060 | Q16: 非医保 | R16: 新增价格 | S16: 新增价格，检查适当缩小价差 | T16: 003101000060000-310100006 | U16: 310100006 | V16: 脑磁图 | Y16: 次 | AF16: =IFERROR(FIND("-儿童（加收）",C16,1),0) -> 0 | AG16: =SUBSTITUTE(C16,"-儿童（加收）","") -> 脑磁图检查费 | AH16: =IF(AF16>0,_xlfn.MAXIFS(N:N,C:C,SUBSTITUTE(C16,"-儿童（加收）","")),0)+N16 -> 3900 | AI16: =IF(AF16>0,_xlfn.MAXIFS(O:O,C:C,SUBSTITUTE(C16,"-儿童（加收）","")),0)+O16 -> 3600 | AJ16: =IF(AF16>0,_xlfn.MAXIFS(P:P,C:C,SUBSTITUTE(C16,"-儿童（加收）","")),0)+P16 -> 3060
A17: 3 | B17: 012401000030000 | C17: 针极肌电图检查费 | D17: 检查费 | E17: 通过仪器采集分析静息状态或特定运动中各组肌群数据。 | F17: 所定价格涵盖设备准备、安装、采集、分析、出具报告等步骤所需的人力资源和基本物质资源消耗。 | G17: 次 | H17: 1.次指1条肌肉，每增加1条肌肉加收50%，以12条肌肉费用设置封顶线。 2.震颤分析按单侧（头部左右侧、单肢）收费。 | I17: 30 | J17: 27 | K17: 22.152263 | L17: 20.001238 | M17: 17 | N17: 27 | O17: 25 | P17: 21 | Q17: 医保 | R17: 理顺，提高 | S17: 我市原项目价格仅为省级价格的73.3%，现提高理顺。 | T17: 003101000150000-310100015 | U17: 310100015 | V17: 感觉阈值测量 | W17: 包括感觉障碍电生理诊断 | Y17: 次 | AF17: =IFERROR(FIND("-儿童（加收）",C17,1),0) -> 0 | AG17: =SUBSTITUTE(C17,"-儿童（加收）","") -> 针极肌电图检查费 | AH17: =IF(AF17>0,_xlfn.MAXIFS(N:N,C:C,SUBSTITUTE(C17,"-儿童（加收）","")),0)+N17 -> 27 | AI17: =IF(AF17>0,_xlfn.MAXIFS(O:O,C:C,SUBSTITUTE(C17,"-儿童（加收）","")),0)+O17 -> 25 | AJ17: =IF(AF17>0,_xlfn.MAXIFS(P:P,C:C,SUBSTITUTE(C17,"-儿童（加收）","")),0)+P17 -> 21
A18: 3 | B18: 012401000030000 | C18: 针极肌电图检查费 | D18: 检查费 | E18: 通过仪器采集分析静息状态或特定运动中各组肌群数据。 | F18: 所定价格涵盖设备准备、安装、采集、分析、出具报告等步骤所需的人力资源和基本物质资源消耗。 | G18: 次 | H18: 1.次指1条肌肉，每增加1条肌肉加收50%，以12条肌肉费用设置封顶线。 2.震颤分析按单侧（头部左右侧、单肢）收费。 | I18: 30 | J18: 27 | K18: 22.152263 | L18: 20.001238 | M18: 17 | N18: 27 | O18: 25 | P18: 21 | Q18: 医保 | R18: 理顺，提高 | S18: 我市原项目价格仅为省级价格的73.3%，现提高理顺。 | T18: 003101000210000-310100021 | U18: 310100021 | V18: 植物神经功能检查 | Y18: 次 | AA18: 20 | AB18: 18 | AC18: 22 | AD18: 20 | AE18: 17 | AF18: =IFERROR(FIND("-儿童（加收）",C18,1),0) -> 0 | AG18: =SUBSTITUTE(C18,"-儿童（加收）","") -> 针极肌电图检查费 | AH18: =IF(AF18>0,_xlfn.MAXIFS(N:N,C:C,SUBSTITUTE(C18,"-儿童（加收）","")),0)+N18 -> 27 | AI18: =IF(AF18>0,_xlfn.MAXIFS(O:O,C:C,SUBSTITUTE(C18,"-儿童（加收）","")),0)+O18 -> 25 | AJ18: =IF(AF18>0,_xlfn.MAXIFS(P:P,C:C,SUBSTITUTE(C18,"-儿童（加收）","")),0)+P18 -> 21
A19: 3 | B19: 012401000030000 | C19: 针极肌电图检查费 | D19: 检查费 | E19: 通过仪器采集分析静息状态或特定运动中各组肌群数据。 | F19: 所定价格涵盖设备准备、安装、采集、分析、出具报告等步骤所需的人力资源和基本物质资源消耗。 | G19: 次 | H19: 1.次指1条肌肉，每增加1条肌肉加收50%，以12条肌肉费用设置封顶线。 2.震颤分析按单侧（头部左右侧、单肢）收费。 | I19: 30 | J19: 27 | K19: 22.152263 | L19: 20.001238 | M19: 17 | N19: 27 | O19: 25 | P19: 21 | Q19: 医保 | R19: 理顺，提高 | S19: 我市原项目价格仅为省级价格的73.3%，现提高理顺。 | T19: 003101000220000-310100022 | U19: 310100022 | V19: 多功能神经肌肉功能监测 | W19: 包括表面肌电测定 | Y19: 小时 | AA19: 5 | AB19: 4.5 | AC19: 4.5 | AD19: 4 | AE19: 3.5 | AF19: =IFERROR(FIND("-儿童（加收）",C19,1),0) -> 0 | AG19: =SUBSTITUTE(C19,"-儿童（加收）","") -> 针极肌电图检查费 | AH19: =IF(AF19>0,_xlfn.MAXIFS(N:N,C:C,SUBSTITUTE(C19,"-儿童（加收）","")),0)+N19 -> 27 | AI19: =IF(AF19>0,_xlfn.MAXIFS(O:O,C:C,SUBSTITUTE(C19,"-儿童（加收）","")),0)+O19 -> 25 | AJ19: =IF(AF19>0,_xlfn.MAXIFS(P:P,C:C,SUBSTITUTE(C19,"-儿童（加收）","")),0)+P19 -> 21
A20: 3 | B20: 012401000030000 | C20: 针极肌电图检查费 | D20: 检查费 | E20: 通过仪器采集分析静息状态或特定运动中各组肌群数据。 | F20: 所定价格涵盖设备准备、安装、采集、分析、出具报告等步骤所需的人力资源和基本物质资源消耗。 | G20: 次 | H20: 1.次指1条肌肉，每增加1条肌肉加收50%，以12条肌肉费用设置封顶线。 2.震颤分析按单侧（头部左右侧、单肢）收费。 | I20: 30 | J20: 27 | K20: 22.152263 | L20: 20.001238 | M20: 17 | N20: 27 | O20: 25 | P20: 21 | Q20: 医保 | R20: 理顺，提高 | S20: 我市原项目价格仅为省级价格的73.3%，现提高理顺。 | T20: 003101000220100-31010002201 | U20: 31010002201 | V20: 多功能神经肌肉功能监测（表面肌电测定） | Y20: 小时 | AA20: 5 | AB20: 4.5 | AC20: 4.5 | AD20: 4 | AE20: 3.5 | AF20: =IFERROR(FIND("-儿童（加收）",C20,1),0) -> 0 | AG20: =SUBSTITUTE(C20,"-儿童（加收）","") -> 针极肌电图检查费 | AH20: =IF(AF20>0,_xlfn.MAXIFS(N:N,C:C,SUBSTITUTE(C20,"-儿童（加收）","")),0)+N20 -> 27 | AI20: =IF(AF20>0,_xlfn.MAXIFS(O:O,C:C,SUBSTITUTE(C20,"-儿童（加收）","")),0)+O20 -> 25 | AJ20: =IF(AF20>0,_xlfn.MAXIFS(P:P,C:C,SUBSTITUTE(C20,"-儿童（加收）","")),0)+P20 -> 21
A21: 3 | B21: 012401000030000 | C21: 针极肌电图检查费 | D21: 检查费 | E21: 通过仪器采集分析静息状态或特定运动中各组肌群数据。 | F21: 所定价格涵盖设备准备、安装、采集、分析、出具报告等步骤所需的人力资源和基本物质资源消耗。 | G21: 次 | H21: 1.次指1条肌肉，每增加1条肌肉加收50%，以12条肌肉费用设置封顶线。 2.震颤分析按单侧（头部左右侧、单肢）收费。 | I21: 30 | J21: 27 | K21: 22.152263 | L21: 20.001238 | M21: 17 | N21: 27 | O21: 25 | P21: 21 | Q21: 医保 | R21: 理顺，提高 | S21: 我市原项目价格仅为省级价格的73.3%，现提高理顺。 | T21: 003101000230000-310100023 | U21: 310100023 | V21: 肌电图 | W21: 包括眼肌电图 | X21: 一次性针电极 | Y21: 每条肌肉 | AA21: 30 | AB21: 27 | AC21: 22 | AD21: 20 | AE21: 17 | AF21: =IFERROR(FIND("-儿童（加收）",C21,1),0) -> 0 | AG21: =SUBSTITUTE(C21,"-儿童（加收）","") -> 针极肌电图检查费 | AH21: =IF(AF21>0,_xlfn.MAXIFS(N:N,C:C,SUBSTITUTE(C21,"-儿童（加收）","")),0)+N21 -> 27 | AI21: =IF(AF21>0,_xlfn.MAXIFS(O:O,C:C,SUBSTITUTE(C21,"-儿童（加收）","")),0)+O21 -> 25 | AJ21: =IF(AF21>0,_xlfn.MAXIFS(P:P,C:C,SUBSTITUTE(C21,"-儿童（加收）","")),0)+P21 -> 21
A22: 3 | B22: 012401000030000 | C22: 针极肌电图检查费 | D22: 检查费 | E22: 通过仪器采集分析静息状态或特定运动中各组肌群数据。 | F22: 所定价格涵盖设备准备、安装、采集、分析、出具报告等步骤所需的人力资源和基本物质资源消耗。 | G22: 次 | H22: 1.次指1条肌肉，每增加1条肌肉加收50%，以12条肌肉费用设置封顶线。 2.震颤分析按单侧（头部左右侧、单肢）收费。 | I22: 30 | J22: 27 | K22: 22.152263 | L22: 20.001238 | M22: 17 | N22: 27 | O22: 25 | P22: 21 | Q22: 医保 | R22: 理顺，提高 | S22: 我市原项目价格仅为省级价格的73.3%，现提高理顺。 | T22: 003101000260000-310100026 | U22: 310100026 | V22: 多轨迹断层肌电图 | Y22: 次 | AA22: 90 | AB22: 81 | AC22: 66 | AD22: 60 | AE22: 51 | AF22: =IFERROR(FIND("-儿童（加收）",C22,1),0) -> 0 | AG22: =SUBSTITUTE(C22,"-儿童（加收）","") -> 针极肌电图检查费 | AH22: =IF(AF22>0,_xlfn.MAXIFS(N:N,C:C,SUBSTITUTE(C22,"-儿童（加收）","")),0)+N22 -> 27 | AI22: =IF(AF22>0,_xlfn.MAXIFS(O:O,C:C,SUBSTITUTE(C22,"-儿童（加收）","")),0)+O22 -> 25 | AJ22: =IF(AF22>0,_xlfn.MAXIFS(P:P,C:C,SUBSTITUTE(C22,"-儿童（加收）","")),0)+P22 -> 21
A23: 3 | B23: 012401000030000 | C23: 针极肌电图检查费 | D23: 检查费 | E23: 通过仪器采集分析静息状态或特定运动中各组肌群数据。 | F23: 所定价格涵盖设备准备、安装、采集、分析、出具报告等步骤所需的人力资源和基本物质资源消耗。 | G23: 次 | H23: 1.次指1条肌肉，每增加1条肌肉加收50%，以12条肌肉费用设置封顶线。 2.震颤分析按单侧（头部左右侧、单肢）收费。 | I23: 30 | J23: 27 | K23: 22.152263 | L23: 20.001238 | M23: 17 | N23: 27 | O23: 25 | P23: 21 | Q23: 医保 | R23: 理顺，提高 | S23: 我市原项目价格仅为省级价格的73.3%，现提高理顺。 | T23: 003105040030000-310504003 | U23: 310504003 | V23: 面神经肌电图检查 | W23: 1.包括额、眼、上唇及下唇四个功能区；2.每功能区均含双侧 | Y23: 每区 | AA23: 20 | AB23: 20 | AC23: 21 | AD23: 20 | AE23: 17 | AF23: =IFERROR(FIND("-儿童（加收）",C23,1),0) -> 0 | AG23: =SUBSTITUTE(C23,"-儿童（加收）","") -> 针极肌电图检查费 | AH23: =IF(AF23>0,_xlfn.MAXIFS(N:N,C:C,SUBSTITUTE(C23,"-儿童（加收）","")),0)+N23 -> 27 | AI23: =IF(AF23>0,_xlfn.MAXIFS(O:O,C:C,SUBSTITUTE(C23,"-儿童（加收）","")),0)+O23 -> 25 | AJ23: =IF(AF23>0,_xlfn.MAXIFS(P:P,C:C,SUBSTITUTE(C23,"-儿童（加收）","")),0)+P23 -> 21
A24: 分项 | B24: 012401000030011 | C24: 针极肌电图检查费-单纤维检查（加收） | D24: 检查费 | G24: 次 | I24: 30 | J24: 27 | K24: 17 | L24: 15 | M24: 13 | N24: 27 | O24: 25 | P24: 21 | Q24: 医保 | S24: 我市原项目价格仅为省级价格的73.3%，现提高理顺。 | T24: 003101000240000-310100024 | U24: 310100024 | V24: 单纤维肌电图 | Y24: 每条肌肉 | AA24: 60 | AB24: 54 | AC24: 44 | AD24: 40 | AE24: 34 | AF24: =IFERROR(FIND("-儿童（加收）",C24,1),0) -> 0 | AG24: =SUBSTITUTE(C24,"-儿童（加收）","") -> 针极肌电图检查费-单纤维检查（加收） | AH24: =IF(AF24>0,_xlfn.MAXIFS(N:N,C:C,SUBSTITUTE(C24,"-儿童（加收）","")),0)+N24 -> 27 | AI24: =IF(AF24>0,_xlfn.MAXIFS(O:O,C:C,SUBSTITUTE(C24,"-儿童（加收）","")),0)+O24 -> 25 | AJ24: =IF(AF24>0,_xlfn.MAXIFS(P:P,C:C,SUBSTITUTE(C24,"-儿童（加收）","")),0)+P24 -> 21
A25: 4 | B25: 012401000040000 | C25: 神经传导速度测定费 | D25: 检查费 | E25: 通过仪器对感觉神经或混合神经进行测量。 | F25: 所定价格涵盖设备准备、安装、刺激、分析、出具报告等步骤所需的人力资源和基本物质资源消耗。 | G25: 每根神经 | H25: 长时程运动诱发试验按次收费。 | I25: 22 | J25: 20 | K25: 22 | L25: 20 | M25: 17 | N25: 22 | O25: 20 | P25: 17 | Q25: 医保 | R25: 平移 | S25: 平移，同质化高的检查项目持平省级定价 | T25: 003101000070000-310100007 | U25: 310100007 | V25: 神经传导速度测定 | W25: 含感觉神经与运动神经传导速度、重复神经电刺激 | Y25: 每条神经 | AA25: 22 | AB25: 20 | AC25: 22 | AD25: 20 | AE25: 17 | AF25: =IFERROR(FIND("-儿童（加收）",C25,1),0) -> 0 | AG25: =SUBSTITUTE(C25,"-儿童（加收）","") -> 神经传导速度测定费 | AH25: =IF(AF25>0,_xlfn.MAXIFS(N:N,C:C,SUBSTITUTE(C25,"-儿童（加收）","")),0)+N25 -> 22 | AI25: =IF(AF25>0,_xlfn.MAXIFS(O:O,C:C,SUBSTITUTE(C25,"-儿童（加收）","")),0)+O25 -> 20 | AJ25: =IF(AF25>0,_xlfn.MAXIFS(P:P,C:C,SUBSTITUTE(C25,"-儿童（加收）","")),0)+P25 -> 17
A26: 5 | B26: 012401000050000 | C26: 神经电图费 | D26: 检查费 | E26: 通过仪器刺激周围神经，评定H反射、F波、瞬目反射以及重复神经电刺激等周围神经功能。 | F26: 所定价格涵盖设备准备、安装、刺激、记录、分析、出具报告等步骤所需的人力资源和基本物质资源消耗。 | G26: 次 | I26: 120 | J26: 108 | K26: 110 | L26: 100 | M26: 85 | N26: 110 | O26: 100 | P26: 85 | Q26: 医保 | R26: 平移 | S26: 计价单位改变，根据临床实际，每人次检查约4.8根神经，取整按5根神经计算 | T26: 003101000080000-310100008 | U26: 310100008 | V26: 神经电图 | W26: 含检查F波、H反射、瞬目反射及重复神经电刺激 | Y26: 每条神经 | AA26: 30 | AB26: 27 | AC26: 22 | AD26: 20 | AE26: 17 | AF26: =IFERROR(FIND("-儿童（加收）",C26,1),0) -> 0 | AG26: =SUBSTITUTE(C26,"-儿童（加收）","") -> 神经电图费 | AH26: =IF(AF26>0,_xlfn.MAXIFS(N:N,C:C,SUBSTITUTE(C26,"-儿童（加收）","")),0)+N26 -> 110 | AI26: =IF(AF26>0,_xlfn.MAXIFS(O:O,C:C,SUBSTITUTE(C26,"-儿童（加收）","")),0)+O26 -> 100 | AJ26: =IF(AF26>0,_xlfn.MAXIFS(P:P,C:C,SUBSTITUTE(C26,"-儿童（加收）","")),0)+P26 -> 85
A27: 7 | B27: 012401000070000 | C27: 事件相关电位费 | D27: 检查费 | E27: 通过采集脑诱发电位，对患者注意力、记忆力等认知功能进行评估。 | F27: 所定价格涵盖设备准备、安装、刺激、采集、分析、出具报告等步骤所需的人力资源和基本物质资源消耗。 | G27: 项 | H27: 以3项费用设置封顶线。 | I27: 66 | J27: 59 | K27: 66 | L27: 60 | M27: 51 | N27: 66 | O27: 59 | P27: 51 | Q27: 医保 | R27: 理顺，降低 | S27: 平移后县级按不高于省级拟定 | T27: 003101000110000-310100011 | U27: 310100011 | V27: 事件相关电位 | W27: 包括视觉、体感刺激P300与听觉P300 | Y27: 次 | Z27: 增加N400检查加收50% | AA27: 66 | AB27: 59 | AC27: 66 | AD27: 60 | AE27: 51 | AF27: =IFERROR(FIND("-儿童（加收）",C27,1),0) -> 0 | AG27: =SUBSTITUTE(C27,"-儿童（加收）","") -> 事件相关电位费 | AH27: =IF(AF27>0,_xlfn.MAXIFS(N:N,C:C,SUBSTITUTE(C27,"-儿童（加收）","")),0)+N27 -> 66 | AI27: =IF(AF27>0,_xlfn.MAXIFS(O:O,C:C,SUBSTITUTE(C27,"-儿童（加收）","")),0)+O27 -> 59 | AJ27: =IF(AF27>0,_xlfn.MAXIFS(P:P,C:C,SUBSTITUTE(C27,"-儿童（加收）","")),0)+P27 -> 51
A28: 7 | B28: 012401000070000 | C28: 事件相关电位费 | D28: 检查费 | E28: 通过采集脑诱发电位，对患者注意力、记忆力等认知功能进行评估。 | F28: 所定价格涵盖设备准备、安装、刺激、采集、分析、出具报告等步骤所需的人力资源和基本物质资源消耗。 | G28: 项 | H28: 以3项费用设置封顶线。 | I28: 66 | J28: 59 | K28: 66 | L28: 60 | M28: 51 | N28: 66 | O28: 59 | P28: 51 | Q28: 医保 | R28: 理顺，降低 | S28: 平移后县级按不高于省级拟定 | T28: 003101000110001-31010001101 | U28: 31010001101 | V28: 事件相关电位（增加N400检查） | Y28: 次 | Z28: 增加N400检查 | AA28: 99 | AB28: 89 | AC28: 99 | AD28: 90 | AE28: 76.5 | AF28: =IFERROR(FIND("-儿童（加收）",C28,1),0) -> 0 | AG28: =SUBSTITUTE(C28,"-儿童（加收）","") -> 事件相关电位费 | AH28: =IF(AF28>0,_xlfn.MAXIFS(N:N,C:C,SUBSTITUTE(C28,"-儿童（加收）","")),0)+N28 -> 66 | AI28: =IF(AF28>0,_xlfn.MAXIFS(O:O,C:C,SUBSTITUTE(C28,"-儿童（加收）","")),0)+O28 -> 59 | AJ28: =IF(AF28>0,_xlfn.MAXIFS(P:P,C:C,SUBSTITUTE(C28,"-儿童（加收）","")),0)+P28 -> 51
A29: 8 | B29: 012401000080000 | C29: 脑干听觉诱发电位费 | D29: 检查费 | E29: 通过仪器测定主观听阈和双侧听觉诱发电位，评定听觉传导通路功能。 | F29: 所定价格涵盖设备准备、安装、刺激、采集、分析、出具报告等步骤所需的人力资源和基本物质资源消耗。 | G29: 次 | H29: 不与耳鼻喉科立项指南中的“听阈检查费”同时收取。 | I29: 66 | J29: 59 | K29: 66 | L29: 60 | M29: 51 | N29: 66 | O29: 59 | P29: 51 | Q29: 医保 | R29: 理顺，降低 | S29: 平移后县级按不高于省级拟定 | T29: 003101000120000-310100012 | U29: 310100012 | V29: 脑干听觉诱发电位 | Y29: 次 | AA29: 66 | AB29: 59 | AC29: 66 | AD29: 60 | AE29: 51 | AF29: =IFERROR(FIND("-儿童（加收）",C29,1),0) -> 0 | AG29: =SUBSTITUTE(C29,"-儿童（加收）","") -> 脑干听觉诱发电位费 | AH29: =IF(AF29>0,_xlfn.MAXIFS(N:N,C:C,SUBSTITUTE(C29,"-儿童（加收）","")),0)+N29 -> 66 | AI29: =IF(AF29>0,_xlfn.MAXIFS(O:O,C:C,SUBSTITUTE(C29,"-儿童（加收）","")),0)+O29 -> 59 | AJ29: =IF(AF29>0,_xlfn.MAXIFS(P:P,C:C,SUBSTITUTE(C29,"-儿童（加收）","")),0)+P29 -> 51
A30: 9 | B30: 012401000090000 | C30: 体感诱发电位费 | D30: 检查费 | E30: 通过刺激体感通路采集分析诱发电位。 | F30: 所定价格涵盖设备准备、安装、刺激、采集、分析、出具报告等步骤所需的人力资源和基本物质资源消耗。 | G30: 单肢 | I30: 96 | J30: 86 | K30: 88.009447 | L30: 80.040205 | M30: 68 | N30: 88 | O30: 80 | P30: 68 | Q30: 医保 | R30: 平移取整 | S30: 加权平移取整 | T30: 003101000090000-310100009 | U30: 310100009 | V30: 体感诱发电位 | W30: 包括上肢体感诱发电位检查应含头皮、颈部、Erb氏点记录，下肢体感诱发电位检查应含头皮、腰部记录 | Y30: 单肢 | Z30: 诱发电位地形图分析加收20%；术中监测基层17元/小时，县级医院20元/小时，市级医院22元/小时 | AA30: 88 | AB30: 79 | AC30: 88 | AD30: 80 | AE30: 68 | AF30: =IFERROR(FIND("-儿童（加收）",C30,1),0) -> 0 | AG30: =SUBSTITUTE(C30,"-儿童（加收）","") -> 体感诱发电位费 | AH30: =IF(AF30>0,_xlfn.MAXIFS(N:N,C:C,SUBSTITUTE(C30,"-儿童（加收）","")),0)+N30 -> 88 | AI30: =IF(AF30>0,_xlfn.MAXIFS(O:O,C:C,SUBSTITUTE(C30,"-儿童（加收）","")),0)+O30 -> 80 | AJ30: =IF(AF30>0,_xlfn.MAXIFS(P:P,C:C,SUBSTITUTE(C30,"-儿童（加收）","")),0)+P30 -> 68
A31: 9 | B31: 012401000090000 | C31: 体感诱发电位费 | D31: 检查费 | E31: 通过刺激体感通路采集分析诱发电位。 | F31: 所定价格涵盖设备准备、安装、刺激、采集、分析、出具报告等步骤所需的人力资源和基本物质资源消耗。 | G31: 单肢 | I31: 96 | J31: 86 | K31: 88.009447 | L31: 80.040205 | M31: 68 | N31: 88 | O31: 80 | P31: 68 | Q31: 医保 | R31: 平移取整 | S31: 加权平移取整 | T31: 003101000090001-31010000901 | U31: 31010000901 | V31: 体感诱发电位（诱发电位地形图分析） | Y31: 单肢 | Z31: 诱发电位地形图分析 | AA31: 105 | AB31: 95 | AC31: 105.6 | AD31: 96 | AE31: 81.6 | AF31: =IFERROR(FIND("-儿童（加收）",C31,1),0) -> 0 | AG31: =SUBSTITUTE(C31,"-儿童（加收）","") -> 体感诱发电位费 | AH31: =IF(AF31>0,_xlfn.MAXIFS(N:N,C:C,SUBSTITUTE(C31,"-儿童（加收）","")),0)+N31 -> 88 | AI31: =IF(AF31>0,_xlfn.MAXIFS(O:O,C:C,SUBSTITUTE(C31,"-儿童（加收）","")),0)+O31 -> 80 | AJ31: =IF(AF31>0,_xlfn.MAXIFS(P:P,C:C,SUBSTITUTE(C31,"-儿童（加收）","")),0)+P31 -> 68
A32: 10 | B32: 012401000100000 | C32: 运动诱发电位费 | D32: 检查费 | E32: 通过刺激运动通路采集分析诱发电位。 | F32: 所定价格涵盖设备准备、安装、刺激、采集、分析、出具报告等步骤所需的人力资源和基本物质资源消耗。 | G32: 单肢 | H32: 电诊断三甲医院按照34元/单肢收取，三甲以下医院按照31元/单肢收取。 电诊断市级医院按照31元/单肢收取。县级医院按照29元/单肢收取，基层按照25元/单肢收取。 | I32: 60 | J32: 54 | K32: 54 | L32: 50 | M32: 42 | N32: 54 | O32: 50 | P32: 42 | Q32: 非医保 | R32: 平移 | S32: 平移 | T32: 003101000100000-310100010 | U32: 310100010 | V32: 运动诱发电位 | W32: 含大脑皮层和周围神经刺激 | Y32: 次 | Z32: 限神经外科术中监测 | AA32: 60 | AB32: 54 | AC32: 54 | AD32: 50 | AE32: 42 | AF32: =IFERROR(FIND("-儿童（加收）",C32,1),0) -> 0 | AG32: =SUBSTITUTE(C32,"-儿童（加收）","") -> 运动诱发电位费 | AH32: =IF(AF32>0,_xlfn.MAXIFS(N:N,C:C,SUBSTITUTE(C32,"-儿童（加收）","")),0)+N32 -> 54 | AI32: =IF(AF32>0,_xlfn.MAXIFS(O:O,C:C,SUBSTITUTE(C32,"-儿童（加收）","")),0)+O32 -> 50 | AJ32: =IF(AF32>0,_xlfn.MAXIFS(P:P,C:C,SUBSTITUTE(C32,"-儿童（加收）","")),0)+P32 -> 42
A33: 新增分项 | B33: 012401000100000 | C33: 运动诱发电位费（电诊断） | G33: 单肢 | I33: 34 | J33: 31 | K33: 32 | L33: 32 | M33: 27.2 | N33: 32 | O33: 30 | P33: 27 | Q33: 非医保 | S33: 新增项目 根据指导意见，电诊断取数每人次3-4块肌肉和神经，平移后理顺比价 | T33: 003401000070000-340100007 | U33: 340100007 | V33: 电诊断 | W33: 包括直流电检查、感应电检查、直流-感应电检查、时值检查、强度-频率曲线检查、中频脉冲电检查。 | Y33: 每块肌肉或每条神经 | AA33: 8.5 | AB33: 8.5 | AC33: 8 | AD33: 8 | AE33: 6.8 | AF33: =IFERROR(FIND("-儿童（加收）",C33,1),0) -> 0 | AG33: =SUBSTITUTE(C33,"-儿童（加收）","") -> 运动诱发电位费（电诊断） | AH33: =IF(AF33>0,_xlfn.MAXIFS(N:N,C:C,SUBSTITUTE(C33,"-儿童（加收）","")),0)+N33 -> 32 | AI33: =IF(AF33>0,_xlfn.MAXIFS(O:O,C:C,SUBSTITUTE(C33,"-儿童（加收）","")),0)+O33 -> 30 | AJ33: =IF(AF33>0,_xlfn.MAXIFS(P:P,C:C,SUBSTITUTE(C33,"-儿童（加收）","")),0)+P33 -> 27
A34: 12 | B34: 012401000120000 | C34: 颅内压监测费（有创） | D34: 检查费 | E34: 通过有创方式监测颅内压变化。 | F34: 所定价格涵盖摆位、设备准备、安装、监测、记录、分析等步骤所需的人力资源和基本物质资源消耗。 | G34: 小时 | I34: 6 | J34: 6 | N34: 6 | O34: 5.8 | P34: 5.4 | Q34: 医保 | R34: 新增项目 | S34: 新增项目。按无创的2倍拟定 | T34: 003101000140000-310100014 | AF34: =IFERROR(FIND("-儿童（加收）",C34,1),0) -> 0 | AG34: =SUBSTITUTE(C34,"-儿童（加收）","") -> 颅内压监测费（有创） | AH34: =IF(AF34>0,_xlfn.MAXIFS(N:N,C:C,SUBSTITUTE(C34,"-儿童（加收）","")),0)+N34 -> 6 | AI34: =IF(AF34>0,_xlfn.MAXIFS(O:O,C:C,SUBSTITUTE(C34,"-儿童（加收）","")),0)+O34 -> 5.8 | AJ34: =IF(AF34>0,_xlfn.MAXIFS(P:P,C:C,SUBSTITUTE(C34,"-儿童（加收）","")),0)+P34 -> 5.4
A35: 13 | B35: 012401000130000 | C35: 颅内压监测费（无创） | D35: 检查费 | E35: 通过无创方式监测颅内压变化。 | F35: 所定价格涵盖摆位、设备准备、安装、监测、记录、分析等步骤所需的人力资源和基本物质资源消耗。 | G35: 小时 | I35: 3 | J35: 3 | K35: 3.3 | L35: 3 | M35: 2.6 | N35: 3 | O35: 2.9 | P35: 2.7 | Q35: 医保 | R35: 理顺，降低 | S35: 平移后按不高于省级拟定，同质化项目缩小差距 | T35: 003101000140000-310100014 | U35: 310100014 | V35: 颅内压监测 | Y35: 小时 | AA35: 3 | AB35: 3 | AC35: 3.3 | AD35: 3 | AE35: 2.6 | AF35: =IFERROR(FIND("-儿童（加收）",C35,1),0) -> 0 | AG35: =SUBSTITUTE(C35,"-儿童（加收）","") -> 颅内压监测费（无创） | AH35: =IF(AF35>0,_xlfn.MAXIFS(N:N,C:C,SUBSTITUTE(C35,"-儿童（加收）","")),0)+N35 -> 3 | AI35: =IF(AF35>0,_xlfn.MAXIFS(O:O,C:C,SUBSTITUTE(C35,"-儿童（加收）","")),0)+O35 -> 2.9 | AJ35: =IF(AF35>0,_xlfn.MAXIFS(P:P,C:C,SUBSTITUTE(C35,"-儿童（加收）","")),0)+P35 -> 2.7
A36: 13 | B36: 012401000130000 | C36: 颅内压监测费（无创） | D36: 检查费 | E36: 通过无创方式监测颅内压变化。 | F36: 所定价格涵盖摆位、设备准备、安装、监测、记录、分析等步骤所需的人力资源和基本物质资源消耗。 | G36: 小时 | I36: 3 | J36: 3 | K36: 3.3 | L36: 3 | M36: 2.6 | N36: 3 | O36: 2.9 | P36: 2.7 | Q36: 医保 | R36: 理顺，降低 | S36: 平移后按不高于省级拟定，同质化项目缩小差距 | T36: 003112020020000-311202002 | U36: 311202002 | V36: 新生儿测颅压 | Y36: 次 | AF36: =IFERROR(FIND("-儿童（加收）",C36,1),0) -> 0 | AG36: =SUBSTITUTE(C36,"-儿童（加收）","") -> 颅内压监测费（无创） | AH36: =IF(AF36>0,_xlfn.MAXIFS(N:N,C:C,SUBSTITUTE(C36,"-儿童（加收）","")),0)+N36 -> 3 | AI36: =IF(AF36>0,_xlfn.MAXIFS(O:O,C:C,SUBSTITUTE(C36,"-儿童（加收）","")),0)+O36 -> 2.9 | AJ36: =IF(AF36>0,_xlfn.MAXIFS(P:P,C:C,SUBSTITUTE(C36,"-儿童（加收）","")),0)+P36 -> 2.7
A37: 14 | B37: 012401000140000 | C37: 脑血管造影费 | D37: 检查费 | E37: 通过介入方式对脑血管进行造影检查。 | F37: 所定价格涵盖手术计划、术区准备、消毒铺巾、建立通路、脑血管造影、撤除、闭合血管通路等步骤所需的人力资源和基本物质资源消耗。 | G37: 次 | H37: 次指3根及以下血管，超过3根血管，每增加1根血管加收20%，以8根血管费用设置封顶线。 | I37: 2250 | J37: 2025 | K37: 2090.625 | L37: 1884.375 | M37: 1509.375 | N37: 2090 | O37: 1885 | P37: 1510 | Q37: 医保 | R37: 平移取整 | S37: 原项目含双侧颈内动脉、颈外动脉、椎动脉，合计6根血管，现拆分为3根血管为基础价，每增加1根加收20%。则原来收取1次费用，现收取1+0.2×3=1.6次。按原项目价格除以1.6得出基础价格，取整拟定。 | T37: 003206000010000-320600001 | U37: 320600001 | V37: 经股动脉插管全脑动脉造影术 | W37: 含颈动脉、椎动脉，包括经颈动脉插管 | Y37: 次 | AA37: 3600 | AB37: 3240 | AC37: 3345 | AD37: 3015 | AE37: 2415 | AF37: =IFERROR(FIND("-儿童（加收）",C37,1),0) -> 0 | AG37: =SUBSTITUTE(C37,"-儿童（加收）","") -> 脑血管造影费 | AH37: =IF(AF37>0,_xlfn.MAXIFS(N:N,C:C,SUBSTITUTE(C37,"-儿童（加收）","")),0)+N37 -> 2090 | AI37: =IF(AF37>0,_xlfn.MAXIFS(O:O,C:C,SUBSTITUTE(C37,"-儿童（加收）","")),0)+O37 -> 1885 | AJ37: =IF(AF37>0,_xlfn.MAXIFS(P:P,C:C,SUBSTITUTE(C37,"-儿童（加收）","")),0)+P37 -> 1510
A38: 14 | B38: 012401000140000 | C38: 脑血管造影费 | D38: 检查费 | E38: 通过介入方式对脑血管进行造影检查。 | F38: 所定价格涵盖手术计划、术区准备、消毒铺巾、建立通路、脑血管造影、撤除、闭合血管通路等步骤所需的人力资源和基本物质资源消耗。 | G38: 次 | H38: 次指3根及以下血管，超过3根血管，每增加1根血管加收20%，以8根血管费用设置封顶线。 | I38: 2250 | J38: 2025 | K38: 2090.625 | L38: 1884.375 | M38: 1509.375 | N38: 2090 | O38: 1885 | P38: 1510 | Q38: 医保 | R38: 平移取整 | S38: 原项目含双侧颈内动脉、颈外动脉、椎动脉，合计6根血管，现拆分为3根血管为基础价，每增加1根加收20%。则原来收取1次费用，现收取1+0.2×3=1.6次。按原项目价格除以1.6得出基础价格，取整拟定。 | T38: 003206000010000-32060000101 | U38: 32060000101 | V38: 小儿经股动脉插管全脑动脉造影术 | Y38: 次 | AA38: 4680 | AB38: 4210 | AC38: 4350 | AD38: 3920 | AE38: 3140 | AF38: =IFERROR(FIND("-儿童（加收）",C38,1),0) -> 0 | AG38: =SUBSTITUTE(C38,"-儿童（加收）","") -> 脑血管造影费 | AH38: =IF(AF38>0,_xlfn.MAXIFS(N:N,C:C,SUBSTITUTE(C38,"-儿童（加收）","")),0)+N38 -> 2090 | AI38: =IF(AF38>0,_xlfn.MAXIFS(O:O,C:C,SUBSTITUTE(C38,"-儿童（加收）","")),0)+O38 -> 1885 | AJ38: =IF(AF38>0,_xlfn.MAXIFS(P:P,C:C,SUBSTITUTE(C38,"-儿童（加收）","")),0)+P38 -> 1510
A39: 15 | B39: 012401000150000 | C39: 脊髓血管造影费 | D39: 检查费 | E39: 通过介入方式对脊髓血管进行造影检查。 | F39: 所定价格涵盖手术计划、术区准备、消毒铺巾、建立通路、脊髓血管造影、撤除、闭合血管通路等步骤所需的人力资源和基本物质资源消耗。 | G39: 次 | H39: 次指4根及以下血管，超过4根血管，每增加1根血管加收5%。以12根血管费用设置封顶线。 | I39: 2000 | J39: 1800 | K39: 1944 | L39: 1760 | M39: 1496 | N39: 1950 | O39: 1760 | P39: 1500 | Q39: 医保 | R39: 平移取整 | S39: 脊髓动脉造影通常需要完成双侧椎动脉、甲状颈干、肋颈干等10根血管，现拆分为4根血管为基础价，每增加1根加收5%。现收取1+0.05×5=1.25次。按原项目价格除以1.25得出基础价格，取整拟定。 | T39: 003206000100000-320600010 | U39: 320600010 | V39: 脊髓动脉造影术 | Y39: 次 | AA39: 2700 | AB39: 2430 | AC39: 2430 | AD39: 2200 | AE39: 1870 | AF39: =IFERROR(FIND("-儿童（加收）",C39,1),0) -> 0 | AG39: =SUBSTITUTE(C39,"-儿童（加收）","") -> 脊髓血管造影费 | AH39: =IF(AF39>0,_xlfn.MAXIFS(N:N,C:C,SUBSTITUTE(C39,"-儿童（加收）","")),0)+N39 -> 1950 | AI39: =IF(AF39>0,_xlfn.MAXIFS(O:O,C:C,SUBSTITUTE(C39,"-儿童（加收）","")),0)+O39 -> 1760 | AJ39: =IF(AF39>0,_xlfn.MAXIFS(P:P,C:C,SUBSTITUTE(C39,"-儿童（加收）","")),0)+P39 -> 1500
A40: 15 | B40: 012401000150000 | C40: 脊髓血管造影费 | D40: 检查费 | E40: 通过介入方式对脊髓血管进行造影检查。 | F40: 所定价格涵盖手术计划、术区准备、消毒铺巾、建立通路、脊髓血管造影、撤除、闭合血管通路等步骤所需的人力资源和基本物质资源消耗。 | G40: 次 | H40: 次指4根及以下血管，超过4根血管，每增加1根血管加收5%。以12根血管费用设置封顶线。 | I40: 2000 | J40: 1800 | K40: 1944 | L40: 1760 | M40: 1496 | N40: 1950 | O40: 1760 | P40: 1500 | Q40: 医保 | R40: 平移取整 | S40: 脊髓动脉造影通常需要完成双侧椎动脉、甲状颈干、肋颈干等10根血管，现拆分为4根血管为基础价，每增加1根加收5%。现收取1+0.05×5=1.25次。按原项目价格除以1.25得出基础价格，取整拟定。 | T40: 003206000100000-32060001001 | U40: 32060001001 | V40: 小儿脊髓动脉造影术 | Y40: 次 | AA40: 3510 | AB40: 3160 | AC40: 3160 | AD40: 2860 | AE40: 2430 | AF40: =IFERROR(FIND("-儿童（加收）",C40,1),0) -> 0 | AG40: =SUBSTITUTE(C40,"-儿童（加收）","") -> 脊髓血管造影费 | AH40: =IF(AF40>0,_xlfn.MAXIFS(N:N,C:C,SUBSTITUTE(C40,"-儿童（加收）","")),0)+N40 -> 1950 | AI40: =IF(AF40>0,_xlfn.MAXIFS(O:O,C:C,SUBSTITUTE(C40,"-儿童（加收）","")),0)+O40 -> 1760 | AJ40: =IF(AF40>0,_xlfn.MAXIFS(P:P,C:C,SUBSTITUTE(C40,"-儿童（加收）","")),0)+P40 -> 1500
A41: 16 | B41: 012401000160000 | C41: 神经电生理定位监测费 | D41: 检查费 | E41: 通过已置入和（或）贴附的电极等监测装置，实时定位和（或）监测术中神经功能状态。 | F41: 所定价格涵盖刺激、定位、监测等步骤所需的人力资源和基本物质资源消耗。 | G41: 小时 | H41: 肌电图监测按照5元/小时收取。 肌电图监测市级按5元/小时收取，县级按4.8元/小时收取，基层按4.5元/小时收取。 | I41: 50 | J41: 45 | K41: 43.710665 | L41: 64.229075 | M41: #DIV/0! | N41: 48 | O41: 45 | P41: 40 | Q41: 医保 | R41: 理顺 | S41: 加权平移后理顺比价，同质化较高的项目缩小价差 | T41: 003101000130000-310100013 | U41: 310100013 | V41: 术中颅神经监测 | Y41: 小时 | AA41: 50 | AB41: 45 | AC41: 55 | AD41: 50 | AE41: 42.5 | AF41: =IFERROR(FIND("-儿童（加收）",C41,1),0) -> 0 | AG41: =SUBSTITUTE(C41,"-儿童（加收）","") -> 神经电生理定位监测费 | AH41: =IF(AF41>0,_xlfn.MAXIFS(N:N,C:C,SUBSTITUTE(C41,"-儿童（加收）","")),0)+N41 -> 48 | AI41: =IF(AF41>0,_xlfn.MAXIFS(O:O,C:C,SUBSTITUTE(C41,"-儿童（加收）","")),0)+O41 -> 45 | AJ41: =IF(AF41>0,_xlfn.MAXIFS(P:P,C:C,SUBSTITUTE(C41,"-儿童（加收）","")),0)+P41 -> 40
A42: 16 | B42: 012401000160000 | C42: 神经电生理定位监测费 | D42: 检查费 | E42: 通过已置入和（或）贴附的电极等监测装置，实时定位和（或）监测术中神经功能状态。 | F42: 所定价格涵盖刺激、定位、监测等步骤所需的人力资源和基本物质资源消耗。 | G42: 小时 | H42: 肌电图监测按照5元/小时收取。 肌电图监测市级按5元/小时收取，县级按4.8元/小时收取，基层按4.5元/小时收取。 | I42: 50 | J42: 45 | K42: 43.710665 | L42: 64.229075 | M42: #DIV/0! | N42: 48 | O42: 45 | P42: 40 | Q42: 医保 | R42: 理顺 | S42: 加权平移后理顺比价，同质化较高的项目缩小价差 | T42: 003101000010000-31010000102 | U42: 31010000102 | V42: 脑电图（术中监测） | Y42: 小时 | Z42: 术中监测 | AA42: 25 | AB42: 23 | AC42: 22 | AD42: 20 | AE42: 17 | AF42: =IFERROR(FIND("-儿童（加收）",C42,1),0) -> 0 | AG42: =SUBSTITUTE(C42,"-儿童（加收）","") -> 神经电生理定位监测费 | AH42: =IF(AF42>0,_xlfn.MAXIFS(N:N,C:C,SUBSTITUTE(C42,"-儿童（加收）","")),0)+N42 -> 48 | AI42: =IF(AF42>0,_xlfn.MAXIFS(O:O,C:C,SUBSTITUTE(C42,"-儿童（加收）","")),0)+O42 -> 45 | AJ42: =IF(AF42>0,_xlfn.MAXIFS(P:P,C:C,SUBSTITUTE(C42,"-儿童（加收）","")),0)+P42 -> 40
A43: 16 | B43: 012401000160000 | C43: 神经电生理定位监测费 | D43: 检查费 | E43: 通过已置入和（或）贴附的电极等监测装置，实时定位和（或）监测术中神经功能状态。 | F43: 所定价格涵盖刺激、定位、监测等步骤所需的人力资源和基本物质资源消耗。 | G43: 小时 | H43: 肌电图监测按照5元/小时收取。 肌电图监测市级按5元/小时收取，县级按4.8元/小时收取，基层按4.5元/小时收取。 | I43: 50 | J43: 45 | K43: 43.710665 | L43: 64.229075 | M43: #DIV/0! | N43: 48 | O43: 45 | P43: 40 | Q43: 医保 | R43: 理顺 | S43: 加权平移后理顺比价，同质化较高的项目缩小价差 | T43: 003101000090000-31010000902 | U43: 31010000902 | V43: 体感诱发电位术中监测 | Y43: 小时 | Z43: 术中监测 | AA43: 22 | AB43: 20 | AC43: 22 | AD43: 20 | AE43: 17 | AF43: =IFERROR(FIND("-儿童（加收）",C43,1),0) -> 0 | AG43: =SUBSTITUTE(C43,"-儿童（加收）","") -> 神经电生理定位监测费 | AH43: =IF(AF43>0,_xlfn.MAXIFS(N:N,C:C,SUBSTITUTE(C43,"-儿童（加收）","")),0)+N43 -> 48 | AI43: =IF(AF43>0,_xlfn.MAXIFS(O:O,C:C,SUBSTITUTE(C43,"-儿童（加收）","")),0)+O43 -> 45 | AJ43: =IF(AF43>0,_xlfn.MAXIFS(P:P,C:C,SUBSTITUTE(C43,"-儿童（加收）","")),0)+P43 -> 40
A44: 16 | B44: 012401000160000 | C44: 神经电生理定位监测费 | D44: 检查费 | E44: 通过已置入和（或）贴附的电极等监测装置，实时定位和（或）监测术中神经功能状态。 | F44: 所定价格涵盖刺激、定位、监测等步骤所需的人力资源和基本物质资源消耗。 | G44: 小时 | H44: 肌电图监测按照5元/小时收取。 肌电图监测市级按5元/小时收取，县级按4.8元/小时收取，基层按4.5元/小时收取。 | I44: 50 | J44: 45 | K44: 43.710665 | L44: 64.229075 | M44: #DIV/0! | N44: 48 | O44: 45 | P44: 40 | Q44: 医保 | R44: 理顺 | S44: 加权平移后理顺比价，同质化较高的项目缩小价差 | T44: 003302000000002-330202023 | U44: 330202023 | V44: 神经刺激器引导下神经定位 | W44: 使用神经刺激器对各种神经阻滞进行准确定位。 | Y44: 半小时 | AA44: 100 | AB44: 90 | AC44: 100 | AD44: 100 | AE44: 85 | AF44: =IFERROR(FIND("-儿童（加收）",C44,1),0) -> 0 | AG44: =SUBSTITUTE(C44,"-儿童（加收）","") -> 神经电生理定位监测费 | AH44: =IF(AF44>0,_xlfn.MAXIFS(N:N,C:C,SUBSTITUTE(C44,"-儿童（加收）","")),0)+N44 -> 48 | AI44: =IF(AF44>0,_xlfn.MAXIFS(O:O,C:C,SUBSTITUTE(C44,"-儿童（加收）","")),0)+O44 -> 45 | AJ44: =IF(AF44>0,_xlfn.MAXIFS(P:P,C:C,SUBSTITUTE(C44,"-儿童（加收）","")),0)+P44 -> 40
A45: 新增分项 | B45: 012401000160000 | C45: 神经电生理定位监测费（肌电图监测） | G45: 小时 | I45: 5 | J45: 5 | K45: 5.5 | L45: 5 | M45: 4.3 | N45: 5 | O45: 4.8 | P45: 4.5 | Q45: 医保 | S45: 平移后按不高于省级拟定，同质化项目缩小差距 | T45: 003101000250000-310100025 | U45: 310100025 | V45: 肌电图监测 | Y45: 小时 | AA45: 5 | AB45: 5 | AC45: 5.5 | AD45: 5 | AE45: 4.3 | AF45: =IFERROR(FIND("-儿童（加收）",C45,1),0) -> 0 | AG45: =SUBSTITUTE(C45,"-儿童（加收）","") -> 神经电生理定位监测费（肌电图监测） | AH45: =IF(AF45>0,_xlfn.MAXIFS(N:N,C:C,SUBSTITUTE(C45,"-儿童（加收）","")),0)+N45 -> 5 | AI45: =IF(AF45>0,_xlfn.MAXIFS(O:O,C:C,SUBSTITUTE(C45,"-儿童（加收）","")),0)+O45 -> 4.8 | AJ45: =IF(AF45>0,_xlfn.MAXIFS(P:P,C:C,SUBSTITUTE(C45,"-儿童（加收）","")),0)+P45 -> 4.5
A46: 18 | B46: 013101000020000 | C46: 无创神经刺激治疗费 | D46: 治疗费 | E46: 通过仪器经颅电/磁刺激神经系统的相关部位。 | F46: 所定价格涵盖连接电极、设置参数、电/磁刺激治疗等步骤所需的人力资源和基本物质资源消耗。 | G46: 次 | I46: 100 | J46: 90 | K46: 90 | L46: 81 | M46: 68.9 | N46: 90 | O46: 81 | P46: 69 | Q46: 医保 | R46: 平移 | S46: 平移后基层取整 | T46: 003101000310000-310100031 | U46: 310100031 | V46: 慢性小脑电刺激术 | Y46: 次 | AF46: =IFERROR(FIND("-儿童（加收）",C46,1),0) -> 0 | AG46: =SUBSTITUTE(C46,"-儿童（加收）","") -> 无创神经刺激治疗费 | AH46: =IF(AF46>0,_xlfn.MAXIFS(N:N,C:C,SUBSTITUTE(C46,"-儿童（加收）","")),0)+N46 -> 90 | AI46: =IF(AF46>0,_xlfn.MAXIFS(O:O,C:C,SUBSTITUTE(C46,"-儿童（加收）","")),0)+O46 -> 81 | AJ46: =IF(AF46>0,_xlfn.MAXIFS(P:P,C:C,SUBSTITUTE(C46,"-儿童（加收）","")),0)+P46 -> 69
A47: 18 | B47: 013101000020000 | C47: 无创神经刺激治疗费 | D47: 治疗费 | E47: 通过仪器经颅电/磁刺激神经系统的相关部位。 | F47: 所定价格涵盖连接电极、设置参数、电/磁刺激治疗等步骤所需的人力资源和基本物质资源消耗。 | G47: 次 | I47: 100 | J47: 90 | K47: 90 | L47: 81 | M47: 68.9 | N47: 90 | O47: 81 | P47: 69 | Q47: 医保 | R47: 平移 | S47: 平移后基层取整 | T47: 003101000100000-340100030 | U47: 340100030 | V47: 经颅重复磁刺激治疗 | W47: 用于疾病的中枢治疗。安置记录表面电极，对侧额叶皮层刺激，观察肌肉动作电位波形，判断运动阈值，据此判断最佳刺激部位并根据阈值及病情需要设置刺激的参数，含强度、频率、间隔时间和总时程，对病人进行治疗。 | Y47: 次 | AA47: 105 | AB47: 95 | AC47: 90 | AD47: 81 | AE47: 68.9 | AF47: =IFERROR(FIND("-儿童（加收）",C47,1),0) -> 0 | AG47: =SUBSTITUTE(C47,"-儿童（加收）","") -> 无创神经刺激治疗费 | AH47: =IF(AF47>0,_xlfn.MAXIFS(N:N,C:C,SUBSTITUTE(C47,"-儿童（加收）","")),0)+N47 -> 90 | AI47: =IF(AF47>0,_xlfn.MAXIFS(O:O,C:C,SUBSTITUTE(C47,"-儿童（加收）","")),0)+O47 -> 81 | AJ47: =IF(AF47>0,_xlfn.MAXIFS(P:P,C:C,SUBSTITUTE(C47,"-儿童（加收）","")),0)+P47 -> 69
A48: 20 | B48: 013101000040000 | C48: 神经刺激器适配费 | D48: 治疗费 | E48: 对已置入的神经刺激器进行程控测试。 | F48: 所定价格涵盖装置连接、数据读取分析、参数调整、功能优化、安全性检查等步骤所需的人力资源和基本物资消耗。 | G48: 次 | H48: 含评估随访。 | I48: 150 | J48: 135 | N48: 135 | O48: 122 | P48: 105 | Q48: 非医保 | R48: 新增价格 | S48: 新增价格，按比价关系拟定 | T48: 003302010350000-A330201064 | U48: A330201064 | V48: 脑深部神经刺激器功能分析和随访调试 | W48: 医生控制器检测，刺激强度调整，疗效观察。 | Y48: 次 | AC48: 自主 定价 | AD48: 自主 定价 | AE48: 自主 定价 | AF48: =IFERROR(FIND("-儿童（加收）",C48,1),0) -> 0 | AG48: =SUBSTITUTE(C48,"-儿童（加收）","") -> 神经刺激器适配费 | AH48: =IF(AF48>0,_xlfn.MAXIFS(N:N,C:C,SUBSTITUTE(C48,"-儿童（加收）","")),0)+N48 -> 135 | AI48: =IF(AF48>0,_xlfn.MAXIFS(O:O,C:C,SUBSTITUTE(C48,"-儿童（加收）","")),0)+O48 -> 122 | AJ48: =IF(AF48>0,_xlfn.MAXIFS(P:P,C:C,SUBSTITUTE(C48,"-儿童（加收）","")),0)+P48 -> 105
A49: 21 | B49: 013101000050000 | C49: 神经阻滞治疗费 | D49: 治疗费 | E49: 通过物理压迫或化学毁损的方式阻断神经传递信号。 | F49: 所定价格涵盖术区准备、定位、消毒铺巾、压迫、注药、观察、记录等步骤所需的人力资源和基本物质资源消耗。 | G49: 次 | I49: 62 | J49: 56 | K49: 59.802186 | L49: 53.770193 | M49: 46.804975 | N49: 60 | O49: 54 | P49: 47 | Q49: 医保 | R49: 平移取整 | S49: 加权平移取整 | T49: 003101000270000-310100027 | U49: 310100027 | V49: 神经阻滞治疗 | Y49: 次 | AA49: 40 | AB49: 36 | AC49: 38 | AD49: 28 | AE49: 23.8 | AF49: =IFERROR(FIND("-儿童（加收）",C49,1),0) -> 0 | AG49: =SUBSTITUTE(C49,"-儿童（加收）","") -> 神经阻滞治疗费 | AH49: =IF(AF49>0,_xlfn.MAXIFS(N:N,C:C,SUBSTITUTE(C49,"-儿童（加收）","")),0)+N49 -> 60 | AI49: =IF(AF49>0,_xlfn.MAXIFS(O:O,C:C,SUBSTITUTE(C49,"-儿童（加收）","")),0)+O49 -> 54 | AJ49: =IF(AF49>0,_xlfn.MAXIFS(P:P,C:C,SUBSTITUTE(C49,"-儿童（加收）","")),0)+P49 -> 47
A50: 21 | B50: 013101000050000 | C50: 神经阻滞治疗费 | D50: 治疗费 | E50: 通过物理压迫或化学毁损的方式阻断神经传递信号。 | F50: 所定价格涵盖术区准备、定位、消毒铺巾、压迫、注药、观察、记录等步骤所需的人力资源和基本物质资源消耗。 | G50: 次 | I50: 62 | J50: 56 | K50: 59.802186 | L50: 53.770193 | M50: 46.804975 | N50: 60 | O50: 54 | P50: 47 | Q50: 医保 | R50: 平移取整 | S50: 加权平移取整 | T50: 003101000330000-310100033 | U50: 310100033 | V50: 周围神经毁损术 | W50: 含神经穿刺及注射 | Y50: 次 | Z50: 三叉神经干颅骨外段加收60%；三叉神经节后段加收120%；三叉神经节前段加收180% | AA50: 390 | AB50: 350 | AC50: 330 | AD50: 300 | AE50: 255 | AF50: =IFERROR(FIND("-儿童（加收）",C50,1),0) -> 0 | AG50: =SUBSTITUTE(C50,"-儿童（加收）","") -> 神经阻滞治疗费 | AH50: =IF(AF50>0,_xlfn.MAXIFS(N:N,C:C,SUBSTITUTE(C50,"-儿童（加收）","")),0)+N50 -> 60 | AI50: =IF(AF50>0,_xlfn.MAXIFS(O:O,C:C,SUBSTITUTE(C50,"-儿童（加收）","")),0)+O50 -> 54 | AJ50: =IF(AF50>0,_xlfn.MAXIFS(P:P,C:C,SUBSTITUTE(C50,"-儿童（加收）","")),0)+P50 -> 47
A51: 21 | B51: 013101000050000 | C51: 神经阻滞治疗费 | D51: 治疗费 | E51: 通过物理压迫或化学毁损的方式阻断神经传递信号。 | F51: 所定价格涵盖术区准备、定位、消毒铺巾、压迫、注药、观察、记录等步骤所需的人力资源和基本物质资源消耗。 | G51: 次 | I51: 62 | J51: 56 | K51: 59.802186 | L51: 53.770193 | M51: 46.804975 | N51: 60 | O51: 54 | P51: 47 | Q51: 医保 | R51: 平移取整 | S51: 加权平移取整 | T51: 003101000340000-310100034 | U51: 310100034 | V51: 交感神经节毁损术 | W51: 指颈、胸、腰交感神经节穿刺及注射，含神经穿刺及注射 | Y51: 次 | Z51: 胸交感神经加收50% | AA51: 300 | AB51: 270 | AC51: 330 | AD51: 300 | AE51: 255 | AF51: =IFERROR(FIND("-儿童（加收）",C51,1),0) -> 0 | AG51: =SUBSTITUTE(C51,"-儿童（加收）","") -> 神经阻滞治疗费 | AH51: =IF(AF51>0,_xlfn.MAXIFS(N:N,C:C,SUBSTITUTE(C51,"-儿童（加收）","")),0)+N51 -> 60 | AI51: =IF(AF51>0,_xlfn.MAXIFS(O:O,C:C,SUBSTITUTE(C51,"-儿童（加收）","")),0)+O51 -> 54 | AJ51: =IF(AF51>0,_xlfn.MAXIFS(P:P,C:C,SUBSTITUTE(C51,"-儿童（加收）","")),0)+P51 -> 47
A52: 21 | B52: 013101000050000 | C52: 神经阻滞治疗费 | D52: 治疗费 | E52: 通过物理压迫或化学毁损的方式阻断神经传递信号。 | F52: 所定价格涵盖术区准备、定位、消毒铺巾、压迫、注药、观察、记录等步骤所需的人力资源和基本物质资源消耗。 | G52: 次 | I52: 62 | J52: 56 | K52: 59.802186 | L52: 53.770193 | M52: 46.804975 | N52: 60 | O52: 54 | P52: 47 | Q52: 医保 | R52: 平移取整 | S52: 加权平移取整 | T52: 003101000340001-31010003401 | U52: 31010003401 | V52: 交感神经节毁损术（胸交感神经毁损） | Y52: 次 | Z52: 胸交感神经 | AA52: 500 | AB52: 450 | AC52: 495 | AD52: 450 | AE52: 382.5 | AF52: =IFERROR(FIND("-儿童（加收）",C52,1),0) -> 0 | AG52: =SUBSTITUTE(C52,"-儿童（加收）","") -> 神经阻滞治疗费 | AH52: =IF(AF52>0,_xlfn.MAXIFS(N:N,C:C,SUBSTITUTE(C52,"-儿童（加收）","")),0)+N52 -> 60 | AI52: =IF(AF52>0,_xlfn.MAXIFS(O:O,C:C,SUBSTITUTE(C52,"-儿童（加收）","")),0)+O52 -> 54 | AJ52: =IF(AF52>0,_xlfn.MAXIFS(P:P,C:C,SUBSTITUTE(C52,"-儿童（加收）","")),0)+P52 -> 47
A53: 分项 | B53: 013101000050001 | C53: 神经阻滞治疗费-三叉神经节（加收） | D53: 治疗费 | G53: 次 | I53: 365 | J53: 329 | K53: 350 | L53: 315 | N53: 350 | O53: 315 | P53: 270 | Q53: 医保 | S53: 加权平移 | T53: 003101000280000-310100028 | U53: 310100028 | V53: 经皮穿刺三叉神经半月节注射治疗术 | W53: 含神经感觉定位、注射药物、测定疗效范围、局部加压；不含术中影像学检查 | Y53: 次 | Z53: 六岁及以下儿童在原价基础上加收30% | AA53: 390 | AB53: 350 | AC53: 350 | AD53: 315 | AE53: 265 | AF53: =IFERROR(FIND("-儿童（加收）",C53,1),0) -> 0 | AG53: =SUBSTITUTE(C53,"-儿童（加收）","") -> 神经阻滞治疗费-三叉神经节（加收） | AH53: =IF(AF53>0,_xlfn.MAXIFS(N:N,C:C,SUBSTITUTE(C53,"-儿童（加收）","")),0)+N53 -> 350 | AI53: =IF(AF53>0,_xlfn.MAXIFS(O:O,C:C,SUBSTITUTE(C53,"-儿童（加收）","")),0)+O53 -> 315 | AJ53: =IF(AF53>0,_xlfn.MAXIFS(P:P,C:C,SUBSTITUTE(C53,"-儿童（加收）","")),0)+P53 -> 270
A54: 分项 | B54: 013101000050001 | C54: 神经阻滞治疗费-三叉神经节（加收） | D54: 治疗费 | G54: 次 | I54: 365 | J54: 329 | K54: 350 | L54: 315 | N54: 350 | O54: 315 | P54: 270 | Q54: 医保 | S54: 加权平移 | T54: 003101000280000-31010002801 | U54: 31010002801 | V54: 小儿经皮穿刺三叉神经半月节注射治疗术 | Y54: 次 | AA54: 505 | AB54: 455 | AC54: 455 | AD54: 410 | AE54: 345 | AF54: =IFERROR(FIND("-儿童（加收）",C54,1),0) -> 0 | AG54: =SUBSTITUTE(C54,"-儿童（加收）","") -> 神经阻滞治疗费-三叉神经节（加收） | AH54: =IF(AF54>0,_xlfn.MAXIFS(N:N,C:C,SUBSTITUTE(C54,"-儿童（加收）","")),0)+N54 -> 350 | AI54: =IF(AF54>0,_xlfn.MAXIFS(O:O,C:C,SUBSTITUTE(C54,"-儿童（加收）","")),0)+O54 -> 315 | AJ54: =IF(AF54>0,_xlfn.MAXIFS(P:P,C:C,SUBSTITUTE(C54,"-儿童（加收）","")),0)+P54 -> 270
A55: 分项 | B55: 013101000050001 | C55: 神经阻滞治疗费-三叉神经节（加收） | D55: 治疗费 | G55: 次 | I55: 365 | J55: 329 | K55: 350 | L55: 315 | N55: 350 | O55: 315 | P55: 270 | Q55: 医保 | S55: 加权平移 | T55: 003101000290000-310100029 | U55: 310100029 | V55: 经皮穿刺三叉神经半月节射频温控热凝术 | W55: 含神经感觉定位、射频温控治疗、测定疗效范围、局部加压；包括感觉根射频温控热凝，不含术中影像学检查、全麻 | Y55: 次 | Z55: 六岁及以下儿童在原价基础上加收30% | AA55: 390 | AB55: 350 | AC55: 350 | AD55: 315 | AE55: 265 | AF55: =IFERROR(FIND("-儿童（加收）",C55,1),0) -> 0 | AG55: =SUBSTITUTE(C55,"-儿童（加收）","") -> 神经阻滞治疗费-三叉神经节（加收） | AH55: =IF(AF55>0,_xlfn.MAXIFS(N:N,C:C,SUBSTITUTE(C55,"-儿童（加收）","")),0)+N55 -> 350 | AI55: =IF(AF55>0,_xlfn.MAXIFS(O:O,C:C,SUBSTITUTE(C55,"-儿童（加收）","")),0)+O55 -> 315 | AJ55: =IF(AF55>0,_xlfn.MAXIFS(P:P,C:C,SUBSTITUTE(C55,"-儿童（加收）","")),0)+P55 -> 270
A56: 分项 | B56: 013101000050001 | C56: 神经阻滞治疗费-三叉神经节（加收） | D56: 治疗费 | G56: 次 | I56: 365 | J56: 329 | K56: 350 | L56: 315 | N56: 350 | O56: 315 | P56: 270 | Q56: 医保 | S56: 加权平移 | T56: 003101000290000-31010002901 | U56: 31010002901 | V56: 小儿经皮穿刺三叉神经半月节射频温控热凝术 | Y56: 次 | AA56: 505 | AB56: 455 | AC56: 455 | AD56: 410 | AE56: 345 | AF56: =IFERROR(FIND("-儿童（加收）",C56,1),0) -> 0 | AG56: =SUBSTITUTE(C56,"-儿童（加收）","") -> 神经阻滞治疗费-三叉神经节（加收） | AH56: =IF(AF56>0,_xlfn.MAXIFS(N:N,C:C,SUBSTITUTE(C56,"-儿童（加收）","")),0)+N56 -> 350 | AI56: =IF(AF56>0,_xlfn.MAXIFS(O:O,C:C,SUBSTITUTE(C56,"-儿童（加收）","")),0)+O56 -> 315 | AJ56: =IF(AF56>0,_xlfn.MAXIFS(P:P,C:C,SUBSTITUTE(C56,"-儿童（加收）","")),0)+P56 -> 270
A57: 分项 | B57: 013101000050001 | C57: 神经阻滞治疗费-三叉神经节（加收） | D57: 治疗费 | G57: 次 | I57: 365 | J57: 329 | K57: 350 | L57: 315 | N57: 350 | O57: 315 | P57: 270 | Q57: 医保 | S57: 加权平移 | T57: 003101000300000-310100030 | U57: 310100030 | V57: 经皮穿刺三叉神经干注射术 | W57: 含神经感觉定位、注射药物、测定疗效范围、局部加压；不含术中影像学检查 | Y57: 次 | Z57: 六岁及以下儿童在原价基础上加收30% | AA57: 390 | AB57: 350 | AC57: 350 | AD57: 315 | AE57: 265 | AF57: =IFERROR(FIND("-儿童（加收）",C57,1),0) -> 0 | AG57: =SUBSTITUTE(C57,"-儿童（加收）","") -> 神经阻滞治疗费-三叉神经节（加收） | AH57: =IF(AF57>0,_xlfn.MAXIFS(N:N,C:C,SUBSTITUTE(C57,"-儿童（加收）","")),0)+N57 -> 350 | AI57: =IF(AF57>0,_xlfn.MAXIFS(O:O,C:C,SUBSTITUTE(C57,"-儿童（加收）","")),0)+O57 -> 315 | AJ57: =IF(AF57>0,_xlfn.MAXIFS(P:P,C:C,SUBSTITUTE(C57,"-儿童（加收）","")),0)+P57 -> 270
A58: 分项 | B58: 013101000050001 | C58: 神经阻滞治疗费-三叉神经节（加收） | D58: 治疗费 | G58: 次 | I58: 365 | J58: 329 | K58: 350 | L58: 315 | N58: 350 | O58: 315 | P58: 270 | Q58: 医保 | S58: 加权平移 | T58: 003101000300000-31010003001 | U58: 31010003001 | V58: 小儿经皮穿刺三叉神经干注射术 | Y58: 次 | AA58: 505 | AB58: 455 | AC58: 455 | AD58: 410 | AE58: 345 | AF58: =IFERROR(FIND("-儿童（加收）",C58,1),0) -> 0 | AG58: =SUBSTITUTE(C58,"-儿童（加收）","") -> 神经阻滞治疗费-三叉神经节（加收） | AH58: =IF(AF58>0,_xlfn.MAXIFS(N:N,C:C,SUBSTITUTE(C58,"-儿童（加收）","")),0)+N58 -> 350 | AI58: =IF(AF58>0,_xlfn.MAXIFS(O:O,C:C,SUBSTITUTE(C58,"-儿童（加收）","")),0)+O58 -> 315 | AJ58: =IF(AF58>0,_xlfn.MAXIFS(P:P,C:C,SUBSTITUTE(C58,"-儿童（加收）","")),0)+P58 -> 270
A59: 分项 | B59: 013101000050001 | C59: 神经阻滞治疗费-三叉神经节（加收） | D59: 治疗费 | G59: 次 | I59: 365 | J59: 329 | K59: 350 | L59: 315 | N59: 350 | O59: 315 | P59: 270 | Q59: 医保 | S59: 加权平移 | T59: 003101000330001-31010003301 | U59: 31010003301 | V59: 周围神经毁损术（三叉神经干颅骨外段毁损加收） | Y59: 次 | Z59: 三叉神经干颅骨外段加收 | AA59: 230 | AB59: 205 | AC59: 198 | AD59: 180 | AE59: 153 | AF59: =IFERROR(FIND("-儿童（加收）",C59,1),0) -> 0 | AG59: =SUBSTITUTE(C59,"-儿童（加收）","") -> 神经阻滞治疗费-三叉神经节（加收） | AH59: =IF(AF59>0,_xlfn.MAXIFS(N:N,C:C,SUBSTITUTE(C59,"-儿童（加收）","")),0)+N59 -> 350 | AI59: =IF(AF59>0,_xlfn.MAXIFS(O:O,C:C,SUBSTITUTE(C59,"-儿童（加收）","")),0)+O59 -> 315 | AJ59: =IF(AF59>0,_xlfn.MAXIFS(P:P,C:C,SUBSTITUTE(C59,"-儿童（加收）","")),0)+P59 -> 270
A60: 分项 | B60: 013101000050001 | C60: 神经阻滞治疗费-三叉神经节（加收） | D60: 治疗费 | G60: 次 | I60: 365 | J60: 329 | K60: 350 | L60: 315 | N60: 350 | O60: 315 | P60: 270 | Q60: 医保 | S60: 加权平移 | T60: 003101000330001-31010003302 | U60: 31010003302 | V60: 周围神经毁损术（三叉神经节后段毁损加收） | Y60: 次 | Z60: 三叉神经节后段加收 | AA60: 470 | AB60: 425 | AC60: 396 | AD60: 360 | AE60: 306 | AF60: =IFERROR(FIND("-儿童（加收）",C60,1),0) -> 0 | AG60: =SUBSTITUTE(C60,"-儿童（加收）","") -> 神经阻滞治疗费-三叉神经节（加收） | AH60: =IF(AF60>0,_xlfn.MAXIFS(N:N,C:C,SUBSTITUTE(C60,"-儿童（加收）","")),0)+N60 -> 350 | AI60: =IF(AF60>0,_xlfn.MAXIFS(O:O,C:C,SUBSTITUTE(C60,"-儿童（加收）","")),0)+O60 -> 315 | AJ60: =IF(AF60>0,_xlfn.MAXIFS(P:P,C:C,SUBSTITUTE(C60,"-儿童（加收）","")),0)+P60 -> 270
A61: 分项 | B61: 013101000050001 | C61: 神经阻滞治疗费-三叉神经节（加收） | D61: 治疗费 | G61: 次 | I61: 365 | J61: 329 | K61: 350 | L61: 315 | N61: 350 | O61: 315 | P61: 270 | Q61: 医保 | S61: 加权平移 | T61: 003101000330001-31010003303 | U61: 31010003303 | V61: 周围神经毁损术（三叉神经节前段毁损加收） | Y61: 次 | Z61: 三叉神经节前段加收 | AA61: 700 | AB61: 630 | AC61: 594 | AD61: 540 | AE61: 459 | AF61: =IFERROR(FIND("-儿童（加收）",C61,1),0) -> 0 | AG61: =SUBSTITUTE(C61,"-儿童（加收）","") -> 神经阻滞治疗费-三叉神经节（加收） | AH61: =IF(AF61>0,_xlfn.MAXIFS(N:N,C:C,SUBSTITUTE(C61,"-儿童（加收）","")),0)+N61 -> 350 | AI61: =IF(AF61>0,_xlfn.MAXIFS(O:O,C:C,SUBSTITUTE(C61,"-儿童（加收）","")),0)+O61 -> 315 | AJ61: =IF(AF61>0,_xlfn.MAXIFS(P:P,C:C,SUBSTITUTE(C61,"-儿童（加收）","")),0)+P61 -> 270
A62: 分项 | B62: 013101000050001 | C62: 神经阻滞治疗费-三叉神经节（加收） | D62: 治疗费 | G62: 次 | I62: 365 | J62: 329 | K62: 350 | L62: 315 | N62: 350 | O62: 315 | P62: 270 | Q62: 医保 | S62: 加权平移 | T62: 003302020040000-330202004 | U62: 330202004 | V62: 三叉神经干鞘膜内注射术 | Y62: 每神经支 | AA62: 675 | AB62: 610 | AC62: 625 | AD62: 600 | AE62: 510 | AF62: =IFERROR(FIND("-儿童（加收）",C62,1),0) -> 0 | AG62: =SUBSTITUTE(C62,"-儿童（加收）","") -> 神经阻滞治疗费-三叉神经节（加收） | AH62: =IF(AF62>0,_xlfn.MAXIFS(N:N,C:C,SUBSTITUTE(C62,"-儿童（加收）","")),0)+N62 -> 350 | AI62: =IF(AF62>0,_xlfn.MAXIFS(O:O,C:C,SUBSTITUTE(C62,"-儿童（加收）","")),0)+O62 -> 315 | AJ62: =IF(AF62>0,_xlfn.MAXIFS(P:P,C:C,SUBSTITUTE(C62,"-儿童（加收）","")),0)+P62 -> 270
A63: 分项 | B63: 013101000050001 | C63: 神经阻滞治疗费-三叉神经节（加收） | D63: 治疗费 | G63: 次 | I63: 365 | J63: 329 | K63: 350 | L63: 315 | N63: 350 | O63: 315 | P63: 270 | Q63: 医保 | S63: 加权平移 | T63: 003302020040000-33020200401 | U63: 33020200401 | V63: 小儿三叉神经干鞘膜内注射术 | Y63: 每神经支 | AA63: 880 | AB63: 795 | AC63: 815 | AD63: 780 | AE63: 665 | AF63: =IFERROR(FIND("-儿童（加收）",C63,1),0) -> 0 | AG63: =SUBSTITUTE(C63,"-儿童（加收）","") -> 神经阻滞治疗费-三叉神经节（加收） | AH63: =IF(AF63>0,_xlfn.MAXIFS(N:N,C:C,SUBSTITUTE(C63,"-儿童（加收）","")),0)+N63 -> 350 | AI63: =IF(AF63>0,_xlfn.MAXIFS(O:O,C:C,SUBSTITUTE(C63,"-儿童（加收）","")),0)+O63 -> 315 | AJ63: =IF(AF63>0,_xlfn.MAXIFS(P:P,C:C,SUBSTITUTE(C63,"-儿童（加收）","")),0)+P63 -> 270
A64: 24 | B64: 013302000030000 | C64: 脑血管球囊扩张费（介入） | D64: 手术费 | E64: 通过球囊扩张脑血管。 | F64: 所定价格涵盖手术计划、术区准备、消毒铺巾、建立通路、球囊扩张、撤除、闭合通路，必要时造影确认治疗效果等步骤所需的人力资源和基本物质资源消耗。不含脑血管造影费用。 | G64: 血管 | H64: 1.同一血管扩张颅内和颅外多处狭窄的按2根血管计价，颅内部分适用颅内血管加收。 2.脑静脉窦扩张适用颅内血管加收。 3.脑血管治疗后立即行造影确认治疗效果的，不得重复收取脑血管造影费用。 | I64: 3000 | J64: 2700 | K64: 2700 | L64: 2433.3333 | M64: 2066.6667 | N64: 2700 | O64: 2435 | P64: 2065 | Q64: 医保 | R64: 平移取整 | S64: 按照省局定价规则，将原项目拆分为颅内外血管定价，颅外血管按原项目5/6定价，设为基础价格，颅内血管设置加收项目，则：主项+颅内加收项=原项目。 | T64: 003206000030000-320600003 | U64: 320600003 | V64: 经皮穿刺脑血管腔内球囊成形术 | Y64: 次 | AA64: 3600 | AB64: 3240 | AC64: 3240 | AD64: 2920 | AE64: 2480 | AF64: =IFERROR(FIND("-儿童（加收）",C64,1),0) -> 0 | AG64: =SUBSTITUTE(C64,"-儿童（加收）","") -> 脑血管球囊扩张费（介入） | AH64: =IF(AF64>0,_xlfn.MAXIFS(N:N,C:C,SUBSTITUTE(C64,"-儿童（加收）","")),0)+N64 -> 2700 | AI64: =IF(AF64>0,_xlfn.MAXIFS(O:O,C:C,SUBSTITUTE(C64,"-儿童（加收）","")),0)+O64 -> 2435 | AJ64: =IF(AF64>0,_xlfn.MAXIFS(P:P,C:C,SUBSTITUTE(C64,"-儿童（加收）","")),0)+P64 -> 2065
A65: 分项 | B65: 013302000030001 | C65: 脑血管球囊扩张费（介入）-儿童（加收） | D65: 手术费 | G65: 血管 | I65: 900 | J65: 810 | N65: 810 | O65: 730 | P65: 620 | Q65: 医保 | S65: 儿童加收30% | T65: 003206000030000-32060000301 | U65: 32060000301 | V65: 小儿经皮穿刺脑血管腔内球囊成形术 | Y65: 次 | AA65: 4680 | AB65: 4210 | AC65: 4210 | AD65: 3795 | AE65: 3225 | AF65: =IFERROR(FIND("-儿童（加收）",C65,1),0) -> 13 | AG65: =SUBSTITUTE(C65,"-儿童（加收）","") -> 脑血管球囊扩张费（介入） | AH65: =IF(AF65>0,_xlfn.MAXIFS(N:N,C:C,SUBSTITUTE(C65,"-儿童（加收）","")),0)+N65 -> 3510 | AI65: =IF(AF65>0,_xlfn.MAXIFS(O:O,C:C,SUBSTITUTE(C65,"-儿童（加收）","")),0)+O65 -> 3165 | AJ65: =IF(AF65>0,_xlfn.MAXIFS(P:P,C:C,SUBSTITUTE(C65,"-儿童（加收）","")),0)+P65 -> 2685
A66: 25 | B66: 013302000040000 | C66: 脑血管支架置入费（介入） | D66: 手术费 | E66: 通过支架扩张脑血管。 | F66: 所定价格涵盖手术计划、术区准备、消毒铺巾、建立通路、支架置入、撤除、闭合通路，必要时球囊扩张及造影确认治疗效果等步骤所需的人力资源和基本物质资源消耗。不含脑血管造影费用。 | G66: 血管 | H66: 1.同一血管扩张颅内和颅外多处狭窄的按2根血管计价，颅内部分适用颅内血管加收。 2.同一病变部位不与球囊扩张同时收取。 3.脑静脉窦支架置入适用颅内血管加收。 4.脑血管治疗后立即行造影确认治疗效果的，不得重复收取脑血管造影费用。 | I66: 3900 | J66: 3510 | K66: 3625 | L66: 3266.6667 | M66: 2616.6667 | N66: 3625 | O66: 3265 | P66: 2615 | Q66: 医保 | R66: 平移取整 | S66: 按照省局定价规则，规则同“脑血管球囊扩张费（介入）”，拆分为颅内外，颅外血管按原项目5/6定价，设为基础价格，颅内血管设置加收项目。 | T66: 003206000040000-320600004 | U66: 320600004 | V66: 经皮穿刺脑血管腔内支架置入术 | Y66: 次 | AA66: 4680 | AB66: 4210 | AC66: 4350 | AD66: 3920 | AE66: 3140 | AF66: =IFERROR(FIND("-儿童（加收）",C66,1),0) -> 0 | AG66: =SUBSTITUTE(C66,"-儿童（加收）","") -> 脑血管支架置入费（介入） | AH66: =IF(AF66>0,_xlfn.MAXIFS(N:N,C:C,SUBSTITUTE(C66,"-儿童（加收）","")),0)+N66 -> 3625 | AI66: =IF(AF66>0,_xlfn.MAXIFS(O:O,C:C,SUBSTITUTE(C66,"-儿童（加收）","")),0)+O66 -> 3265 | AJ66: =IF(AF66>0,_xlfn.MAXIFS(P:P,C:C,SUBSTITUTE(C66,"-儿童（加收）","")),0)+P66 -> 2615
A67: 分项 | B67: 013302000040001 | C67: 脑血管支架置入费（介入）-儿童（加收） | D67: 手术费 | G67: 血管 | I67: 1170 | J67: 1053 | N67: 1090 | O67: 980 | P67: 785 | Q67: 医保 | T67: 003206000040000-32060000401 | U67: 32060000401 | V67: 小儿经皮穿刺脑血管腔内支架置入术 | Y67: 次 | AA67: 6085 | AB67: 5475 | AC67: 5655 | AD67: 5095 | AE67: 4080 | AF67: =IFERROR(FIND("-儿童（加收）",C67,1),0) -> 13 | AG67: =SUBSTITUTE(C67,"-儿童（加收）","") -> 脑血管支架置入费（介入） | AH67: =IF(AF67>0,_xlfn.MAXIFS(N:N,C:C,SUBSTITUTE(C67,"-儿童（加收）","")),0)+N67 -> 4715 | AI67: =IF(AF67>0,_xlfn.MAXIFS(O:O,C:C,SUBSTITUTE(C67,"-儿童（加收）","")),0)+O67 -> 4245 | AJ67: =IF(AF67>0,_xlfn.MAXIFS(P:P,C:C,SUBSTITUTE(C67,"-儿童（加收）","")),0)+P67 -> 3400
A68: 27 | B68: 013302000060000 | C68: 脑血管腔内减容费（介入） | D68: 手术费 | E68: 通过激光、旋切、旋磨、振波、血栓抽吸等各种物理或机械方式消除脑血管腔内斑块或血栓。 | F68: 所定价格涵盖手术计划、术区准备、消毒铺巾、建立通路、通过各种方式消除斑块、撤除、闭合通路，必要时造影确认治疗效果等步骤所需的人力资源和基本物质资源消耗。不含脑血管造影费用。 | G68: 血管 | I68: 4680 | J68: 4212 | K68: 4550 | L68: 4500 | M68: 4450 | N68: 4550 | O68: 4150 | P68: 3550 | Q68: 医保 | R68: 理顺 | S68: 平移后县级按不高于省级拟定，基层对应调整 | T68: 353206000120000-320600012 | U68: 320600012 | V68: 经皮穿刺脑血管腔内取栓术 | W68: DSA持续射线透视下，经股动脉穿刺置入动脉鞘管，在导丝引导下将造影导管分别置于颈动脉、椎动脉造影明确闭塞血管具体部位。采用交换技术将中间导管送至目标血管内，经中间导管将微导管在微导丝引导下缓慢通过血管闭塞处并置于闭塞血管远端。撤出微导丝，微导管内造影定位在血管真腔后，经微导管将取栓支架定位于血管闭塞处释放，再次造影确认支架释放后血管闭塞处情况。然后回拉支架取栓，将血管内血栓经中间导管取出体外。 | Y68: 次 | AA68: 4680 | AB68: 4212 | AC68: 4550 | AD68: 4500 | AE68: 4450 | AF68: =IFERROR(FIND("-儿童（加收）",C68,1),0) -> 0 | AG68: =SUBSTITUTE(C68,"-儿童（加收）","") -> 脑血管腔内减容费（介入） | AH68: =IF(AF68>0,_xlfn.MAXIFS(N:N,C:C,SUBSTITUTE(C68,"-儿童（加收）","")),0)+N68 -> 4550 | AI68: =IF(AF68>0,_xlfn.MAXIFS(O:O,C:C,SUBSTITUTE(C68,"-儿童（加收）","")),0)+O68 -> 4150 | AJ68: =IF(AF68>0,_xlfn.MAXIFS(P:P,C:C,SUBSTITUTE(C68,"-儿童（加收）","")),0)+P68 -> 3550
A69: 28 | B69: 013302000070000 | C69: 脑血管腔内溶栓费（介入） | D69: 手术费 | E69: 通过介入方式对脑部栓塞的血管进行药物溶栓、疏通治疗。 | F69: 所定价格涵盖手术计划、术区准备、消毒铺巾、建立通路、放置导丝导管、推注溶栓药物、撤出、闭合通路，必要时造影确认治疗效果等步骤所需的人力资源和基本物质资源消耗。不含脑血管造影费用。 | G69: 次 | I69: 3600 | J69: 3240 | K69: 3240 | L69: 2920 | M69: 2480 | N69: 3500 | O69: 3200 | P69: 2700 | Q69: 医保 | R69: 理顺，提高 | S69: 结合医院日常提出意见，考虑介入手术难度系统和风险程度，给予适当提高体现医务劳务价值。持平“脑血管栓塞费（介入）”拟定 开展量不多，2025年全市19例。 | T69: 003206000050000-320600005 | U69: 320600005 | V69: 经皮穿刺脑血管腔内溶栓术 | Y69: 次 | AA69: 3600 | AB69: 3240 | AC69: 3240 | AD69: 2920 | AE69: 2480 | AF69: =IFERROR(FIND("-儿童（加收）",C69,1),0) -> 0 | AG69: =SUBSTITUTE(C69,"-儿童（加收）","") -> 脑血管腔内溶栓费（介入） | AH69: =IF(AF69>0,_xlfn.MAXIFS(N:N,C:C,SUBSTITUTE(C69,"-儿童（加收）","")),0)+N69 -> 3500 | AI69: =IF(AF69>0,_xlfn.MAXIFS(O:O,C:C,SUBSTITUTE(C69,"-儿童（加收）","")),0)+O69 -> 3200 | AJ69: =IF(AF69>0,_xlfn.MAXIFS(P:P,C:C,SUBSTITUTE(C69,"-儿童（加收）","")),0)+P69 -> 2700
A70: 分项 | B70: 013302000070001 | C70: 脑血管腔内溶栓费（介入）-儿童（加收） | D70: 手术费 | G70: 次 | I70: 1080 | J70: 972 | N70: 1050 | O70: 960 | P70: 810 | Q70: 医保 | S70: 儿童加收30% | T70: 003206000050000-32060000501 | U70: 32060000501 | V70: 小儿经皮穿刺脑血管腔内溶栓术 | Y70: 次 | AA70: 4680 | AB70: 4210 | AC70: 4210 | AD70: 3795 | AE70: 3225 | AF70: =IFERROR(FIND("-儿童（加收）",C70,1),0) -> 13 | AG70: =SUBSTITUTE(C70,"-儿童（加收）","") -> 脑血管腔内溶栓费（介入） | AH70: =IF(AF70>0,_xlfn.MAXIFS(N:N,C:C,SUBSTITUTE(C70,"-儿童（加收）","")),0)+N70 -> 4550 | AI70: =IF(AF70>0,_xlfn.MAXIFS(O:O,C:C,SUBSTITUTE(C70,"-儿童（加收）","")),0)+O70 -> 4160 | AJ70: =IF(AF70>0,_xlfn.MAXIFS(P:P,C:C,SUBSTITUTE(C70,"-儿童（加收）","")),0)+P70 -> 3510
A71: 分项 | B71: 013302000070100 | C71: 脑血管腔内溶栓费（介入）-脑血管腔内化疗费（扩展） | D71: 手术费 | G71: 次 | I71: 3600 | J71: 3240 | N71: 3500 | O71: 3200 | P71: 2700 | Q71: 医保 | S71: 扩展项目按主项价格执行 | T71: 003206000060000-320600006 | U71: 320600006 | V71: 经皮穿刺脑血管腔内化疗术 | Y71: 次 | AA71: 3240 | AB71: 2920 | AC71: 2915 | AD71: 2625 | AE71: 2230 | AF71: =IFERROR(FIND("-儿童（加收）",C71,1),0) -> 0 | AG71: =SUBSTITUTE(C71,"-儿童（加收）","") -> 脑血管腔内溶栓费（介入）-脑血管腔内化疗费（扩展） | AH71: =IF(AF71>0,_xlfn.MAXIFS(N:N,C:C,SUBSTITUTE(C71,"-儿童（加收）","")),0)+N71 -> 3500 | AI71: =IF(AF71>0,_xlfn.MAXIFS(O:O,C:C,SUBSTITUTE(C71,"-儿童（加收）","")),0)+O71 -> 3200 | AJ71: =IF(AF71>0,_xlfn.MAXIFS(P:P,C:C,SUBSTITUTE(C71,"-儿童（加收）","")),0)+P71 -> 2700
A72: 分项 | B72: 013302000070100 | C72: 脑血管腔内溶栓费（介入）-脑血管腔内化疗费（扩展） | D72: 手术费 | G72: 次 | I72: 3600 | J72: 3240 | N72: 3500 | O72: 3200 | P72: 2700 | Q72: 医保 | S72: 扩展项目按主项价格执行 | T72: 003206000060000-32060000601 | U72: 32060000601 | V72: 小儿经皮穿刺脑血管腔内化疗术 | Y72: 次 | AA72: 4210 | AB72: 3795 | AC72: 3790 | AD72: 3415 | AE72: 2900 | AF72: =IFERROR(FIND("-儿童（加收）",C72,1),0) -> 0 | AG72: =SUBSTITUTE(C72,"-儿童（加收）","") -> 脑血管腔内溶栓费（介入）-脑血管腔内化疗费（扩展） | AH72: =IF(AF72>0,_xlfn.MAXIFS(N:N,C:C,SUBSTITUTE(C72,"-儿童（加收）","")),0)+N72 -> 3500 | AI72: =IF(AF72>0,_xlfn.MAXIFS(O:O,C:C,SUBSTITUTE(C72,"-儿童（加收）","")),0)+O72 -> 3200 | AJ72: =IF(AF72>0,_xlfn.MAXIFS(P:P,C:C,SUBSTITUTE(C72,"-儿童（加收）","")),0)+P72 -> 2700
A73: 分项 | B73: 013302000080011 | C73: 脑血管栓塞费（介入）-脑血管畸形栓塞（加收） | D73: 手术费 | G73: 血管 | I73: 360 | J73: 324 | K73: 493.34112 | L73: 36.363636 | N73: 350 | O73: 320 | P73: 270 | Q73: 医保 | S73: 按照主项的10%定价 | T73: 003206000020000-320600002 | U73: 320600002 | V73: 单纯脑动静脉瘘栓塞术 | Y73: 次 | AA73: 5040 | AB73: 4540 | AC73: 4535 | AD73: 4080 | AE73: 3470 | AF73: =IFERROR(FIND("-儿童（加收）",C73,1),0) -> 0 | AG73: =SUBSTITUTE(C73,"-儿童（加收）","") -> 脑血管栓塞费（介入）-脑血管畸形栓塞（加收） | AH73: =IF(AF73>0,_xlfn.MAXIFS(N:N,C:C,SUBSTITUTE(C73,"-儿童（加收）","")),0)+N73 -> 350 | AI73: =IF(AF73>0,_xlfn.MAXIFS(O:O,C:C,SUBSTITUTE(C73,"-儿童（加收）","")),0)+O73 -> 320 | AJ73: =IF(AF73>0,_xlfn.MAXIFS(P:P,C:C,SUBSTITUTE(C73,"-儿童（加收）","")),0)+P73 -> 270
A74: 分项 | B74: 013302000080011 | C74: 脑血管栓塞费（介入）-脑血管畸形栓塞（加收） | D74: 手术费 | G74: 血管 | I74: 360 | J74: 324 | K74: 493.34112 | L74: 36.363636 | N74: 350 | O74: 320 | P74: 270 | Q74: 医保 | S74: 按照主项的10%定价 | T74: 003206000020000-32060000201 | U74: 32060000201 | V74: 小儿单纯脑动静脉瘘栓塞术 | Y74: 次 | AA74: 6550 | AB74: 5900 | AC74: 5895 | AD74: 5305 | AE74: 4510 | AF74: =IFERROR(FIND("-儿童（加收）",C74,1),0) -> 0 | AG74: =SUBSTITUTE(C74,"-儿童（加收）","") -> 脑血管栓塞费（介入）-脑血管畸形栓塞（加收） | AH74: =IF(AF74>0,_xlfn.MAXIFS(N:N,C:C,SUBSTITUTE(C74,"-儿童（加收）","")),0)+N74 -> 350 | AI74: =IF(AF74>0,_xlfn.MAXIFS(O:O,C:C,SUBSTITUTE(C74,"-儿童（加收）","")),0)+O74 -> 320 | AJ74: =IF(AF74>0,_xlfn.MAXIFS(P:P,C:C,SUBSTITUTE(C74,"-儿童（加收）","")),0)+P74 -> 270
A75: 分项 | B75: 013302000080011 | C75: 脑血管栓塞费（介入）-脑血管畸形栓塞（加收） | D75: 手术费 | G75: 血管 | I75: 360 | J75: 324 | K75: 493.34112 | L75: 36.363636 | N75: 350 | O75: 320 | P75: 270 | Q75: 医保 | S75: 按照主项的10%定价 | T75: 003206000090000-320600009 | U75: 320600009 | V75: 脑及颅内血管畸形栓塞术 | Y75: 次 | AA75: 3600 | AB75: 3240 | AC75: 3240 | AD75: 2920 | AE75: 2480 | AF75: =IFERROR(FIND("-儿童（加收）",C75,1),0) -> 0 | AG75: =SUBSTITUTE(C75,"-儿童（加收）","") -> 脑血管栓塞费（介入）-脑血管畸形栓塞（加收） | AH75: =IF(AF75>0,_xlfn.MAXIFS(N:N,C:C,SUBSTITUTE(C75,"-儿童（加收）","")),0)+N75 -> 350 | AI75: =IF(AF75>0,_xlfn.MAXIFS(O:O,C:C,SUBSTITUTE(C75,"-儿童（加收）","")),0)+O75 -> 320 | AJ75: =IF(AF75>0,_xlfn.MAXIFS(P:P,C:C,SUBSTITUTE(C75,"-儿童（加收）","")),0)+P75 -> 270
A76: 分项 | B76: 013302000080011 | C76: 脑血管栓塞费（介入）-脑血管畸形栓塞（加收） | D76: 手术费 | G76: 血管 | I76: 360 | J76: 324 | K76: 493.34112 | L76: 36.363636 | N76: 350 | O76: 320 | P76: 270 | Q76: 医保 | S76: 按照主项的10%定价 | T76: 003206000090000-32060000901 | U76: 32060000901 | V76: 小儿脑及颅内血管畸形栓塞术 | Y76: 次 | AA76: 4680 | AB76: 4210 | AC76: 4210 | AD76: 3795 | AE76: 3225 | AF76: =IFERROR(FIND("-儿童（加收）",C76,1),0) -> 0 | AG76: =SUBSTITUTE(C76,"-儿童（加收）","") -> 脑血管栓塞费（介入）-脑血管畸形栓塞（加收） | AH76: =IF(AF76>0,_xlfn.MAXIFS(N:N,C:C,SUBSTITUTE(C76,"-儿童（加收）","")),0)+N76 -> 350 | AI76: =IF(AF76>0,_xlfn.MAXIFS(O:O,C:C,SUBSTITUTE(C76,"-儿童（加收）","")),0)+O76 -> 320 | AJ76: =IF(AF76>0,_xlfn.MAXIFS(P:P,C:C,SUBSTITUTE(C76,"-儿童（加收）","")),0)+P76 -> 270
A77: 30 | B77: 013302000090000 | C77: 颅内动脉瘤栓塞费（介入） | D77: 手术费 | E77: 通过介入方式将栓塞物质导入颅内动脉瘤。 | F77: 所定价格涵盖完成手术计划、术区准备、消毒铺巾、建立通路、穿刺置管、填塞、撤出、闭合通路，必要时造影确认治疗效果等步骤所需的人力资源和基本物质资源消耗。不含脑血管造影费用。 | G77: 血管 | I77: 5040 | J77: 4536 | K77: 4690 | L77: 4220 | N77: 4690 | O77: 4220 | P77: 3375 | Q77: 医保 | R77: 平移 | S77: 平移 | T77: 003206000080000-320600008 | U77: 320600008 | V77: 颅内动脉瘤栓塞术 | Y77: 次 | AA77: 5040 | AB77: 4540 | AC77: 4690 | AD77: 4220 | AE77: 3375 | AF77: =IFERROR(FIND("-儿童（加收）",C77,1),0) -> 0 | AG77: =SUBSTITUTE(C77,"-儿童（加收）","") -> 颅内动脉瘤栓塞费（介入） | AH77: =IF(AF77>0,_xlfn.MAXIFS(N:N,C:C,SUBSTITUTE(C77,"-儿童（加收）","")),0)+N77 -> 4690 | AI77: =IF(AF77>0,_xlfn.MAXIFS(O:O,C:C,SUBSTITUTE(C77,"-儿童（加收）","")),0)+O77 -> 4220 | AJ77: =IF(AF77>0,_xlfn.MAXIFS(P:P,C:C,SUBSTITUTE(C77,"-儿童（加收）","")),0)+P77 -> 3375
A78: 30 | B78: 013302000090000 | C78: 颅内动脉瘤栓塞费（介入） | D78: 手术费 | E78: 通过介入方式将栓塞物质导入颅内动脉瘤。 | F78: 所定价格涵盖完成手术计划、术区准备、消毒铺巾、建立通路、穿刺置管、填塞、撤出、闭合通路，必要时造影确认治疗效果等步骤所需的人力资源和基本物质资源消耗。不含脑血管造影费用。 | G78: 血管 | I78: 5040 | J78: 4536 | K78: 4690 | L78: 4220 | N78: 4690 | O78: 4220 | P78: 3375 | Q78: 医保 | R78: 平移 | S78: 平移 | T78: 003302030040000-330203004 | U78: 330203004 | V78: 颅内巨大动静脉畸形栓塞后切除术 | W78: 含直径大于4cm动静脉畸形，包括脑干和脑室周围的小于4cm深部血管畸形 | X78: 栓塞剂、微型血管或血管阻断夹 | Y78: 次 | AA78: 9900 | AB78: 8320 | AC78: 7630 | AD78: 6870 | AE78: 5840 | AF78: =IFERROR(FIND("-儿童（加收）",C78,1),0) -> 0 | AG78: =SUBSTITUTE(C78,"-儿童（加收）","") -> 颅内动脉瘤栓塞费（介入） | AH78: =IF(AF78>0,_xlfn.MAXIFS(N:N,C:C,SUBSTITUTE(C78,"-儿童（加收）","")),0)+N78 -> 4690 | AI78: =IF(AF78>0,_xlfn.MAXIFS(O:O,C:C,SUBSTITUTE(C78,"-儿童（加收）","")),0)+O78 -> 4220 | AJ78: =IF(AF78>0,_xlfn.MAXIFS(P:P,C:C,SUBSTITUTE(C78,"-儿童（加收）","")),0)+P78 -> 3375
A79: 30 | B79: 013302000090000 | C79: 颅内动脉瘤栓塞费（介入） | D79: 手术费 | E79: 通过介入方式将栓塞物质导入颅内动脉瘤。 | F79: 所定价格涵盖完成手术计划、术区准备、消毒铺巾、建立通路、穿刺置管、填塞、撤出、闭合通路，必要时造影确认治疗效果等步骤所需的人力资源和基本物质资源消耗。不含脑血管造影费用。 | G79: 血管 | I79: 5040 | J79: 4536 | K79: 4690 | L79: 4220 | N79: 4690 | O79: 4220 | P79: 3375 | Q79: 医保 | R79: 平移 | S79: 平移 | T79: 003302030030000-330203003 | U79: 330203003 | V79: 颅内动脉瘤包裹术 | W79: 包括肌肉包裹、生物胶包裹、单纯栓塞 | X79: 生物胶 | Y79: 次 | AA79: 4800 | AB79: 4320 | AC79: 4220 | AD79: 3800 | AE79: 3230 | AF79: =IFERROR(FIND("-儿童（加收）",C79,1),0) -> 0 | AG79: =SUBSTITUTE(C79,"-儿童（加收）","") -> 颅内动脉瘤栓塞费（介入） | AH79: =IF(AF79>0,_xlfn.MAXIFS(N:N,C:C,SUBSTITUTE(C79,"-儿童（加收）","")),0)+N79 -> 4690 | AI79: =IF(AF79>0,_xlfn.MAXIFS(O:O,C:C,SUBSTITUTE(C79,"-儿童（加收）","")),0)+O79 -> 4220 | AJ79: =IF(AF79>0,_xlfn.MAXIFS(P:P,C:C,SUBSTITUTE(C79,"-儿童（加收）","")),0)+P79 -> 3375
A80: 分项 | B80: 013302000090001 | C80: 颅内动脉瘤栓塞费（介入）-儿童（加收） | D80: 手术费 | G80: 血管 | I80: 1512 | J80: 1361 | N80: 1405 | O80: 1265 | P80: 1015 | Q80: 医保 | T80: 003302030040000-33020300401 | U80: 33020300401 | V80: 小儿颅内巨大动静脉畸形栓塞后切除术 | Y80: 次 | AA80: 12870 | AB80: 10815 | AC80: 9920 | AD80: 8930 | AE80: 7590 | AF80: =IFERROR(FIND("-儿童（加收）",C80,1),0) -> 13 | AG80: =SUBSTITUTE(C80,"-儿童（加收）","") -> 颅内动脉瘤栓塞费（介入） | AH80: =IF(AF80>0,_xlfn.MAXIFS(N:N,C:C,SUBSTITUTE(C80,"-儿童（加收）","")),0)+N80 -> 6095 | AI80: =IF(AF80>0,_xlfn.MAXIFS(O:O,C:C,SUBSTITUTE(C80,"-儿童（加收）","")),0)+O80 -> 5485 | AJ80: =IF(AF80>0,_xlfn.MAXIFS(P:P,C:C,SUBSTITUTE(C80,"-儿童（加收）","")),0)+P80 -> 4390
A81: 分项 | B81: 013302000090001 | C81: 颅内动脉瘤栓塞费（介入）-儿童（加收） | D81: 手术费 | G81: 血管 | I81: 1512 | J81: 1361 | N81: 1405 | O81: 1265 | P81: 1015 | Q81: 医保 | T81: 003302030030000-33020300301 | U81: 33020300301 | V81: 小儿颅内动脉瘤包裹术 | Y81: 次 | AA81: 6240 | AB81: 5615 | AC81: 5485 | AD81: 4940 | AE81: 4200 | AF81: =IFERROR(FIND("-儿童（加收）",C81,1),0) -> 13 | AG81: =SUBSTITUTE(C81,"-儿童（加收）","") -> 颅内动脉瘤栓塞费（介入） | AH81: =IF(AF81>0,_xlfn.MAXIFS(N:N,C:C,SUBSTITUTE(C81,"-儿童（加收）","")),0)+N81 -> 6095 | AI81: =IF(AF81>0,_xlfn.MAXIFS(O:O,C:C,SUBSTITUTE(C81,"-儿童（加收）","")),0)+O81 -> 5485 | AJ81: =IF(AF81>0,_xlfn.MAXIFS(P:P,C:C,SUBSTITUTE(C81,"-儿童（加收）","")),0)+P81 -> 4390
A82: 分项 | B82: 013302000090001 | C82: 颅内动脉瘤栓塞费（介入）-儿童（加收） | D82: 手术费 | G82: 血管 | I82: 1512 | J82: 1361 | N82: 1405 | O82: 1265 | P82: 1015 | Q82: 医保 | T82: 003206000080000-32060000801 | U82: 32060000801 | V82: 小儿颅内动脉瘤栓塞术 | Y82: 次 | AA82: 6550 | AB82: 5900 | AC82: 6095 | AD82: 5485 | AE82: 4390 | AF82: =IFERROR(FIND("-儿童（加收）",C82,1),0) -> 13 | AG82: =SUBSTITUTE(C82,"-儿童（加收）","") -> 颅内动脉瘤栓塞费（介入） | AH82: =IF(AF82>0,_xlfn.MAXIFS(N:N,C:C,SUBSTITUTE(C82,"-儿童（加收）","")),0)+N82 -> 6095 | AI82: =IF(AF82>0,_xlfn.MAXIFS(O:O,C:C,SUBSTITUTE(C82,"-儿童（加收）","")),0)+O82 -> 5485 | AJ82: =IF(AF82>0,_xlfn.MAXIFS(P:P,C:C,SUBSTITUTE(C82,"-儿童（加收）","")),0)+P82 -> 4390
A83: 分项 | B83: 013302000100001 | C83: 脊髓血管栓塞费（介入）-儿童（加收） | D83: 手术费 | G83: 血管 | I83: 1125 | J83: 1013 | N83: 1095 | O83: 970 | P83: 830 | Q83: 医保 | S83: 儿童加收30% | T83: 003206000110000-32060001101 | U83: 32060001101 | V83: 小儿脊髓血管畸形栓塞术 | Y83: 次 | AA83: 5850 | AB83: 5265 | AC83: 5265 | AD83: 4740 | AE83: 4025 | AF83: =IFERROR(FIND("-儿童（加收）",C83,1),0) -> 12 | AG83: =SUBSTITUTE(C83,"-儿童（加收）","") -> 脊髓血管栓塞费（介入） | AH83: =IF(AF83>0,_xlfn.MAXIFS(N:N,C:C,SUBSTITUTE(C83,"-儿童（加收）","")),0)+N83 -> 1095 | AI83: =IF(AF83>0,_xlfn.MAXIFS(O:O,C:C,SUBSTITUTE(C83,"-儿童（加收）","")),0)+O83 -> 970 | AJ83: =IF(AF83>0,_xlfn.MAXIFS(P:P,C:C,SUBSTITUTE(C83,"-儿童（加收）","")),0)+P83 -> 830
A84: 分项 | B84: 013302000100011 | C84: 脊髓血管栓塞费（介入）-脊髓血管畸形栓塞（加收） | D84: 手术费 | G84: 血管 | I84: 750 | J84: 675 | K84: 400 | L84: 295 | M84: 295 | N84: 730 | O84: 670 | P84: 560 | Q84: 医保 | S84: 按照主项20%定价 | T84: 003206000110000-320600011 | U84: 320600011 | V84: 脊髓血管畸形栓塞术 | Y84: 次 | AA84: 4500 | AB84: 4050 | AC84: 4050 | AD84: 3645 | AE84: 3095 | AF84: =IFERROR(FIND("-儿童（加收）",C84,1),0) -> 0 | AG84: =SUBSTITUTE(C84,"-儿童（加收）","") -> 脊髓血管栓塞费（介入）-脊髓血管畸形栓塞（加收） | AH84: =IF(AF84>0,_xlfn.MAXIFS(N:N,C:C,SUBSTITUTE(C84,"-儿童（加收）","")),0)+N84 -> 730 | AI84: =IF(AF84>0,_xlfn.MAXIFS(O:O,C:C,SUBSTITUTE(C84,"-儿童（加收）","")),0)+O84 -> 670 | AJ84: =IF(AF84>0,_xlfn.MAXIFS(P:P,C:C,SUBSTITUTE(C84,"-儿童（加收）","")),0)+P84 -> 560
A85: 32 | B85: 013302000110000 | C85: 颅内电极置入费（表面电极） | D85: 手术费 | E85: 将电极和（或）电刺激器等各类信号传导装置临时或永久置入患者颅内。 | F85: 所定价格涵盖手术计划、术区准备、消毒铺巾、定位、穿刺或切开、电极置入、参数调整、效果测试、固定、缝合等步骤所需的人力资源和基本物质资源消耗。 | G85: 次 | H85: 1.本项目所称“表面电极”指：不侵入脑实质组织的脑皮层表面或硬膜表面电极。2.同台手术不得同时收取“颅内电极取出费”。 | I85: 4000 | J85: 3600 | K85: 4300 | L85: 4300 | M85: 3655 | N85: 3800 | O85: 3450 | P85: 2950 | Q85: 非医保 | R85: 理顺，降低 | S85: 无开展量 省级按项目间及区域间比价关系调整定价，我市按比价关系调整。 | T85: 003302010610000-330202021 | U85: 330202021 | V85: 运动皮层电刺激镇痛术 | W85: 用于慢性顽固性疼痛的治疗。消毒，根据中央沟解剖位置标记头部较大“U”形切口，切口范围需包含中央沟、中央前回和中央后回，骨瓣开颅，硬膜外刺激电极可不打开硬脑膜，硬膜下电极需打开硬脑膜，术中唤醒患者。根据对侧正中神经体感诱发电位、直接皮层电刺激、肌电图监测等技术，确定中央前回，将刺激电极覆盖中央前回，并与硬脑膜妥善固定，连接导线进行术中试验刺激，效果满意可同期植入导线和脉冲发生器。不含影像学引导、术中监护、监测、硬膜外腔镜使用。 | Y85: 次 | Z85: 双侧按50%加收 | AA85: 4300 | AB85: 3870 | AC85: 4300 | AD85: 4300 | AE85: 3655 | AF85: =IFERROR(FIND("-儿童（加收）",C85,1),0) -> 0 | AG85: =SUBSTITUTE(C85,"-儿童（加收）","") -> 颅内电极置入费（表面电极） | AH85: =IF(AF85>0,_xlfn.MAXIFS(N:N,C:C,SUBSTITUTE(C85,"-儿童（加收）","")),0)+N85 -> 3800 | AI85: =IF(AF85>0,_xlfn.MAXIFS(O:O,C:C,SUBSTITUTE(C85,"-儿童（加收）","")),0)+O85 -> 3450 | AJ85: =IF(AF85>0,_xlfn.MAXIFS(P:P,C:C,SUBSTITUTE(C85,"-儿童（加收）","")),0)+P85 -> 2950
A86: 32 | B86: 013302000110000 | C86: 颅内电极置入费（表面电极） | D86: 手术费 | E86: 将电极和（或）电刺激器等各类信号传导装置临时或永久置入患者颅内。 | F86: 所定价格涵盖手术计划、术区准备、消毒铺巾、定位、穿刺或切开、电极置入、参数调整、效果测试、固定、缝合等步骤所需的人力资源和基本物质资源消耗。 | G86: 次 | H86: 1.本项目所称“表面电极”指：不侵入脑实质组织的脑皮层表面或硬膜表面电极。2.同台手术不得同时收取“颅内电极取出费”。 | I86: 4000 | J86: 3600 | K86: 4300 | L86: 4300 | M86: 3655 | N86: 3800 | O86: 3450 | P86: 2950 | Q86: 非医保 | R86: 理顺，降低 | S86: 无开展量 省级按项目间及区域间比价关系调整定价，我市按比价关系调整。 | T86: 003302010610000-330202022 | U86: 330202022 | V86: 运动皮层电刺激镇痛术（双侧） | W86: 用于慢性顽固性疼痛的治疗。消毒，根据中央沟解剖位置标记头部较大“U”形切口，切口范围需包含中央沟、中央前回和中央后回，骨瓣开颅，硬膜外刺激电极可不打开硬脑膜，硬膜下电极需打开硬脑膜，术中唤醒患者。根据对侧正中神经体感诱发电位、直接皮层电刺激、肌电图监测等技术，确定中央前回，将刺激电极覆盖中央前回，并与硬脑膜妥善固定，连接导线进行术中试验刺激，效果满意可同期植入导线和脉冲发生器。不含影像学引导、术中监护、监测、硬膜外腔镜使用。 | Y86: 次 | AA86: 6450 | AB86: 5805 | AC86: 6450 | AD86: 6450 | AE86: 5482.5 | AF86: =IFERROR(FIND("-儿童（加收）",C86,1),0) -> 0 | AG86: =SUBSTITUTE(C86,"-儿童（加收）","") -> 颅内电极置入费（表面电极） | AH86: =IF(AF86>0,_xlfn.MAXIFS(N:N,C:C,SUBSTITUTE(C86,"-儿童（加收）","")),0)+N86 -> 3800 | AI86: =IF(AF86>0,_xlfn.MAXIFS(O:O,C:C,SUBSTITUTE(C86,"-儿童（加收）","")),0)+O86 -> 3450 | AJ86: =IF(AF86>0,_xlfn.MAXIFS(P:P,C:C,SUBSTITUTE(C86,"-儿童（加收）","")),0)+P86 -> 2950
A87: 33 | B87: 013302000120000 | C87: 颅内电极置入费（深部电极） | D87: 手术费 | E87: 将电极和（或）电刺激器等各类信号传导装置临时或永久置入患者颅内。 | F87: 所定价格涵盖手术计划、术区准备、消毒铺巾、定位、穿刺或切开、电极置入、参数调整、效果测试、固定、缝合等步骤所需的人力资源和基本物质资源消耗。 | G87: 次 | H87: 1.本项目所称“深部电极”指：侵入脑实质组织的电极。 2.次指置入3个及3个以内电极，超过3个电极，每增加1个电极按5%加收。以8个电极置入费用设置封顶线。 3.同台手术不得同时收取“颅内电极取出费”。 | I87: 4320 | J87: 3888 | K87: 3710 | L87: 3340 | M87: 2840 | N87: 4100 | O87: 3700 | P87: 3150 | Q87: 医保 | R87: 理顺，提高 | S87: 根据项目间比价关系（与颅内表面电极电极置入费的）和与省级比价关系调整，开展量仅市级8例 | T87: 003302010350000-330201035 | U87: 330201035 | V87: 脑深部电极置入术 | X87: 脉冲发生器套件 | Y87: 次 | AA87: 4320 | AB87: 3890 | AC87: 3710 | AD87: 3340 | AE87: 2840 | AF87: =IFERROR(FIND("-儿童（加收）",C87,1),0) -> 0 | AG87: =SUBSTITUTE(C87,"-儿童（加收）","") -> 颅内电极置入费（深部电极） | AH87: =IF(AF87>0,_xlfn.MAXIFS(N:N,C:C,SUBSTITUTE(C87,"-儿童（加收）","")),0)+N87 -> 4100 | AI87: =IF(AF87>0,_xlfn.MAXIFS(O:O,C:C,SUBSTITUTE(C87,"-儿童（加收）","")),0)+O87 -> 3700 | AJ87: =IF(AF87>0,_xlfn.MAXIFS(P:P,C:C,SUBSTITUTE(C87,"-儿童（加收）","")),0)+P87 -> 3150
A88: 33 | B88: 013302000120000 | C88: 颅内电极置入费（深部电极） | D88: 手术费 | E88: 将电极和（或）电刺激器等各类信号传导装置临时或永久置入患者颅内。 | F88: 所定价格涵盖手术计划、术区准备、消毒铺巾、定位、穿刺或切开、电极置入、参数调整、效果测试、固定、缝合等步骤所需的人力资源和基本物质资源消耗。 | G88: 次 | H88: 1.本项目所称“深部电极”指：侵入脑实质组织的电极。 2.次指置入3个及3个以内电极，超过3个电极，每增加1个电极按5%加收。以8个电极置入费用设置封顶线。 3.同台手术不得同时收取“颅内电极取出费”。 | I88: 4320 | J88: 3888 | K88: 3710 | L88: 3340 | M88: 2840 | N88: 4100 | O88: 3700 | P88: 3150 | Q88: 医保 | R88: 理顺，提高 | S88: 根据项目间比价关系（与颅内表面电极电极置入费的）和与省级比价关系调整，开展量仅市级8例 | T88: 003302020190000-330202020 | U88: 330202020 | V88: 脑深部电刺激镇痛术 | W88: 用于慢性顽固性疼痛的治疗。消毒，患者佩戴立体定向头架，行磁共振扫描重建图像，计算刺激靶点三维定位坐标，手术室标识头部切口，颅骨钻孔，切开硬脑膜，导入神经微电极行电生理定位，验证解剖定位坐标，置入刺激电极，连接导线进行术中刺激试验，效果满意可同期置入导线和脉冲发生器。常用刺激靶点可选择丘脑腹后外侧核、腹后内侧核、中央中核、束旁核、枕核、第三脑室旁灰质、中央导水管周围灰质等。不含监测、影像学引导、术中监护。 | X88: 神经微电极，人工硬脑膜，内固定材料 | Y88: 次 | AA88: 3300 | AB88: 2970 | AC88: 3300 | AD88: 3300 | AE88: 2805 | AF88: =IFERROR(FIND("-儿童（加收）",C88,1),0) -> 0 | AG88: =SUBSTITUTE(C88,"-儿童（加收）","") -> 颅内电极置入费（深部电极） | AH88: =IF(AF88>0,_xlfn.MAXIFS(N:N,C:C,SUBSTITUTE(C88,"-儿童（加收）","")),0)+N88 -> 4100 | AI88: =IF(AF88>0,_xlfn.MAXIFS(O:O,C:C,SUBSTITUTE(C88,"-儿童（加收）","")),0)+O88 -> 3700 | AJ88: =IF(AF88>0,_xlfn.MAXIFS(P:P,C:C,SUBSTITUTE(C88,"-儿童（加收）","")),0)+P88 -> 3150
A89: 33 | B89: 013302000120000 | C89: 颅内电极置入费（深部电极） | D89: 手术费 | E89: 将电极和（或）电刺激器等各类信号传导装置临时或永久置入患者颅内。 | F89: 所定价格涵盖手术计划、术区准备、消毒铺巾、定位、穿刺或切开、电极置入、参数调整、效果测试、固定、缝合等步骤所需的人力资源和基本物质资源消耗。 | G89: 次 | H89: 1.本项目所称“深部电极”指：侵入脑实质组织的电极。 2.次指置入3个及3个以内电极，超过3个电极，每增加1个电极按5%加收。以8个电极置入费用设置封顶线。 3.同台手术不得同时收取“颅内电极取出费”。 | I89: 4320 | J89: 3888 | K89: 3710 | L89: 3340 | M89: 2840 | N89: 4100 | O89: 3700 | P89: 3150 | Q89: 医保 | R89: 理顺，提高 | S89: 根据项目间比价关系（与颅内表面电极电极置入费的）和与省级比价关系调整，开展量仅市级8例 | T89: 003302010350000-A330201063 | U89: A330201063 | V89: 脑深部刺激器置换术 | W89: 含旧刺激器的取出和新刺激器的置入。 | X89: 植入式刺激器 | Y89: 次 | AC89: 自主 定价 | AD89: 自主 定价 | AE89: 自主 定价 | AF89: =IFERROR(FIND("-儿童（加收）",C89,1),0) -> 0 | AG89: =SUBSTITUTE(C89,"-儿童（加收）","") -> 颅内电极置入费（深部电极） | AH89: =IF(AF89>0,_xlfn.MAXIFS(N:N,C:C,SUBSTITUTE(C89,"-儿童（加收）","")),0)+N89 -> 4100 | AI89: =IF(AF89>0,_xlfn.MAXIFS(O:O,C:C,SUBSTITUTE(C89,"-儿童（加收）","")),0)+O89 -> 3700 | AJ89: =IF(AF89>0,_xlfn.MAXIFS(P:P,C:C,SUBSTITUTE(C89,"-儿童（加收）","")),0)+P89 -> 3150
A90: 分项 | B90: 013302000120001 | C90: 颅内电极置入费（深部电极）-儿童（加收） | D90: 手术费 | G90: 次 | I90: 1296 | J90: 1166 | N90: 1230 | O90: 1110 | P90: 945 | Q90: 医保 | S90: 儿童加收30% | T90: 003302010350000-33020103501 | U90: 33020103501 | V90: 小儿脑深部电极置入术 | Y90: 次 | AA90: 5615 | AB90: 5055 | AC90: 4825 | AD90: 4340 | AE90: 3690 | AF90: =IFERROR(FIND("-儿童（加收）",C90,1),0) -> 14 | AG90: =SUBSTITUTE(C90,"-儿童（加收）","") -> 颅内电极置入费（深部电极） | AH90: =IF(AF90>0,_xlfn.MAXIFS(N:N,C:C,SUBSTITUTE(C90,"-儿童（加收）","")),0)+N90 -> 5330 | AI90: =IF(AF90>0,_xlfn.MAXIFS(O:O,C:C,SUBSTITUTE(C90,"-儿童（加收）","")),0)+O90 -> 4810 | AJ90: =IF(AF90>0,_xlfn.MAXIFS(P:P,C:C,SUBSTITUTE(C90,"-儿童（加收）","")),0)+P90 -> 4095
A91: 34 | B91: 013302000130000 | C91: 颅内电极取出费 | D91: 手术费 | E91: 通过各种方式将置入脑内的电极/电刺激器取出。 | F91: 所定价格涵盖手术计划、术区准备、消毒铺巾、切开、取出、缝合等步骤所需的人力资源和基本物质资源消耗。 | G91: 次 | I91: 1295 | J91: 1165 | N91: 1230 | O91: 1110 | P91: 945 | Q91: 非医保 | R91: 新增价格 | S91: 按照置入费的30%制定。 | T91: 003302010350000-A330201062 | U91: A330201062 | V91: 脑深部刺激器取出术 | W91: 脑深部刺激器取出。 | Y91: 次 | AC91: 自主 定价 | AD91: 自主 定价 | AE91: 自主 定价 | AF91: =IFERROR(FIND("-儿童（加收）",C91,1),0) -> 0 | AG91: =SUBSTITUTE(C91,"-儿童（加收）","") -> 颅内电极取出费 | AH91: =IF(AF91>0,_xlfn.MAXIFS(N:N,C:C,SUBSTITUTE(C91,"-儿童（加收）","")),0)+N91 -> 1230 | AI91: =IF(AF91>0,_xlfn.MAXIFS(O:O,C:C,SUBSTITUTE(C91,"-儿童（加收）","")),0)+O91 -> 1110 | AJ91: =IF(AF91>0,_xlfn.MAXIFS(P:P,C:C,SUBSTITUTE(C91,"-儿童（加收）","")),0)+P91 -> 945
A92: 35 | B92: 013302000140000 | C92: 脊髓电极置入费 | D92: 手术费 | E92: 将电极和（或）电刺激器等各类信号传导装置临时或永久置入患者脊髓。 | F92: 所定价格涵盖手术计划、术区准备、消毒铺巾、定位、穿刺或切开、电极置入、参数调整、效果测试、固定、缝合等步骤所需的人力资源和基本物质资源消耗。 | G92: 次 | H92: 1.本项目所称“脊髓”指：硬膜外、硬膜下、脊髓表面、脊髓内和椎管内神经根。2.同台手术不得同时收取“脊髓电极取出费”。 | I92: 3500 | J92: 3150 | K92: 3300 | L92: 3200 | M92: 3100 | N92: 3300 | O92: 3100 | P92: 2750 | Q92: 医保 | R92: 理顺 | S92: 平移后，县级、基层按比价关系调整 | T92: 003301000180000-310100036 | U92: 310100036 | V92: 经皮穿刺电刺激镇痛术 | W92: 消毒，局麻下穿刺部位准确定位，穿刺后置入硬膜外刺激电极，反复调节电极位置至疼痛相应的脊髓节段或神经病变部位，连接导线进行术中刺激测试，观察镇痛范围和效果，直至刺激范围覆盖疼痛部位或是镇痛效果满意。短时程电刺激镇痛，固定电极连接导线引导至体外，逐层缝合，敷料固定。永久性电刺激镇痛，固定电极后同步体内置入脊髓神经刺激系统及套件，逐层缝合，敷料固定。不含影像学引导 | X92: 神经电极、植入式神经刺激系统及套件 | Y92: 次 | Z92: 限慢性顽固性疼痛及癌痛治疗收取。植入式神经刺激系统及套件限永久性电刺激镇痛收取。 | AA92: 3500 | AB92: 3150 | AC92: 3300 | AD92: 3200 | AE92: 3100 | AF92: =IFERROR(FIND("-儿童（加收）",C92,1),0) -> 0 | AG92: =SUBSTITUTE(C92,"-儿童（加收）","") -> 脊髓电极置入费 | AH92: =IF(AF92>0,_xlfn.MAXIFS(N:N,C:C,SUBSTITUTE(C92,"-儿童（加收）","")),0)+N92 -> 3300 | AI92: =IF(AF92>0,_xlfn.MAXIFS(O:O,C:C,SUBSTITUTE(C92,"-儿童（加收）","")),0)+O92 -> 3100 | AJ92: =IF(AF92>0,_xlfn.MAXIFS(P:P,C:C,SUBSTITUTE(C92,"-儿童（加收）","")),0)+P92 -> 2750
A93: 36 | B93: 013302000150000 | C93: 脊髓电极取出费 | D93: 手术费 | E93: 通过各种方式将置入脊髓的电极电刺激器取出。 | F93: 所定价格涵盖手术计划、术区准备、消毒铺巾、切开、取出、缝合等步骤所需的人力资源和基本物质资源消耗。 | G93: 次 | I93: 1000 | J93: 900 | K93: 900 | L93: 850 | M93: 800 | N93: 940 | O93: 885 | P93: 785 | Q93: 医保 | R93: 理顺 | S93: 置入费为取出费的3.5倍，调整理顺比价。 | T93: 353302040270000-330204025 | U93: 330204025 | V93: 脊髓电刺激电极取出术 | W93: 手术在具有无菌、抢救设备的手术室，消毒，局麻下原切口入路逐层暴露临时延长导线及电极，拆除电极固定装置，拔除完整电极，逐层缝合，敷料固定。不含影像学引导。 | Y93: 次 | AA93: 1000 | AB93: 900 | AC93: 900 | AD93: 850 | AE93: 800 | AF93: =IFERROR(FIND("-儿童（加收）",C93,1),0) -> 0 | AG93: =SUBSTITUTE(C93,"-儿童（加收）","") -> 脊髓电极取出费 | AH93: =IF(AF93>0,_xlfn.MAXIFS(N:N,C:C,SUBSTITUTE(C93,"-儿童（加收）","")),0)+N93 -> 940 | AI93: =IF(AF93>0,_xlfn.MAXIFS(O:O,C:C,SUBSTITUTE(C93,"-儿童（加收）","")),0)+O93 -> 885 | AJ93: =IF(AF93>0,_xlfn.MAXIFS(P:P,C:C,SUBSTITUTE(C93,"-儿童（加收）","")),0)+P93 -> 785
A94: 39 | B94: 013302000180000 | C94: 颅内探查费 | D94: 手术费 | E94: 通过手术探查颅内情况。 | F94: 所定价格涵盖手术计划、术区准备、消毒铺巾、开颅、探查、关颅、缝合、处理手术用具等步骤所需的人力资源和基本物质资源消耗。 | G94: 次 | H94: 不与同部位其他手术同时收取。 | I94: 1080 | J94: 972 | K94: 1000 | L94: 960 | N94: 1000 | O94: 960 | P94: 816 | Q94: 医保 | R94: 平移 | S94: 平移 | T94: 003302010100000-330201010 | U94: 330201010 | V94: 颅骨钻孔探查术 | Y94: 次 | Z94: 两孔以上加收25% | AA94: 1080 | AB94: 970 | AC94: 1000 | AD94: 960 | AE94: 816 | AF94: =IFERROR(FIND("-儿童（加收）",C94,1),0) -> 0 | AG94: =SUBSTITUTE(C94,"-儿童（加收）","") -> 颅内探查费 | AH94: =IF(AF94>0,_xlfn.MAXIFS(N:N,C:C,SUBSTITUTE(C94,"-儿童（加收）","")),0)+N94 -> 1000 | AI94: =IF(AF94>0,_xlfn.MAXIFS(O:O,C:C,SUBSTITUTE(C94,"-儿童（加收）","")),0)+O94 -> 960 | AJ94: =IF(AF94>0,_xlfn.MAXIFS(P:P,C:C,SUBSTITUTE(C94,"-儿童（加收）","")),0)+P94 -> 816
A95: 39 | B95: 013302000180000 | C95: 颅内探查费 | D95: 手术费 | E95: 通过手术探查颅内情况。 | F95: 所定价格涵盖手术计划、术区准备、消毒铺巾、开颅、探查、关颅、缝合、处理手术用具等步骤所需的人力资源和基本物质资源消耗。 | G95: 次 | H95: 不与同部位其他手术同时收取。 | I95: 1080 | J95: 972 | K95: 1000 | L95: 960 | N95: 1000 | O95: 960 | P95: 816 | Q95: 医保 | R95: 平移 | S95: 平移 | T95: 003302010100001-33020101001 | U95: 33020101001 | V95: 颅骨钻孔探查术（两孔以上） | Y95: 次 | Z95: 两孔以上 | AA95: 1350 | AB95: 1215 | AC95: 1250 | AD95: 1200 | AE95: 1020 | AF95: =IFERROR(FIND("-儿童（加收）",C95,1),0) -> 0 | AG95: =SUBSTITUTE(C95,"-儿童（加收）","") -> 颅内探查费 | AH95: =IF(AF95>0,_xlfn.MAXIFS(N:N,C:C,SUBSTITUTE(C95,"-儿童（加收）","")),0)+N95 -> 1000 | AI95: =IF(AF95>0,_xlfn.MAXIFS(O:O,C:C,SUBSTITUTE(C95,"-儿童（加收）","")),0)+O95 -> 960 | AJ95: =IF(AF95>0,_xlfn.MAXIFS(P:P,C:C,SUBSTITUTE(C95,"-儿童（加收）","")),0)+P95 -> 816
A96: 分项 | B96: 013302000180001 | C96: 颅内探查费-儿童（加收） | D96: 手术费 | G96: 次 | I96: 324 | J96: 292 | N96: 300 | O96: 290 | P96: 245 | Q96: 医保 | T96: 003302010100000-33020101002 | U96: 33020101002 | V96: 小儿颅骨钻孔探查术 | Y96: 次 | AA96: 1405 | AB96: 1260 | AC96: 1300 | AD96: 1250 | AE96: 1065 | AF96: =IFERROR(FIND("-儿童（加收）",C96,1),0) -> 6 | AG96: =SUBSTITUTE(C96,"-儿童（加收）","") -> 颅内探查费 | AH96: =IF(AF96>0,_xlfn.MAXIFS(N:N,C:C,SUBSTITUTE(C96,"-儿童（加收）","")),0)+N96 -> 1300 | AI96: =IF(AF96>0,_xlfn.MAXIFS(O:O,C:C,SUBSTITUTE(C96,"-儿童（加收）","")),0)+O96 -> 1250 | AJ96: =IF(AF96>0,_xlfn.MAXIFS(P:P,C:C,SUBSTITUTE(C96,"-儿童（加收）","")),0)+P96 -> 1061
A97: 分项 | B97: 013302000180001 | C97: 颅内探查费-儿童（加收） | D97: 手术费 | G97: 次 | I97: 324 | J97: 292 | N97: 300 | O97: 290 | P97: 245 | Q97: 医保 | T97: 003302010100001-33020101003 | U97: 33020101003 | V97: 小儿颅骨钻孔探查术（两孔以上） | Y97: 次 | Z97: 两孔以上 | AA97: 1755 | AB97: 1580 | AC97: 1625 | AD97: 1560 | AE97: 1325 | AF97: =IFERROR(FIND("-儿童（加收）",C97,1),0) -> 6 | AG97: =SUBSTITUTE(C97,"-儿童（加收）","") -> 颅内探查费 | AH97: =IF(AF97>0,_xlfn.MAXIFS(N:N,C:C,SUBSTITUTE(C97,"-儿童（加收）","")),0)+N97 -> 1300 | AI97: =IF(AF97>0,_xlfn.MAXIFS(O:O,C:C,SUBSTITUTE(C97,"-儿童（加收）","")),0)+O97 -> 1250 | AJ97: =IF(AF97>0,_xlfn.MAXIFS(P:P,C:C,SUBSTITUTE(C97,"-儿童（加收）","")),0)+P97 -> 1061
A98: 40 | B98: 013302000190000 | C98: 颅脑穿刺引流费 | D98: 手术费 | E98: 通过对硬膜外/硬膜下/脊膜外穿刺、置管引流。 | F98: 所定价格涵盖定位、消毒铺巾、钻孔或切皮钻孔、穿刺、排液、固定、置管引流、缝合等步骤所需的人力资源和基本物质资源消耗。 | G98: 次 | H98: 1.颅脑穿刺引流按每钻孔计为一次。 2.腰大池穿刺引流按每脊柱节段计为一次。 | I98: 1100 | J98: 990 | K98: 1930.766 | L98: 1775.0226 | M98: 1530 | N98: 1050 | O98: 950 | P98: 810 | Q98: 医保 | R98: 理顺，降低 | S98: 加权平均后按不高于省级拟定 | T98: 003101000190000-310100019 | U98: 310100019 | V98: 硬脑膜下穿刺术 | Y98: 次 | Z98: 六岁及以下儿童在原价基础上加收30% | AA98: 195 | AB98: 175 | AC98: 165 | AD98: 150 | AE98: 127.5 | AF98: =IFERROR(FIND("-儿童（加收）",C98,1),0) -> 0 | AG98: =SUBSTITUTE(C98,"-儿童（加收）","") -> 颅脑穿刺引流费 | AH98: =IF(AF98>0,_xlfn.MAXIFS(N:N,C:C,SUBSTITUTE(C98,"-儿童（加收）","")),0)+N98 -> 1050 | AI98: =IF(AF98>0,_xlfn.MAXIFS(O:O,C:C,SUBSTITUTE(C98,"-儿童（加收）","")),0)+O98 -> 950 | AJ98: =IF(AF98>0,_xlfn.MAXIFS(P:P,C:C,SUBSTITUTE(C98,"-儿童（加收）","")),0)+P98 -> 810
A99: 40 | B99: 013302000190000 | C99: 颅脑穿刺引流费 | D99: 手术费 | E99: 通过对硬膜外/硬膜下/脊膜外穿刺、置管引流。 | F99: 所定价格涵盖定位、消毒铺巾、钻孔或切皮钻孔、穿刺、排液、固定、置管引流、缝合等步骤所需的人力资源和基本物质资源消耗。 | G99: 次 | H99: 1.颅脑穿刺引流按每钻孔计为一次。 2.腰大池穿刺引流按每脊柱节段计为一次。 | I99: 1100 | J99: 990 | K99: 1930.766 | L99: 1775.0226 | M99: 1530 | N99: 1050 | O99: 950 | P99: 810 | Q99: 医保 | R99: 理顺，降低 | S99: 加权平均后按不高于省级拟定 | T99: 003302010040000-330201004 | U99: 330201004 | V99: 颅内硬膜外血肿引流术 | W99: 包括脓肿引流 | Y99: 次 | AA99: 875 | AB99: 790 | AC99: 875 | AD99: 840 | AE99: 714 | AF99: =IFERROR(FIND("-儿童（加收）",C99,1),0) -> 0 | AG99: =SUBSTITUTE(C99,"-儿童（加收）","") -> 颅脑穿刺引流费 | AH99: =IF(AF99>0,_xlfn.MAXIFS(N:N,C:C,SUBSTITUTE(C99,"-儿童（加收）","")),0)+N99 -> 1050 | AI99: =IF(AF99>0,_xlfn.MAXIFS(O:O,C:C,SUBSTITUTE(C99,"-儿童（加收）","")),0)+O99 -> 950 | AJ99: =IF(AF99>0,_xlfn.MAXIFS(P:P,C:C,SUBSTITUTE(C99,"-儿童（加收）","")),0)+P99 -> 810
A100: 40 | B100: 013302000190000 | C100: 颅脑穿刺引流费 | D100: 手术费 | E100: 通过对硬膜外/硬膜下/脊膜外穿刺、置管引流。 | F100: 所定价格涵盖定位、消毒铺巾、钻孔或切皮钻孔、穿刺、排液、固定、置管引流、缝合等步骤所需的人力资源和基本物质资源消耗。 | G100: 次 | H100: 1.颅脑穿刺引流按每钻孔计为一次。 2.腰大池穿刺引流按每脊柱节段计为一次。 | I100: 1100 | J100: 990 | K100: 1930.766 | L100: 1775.0226 | M100: 1530 | N100: 1050 | O100: 950 | P100: 810 | Q100: 医保 | R100: 理顺，降低 | S100: 加权平均后按不高于省级拟定 | T100: 003302010040100-33020100401 | U100: 33020100401 | V100: 颅内硬膜外血肿引流术（脓肿引流） | Y100: 次 | AA100: 875 | AB100: 790 | AC100: 875 | AD100: 840 | AE100: 714 | AF100: =IFERROR(FIND("-儿童（加收）",C100,1),0) -> 0 | AG100: =SUBSTITUTE(C100,"-儿童（加收）","") -> 颅脑穿刺引流费 | AH100: =IF(AF100>0,_xlfn.MAXIFS(N:N,C:C,SUBSTITUTE(C100,"-儿童（加收）","")),0)+N100 -> 1050 | AI100: =IF(AF100>0,_xlfn.MAXIFS(O:O,C:C,SUBSTITUTE(C100,"-儿童（加收）","")),0)+O100 -> 950 | AJ100: =IF(AF100>0,_xlfn.MAXIFS(P:P,C:C,SUBSTITUTE(C100,"-儿童（加收）","")),0)+P100 -> 810
...

Sheet Sheet2
A1: id | B1: code | C1: sever_type | D1: change_time | E1: old_hilist_code | F1: new_hilist_code | G1: hilist_name | H1: selfpay_prop | I1: old_price | J1: old_price_city | K1: old_price_town | L1: old_price_village | M1: new_price | N1: new_price_city | O1: new_price_town | P1: new_price_village | Q1: unit | R1: batch | S1: is_use_old | T1: merge_type | U1: cnt_change_model | V1: cnt_change_value | W1: ="insert into server_list_change_all_20250525 ("&_xlfn.TEXTJOIN(",",TRUE,A1:V1)&") values" -> insert into server_list_change_all_20250525 (id,code,sever_type,change_time,old_hilist_code,new_hilist_code,hilist_name,selfpay_prop,old_price,old_price_city,old_price_town,old_price_village,new_price,new_price_city,new_price_town,new_price_village,unit,batch,is_use_old,merge_type,cnt_change_model,cnt_change_value) values
A2: 2714 | B2: null | C2: 1 | D2: 2026-04-28 00:00:00 | E2: 003101000010000-310100001 | F2: 003101000010000-310100001 | G2: 脑电图 | H2: null | I2: null | J2: 33 | K2: 30 | L2: 25.5 | M2: null | N2: 98 | O2: 90 | P2: 78 | Q2: 次 | R2: 26 | S2: 1 | T2: normal | U2: main | V2: 0 | W2: ="("&A2&","&B2&","&C2&",'"&D2&"','"&E2&"','"&F2&"','"&G2&"',"&H2&","&I2&","&J2&","&K2&","&L2&","&M2&","&N2&","&O2&","&P2&",'"&Q2&"',"&R2&","&S2&",'"&T2&"','"&U2&"',"&V2&")," -> (2714,null,1,'2026-04-28 00:00:00','003101000010000-310100001','003101000010000-310100001','脑电图',null,null,33,30,25.5,null,98,90,78,'次',26,1,'normal','main',0),
A3: 2715 | B3: null | C3: 1 | D3: 2026-04-28 00:00:00 | E3: 003101000010001-31010000101 | F3: 003101000010001-31010000101 | G3: 脑电图（脑电发生源定位） | H3: null | I3: null | J3: 49.5 | K3: 45 | L3: 38.3 | M3: null | N3: 98 | O3: 90 | P3: 78 | Q3: 次 | R3: 26 | S3: 1 | T3: normal | U3: main | V3: 0 | W3: ="("&A3&","&B3&","&C3&",'"&D3&"','"&E3&"','"&F3&"','"&G3&"',"&H3&","&I3&","&J3&","&K3&","&L3&","&M3&","&N3&","&O3&","&P3&",'"&Q3&"',"&R3&","&S3&",'"&T3&"','"&U3&"',"&V3&")," -> (2715,null,1,'2026-04-28 00:00:00','003101000010001-31010000101','003101000010001-31010000101','脑电图（脑电发生源定位）',null,null,49.5,45,38.3,null,98,90,78,'次',26,1,'normal','main',0),
A4: 2716 | B4: null | C4: 1 | D4: 2026-04-28 00:00:00 | E4: 003101000030000-310100003 | F4: 003101000030000-310100003 | G4: 脑地形图 | H4: null | I4: null | J4: 110 | K4: 100 | L4: 85 | M4: null | N4: 98 | O4: 90 | P4: 78 | Q4: 次 | R4: 26 | S4: 1 | T4: normal | U4: main | V4: 0 | W4: ="("&A4&","&B4&","&C4&",'"&D4&"','"&E4&"','"&F4&"','"&G4&"',"&H4&","&I4&","&J4&","&K4&","&L4&","&M4&","&N4&","&O4&","&P4&",'"&Q4&"',"&R4&","&S4&",'"&T4&"','"&U4&"',"&V4&")," -> (2716,null,1,'2026-04-28 00:00:00','003101000030000-310100003','003101000030000-310100003','脑地形图',null,null,110,100,85,null,98,90,78,'次',26,1,'normal','main',0),
A5: 2717 | B5: null | C5: 1 | D5: 2026-04-28 00:00:00 | E5: 003101000040000-310100004 | F5: 003101000040000-310100004 | G5: 动态脑电图 | H5: null | I5: null | J5: 286 | K5: 260 | L5: 221 | M5: null | N5: 98 | O5: 90 | P5: 78 | Q5: 次 | R5: 26 | S5: 1 | T5: normal | U5: main | V5: 0 | W5: ="("&A5&","&B5&","&C5&",'"&D5&"','"&E5&"','"&F5&"','"&G5&"',"&H5&","&I5&","&J5&","&K5&","&L5&","&M5&","&N5&","&O5&","&P5&",'"&Q5&"',"&R5&","&S5&",'"&T5&"','"&U5&"',"&V5&")," -> (2717,null,1,'2026-04-28 00:00:00','003101000040000-310100004','003101000040000-310100004','动态脑电图',null,null,286,260,221,null,98,90,78,'次',26,1,'normal','main',0),
A6: 2718 | B6: null | C6: 1 | D6: 2026-04-28 00:00:00 | E6: 003101000040100-31010000401 | F6: 003101000040100-31010000401 | G6: 动态脑电图（24小时脑电视频监测） | H6: null | I6: null | J6: 286 | K6: 260 | L6: 221 | M6: null | N6: 98 | O6: 90 | P6: 78 | Q6: 次 | R6: 26 | S6: 1 | T6: normal | U6: main | V6: 0 | W6: ="("&A6&","&B6&","&C6&",'"&D6&"','"&E6&"','"&F6&"','"&G6&"',"&H6&","&I6&","&J6&","&K6&","&L6&","&M6&","&N6&","&O6&","&P6&",'"&Q6&"',"&R6&","&S6&",'"&T6&"','"&U6&"',"&V6&")," -> (2718,null,1,'2026-04-28 00:00:00','003101000040100-31010000401','003101000040100-31010000401','动态脑电图（24小时脑电视频监测）',null,null,286,260,221,null,98,90,78,'次',26,1,'normal','main',0),
A7: 2719 | B7: null | C7: 1 | D7: 2026-04-28 00:00:00 | E7: 003101000040200-31010000402 | F7: 003101000040200-31010000402 | G7: 动态脑电图（24小时脑电Holter） | H7: null | I7: null | J7: 286 | K7: 260 | L7: 221 | M7: null | N7: 98 | O7: 90 | P7: 78 | Q7: 次 | R7: 26 | S7: 1 | T7: normal | U7: main | V7: 0 | W7: ="("&A7&","&B7&","&C7&",'"&D7&"','"&E7&"','"&F7&"','"&G7&"',"&H7&","&I7&","&J7&","&K7&","&L7&","&M7&","&N7&","&O7&","&P7&",'"&Q7&"',"&R7&","&S7&",'"&T7&"','"&U7&"',"&V7&")," -> (2719,null,1,'2026-04-28 00:00:00','003101000040200-31010000402','003101000040200-31010000402','动态脑电图（24小时脑电Holter）',null,null,286,260,221,null,98,90,78,'次',26,1,'normal','main',0),
A8: 2720 | B8: null | C8: 1 | D8: 2026-04-28 00:00:00 | E8: 003101000050000-310100005 | F8: 003101000050000-310100005 | G8: 脑电图录象监测 | H8: null | I8: null | J8: 27.5 | K8: 25 | L8: 21.3 | M8: null | N8: 24.5 | O8: 22.5 | P8: 19.5 | Q8: 小时 | R8: 26 | S8: 1 | T8: normal | U8: main | V8: 0 | W8: ="("&A8&","&B8&","&C8&",'"&D8&"','"&E8&"','"&F8&"','"&G8&"',"&H8&","&I8&","&J8&","&K8&","&L8&","&M8&","&N8&","&O8&","&P8&",'"&Q8&"',"&R8&","&S8&",'"&T8&"','"&U8&"',"&V8&")," -> (2720,null,1,'2026-04-28 00:00:00','003101000050000-310100005','003101000050000-310100005','脑电图录象监测',null,null,27.5,25,21.3,null,24.5,22.5,19.5,'小时',26,1,'normal','main',0),
A9: 2721 | B9: null | C9: 1 | D9: 2026-04-28 00:00:00 | E9: 003101000020000-310100002 | F9: 003101000020000-310100002 | G9: 特殊脑电图 | H9: null | I9: null | J9: 66 | K9: 60 | L9: 51 | M9: null | N9: 107 | O9: 98 | P9: 85 | Q9: 次 | R9: 26 | S9: 1 | T9: normal | U9: main | V9: 0 | W9: ="("&A9&","&B9&","&C9&",'"&D9&"','"&E9&"','"&F9&"','"&G9&"',"&H9&","&I9&","&J9&","&K9&","&L9&","&M9&","&N9&","&O9&","&P9&",'"&Q9&"',"&R9&","&S9&",'"&T9&"','"&U9&"',"&V9&")," -> (2721,null,1,'2026-04-28 00:00:00','003101000020000-310100002','003101000020000-310100002','特殊脑电图',null,null,66,60,51,null,107,98,85,'次',26,1,'normal','main',0),
A10: 2722 | B10: null | C10: 1 | D10: 2026-04-28 00:00:00 | E10: 003101000020100-31010000201 | F10: 003101000020100-31010000201 | G10: 特殊脑电图（特殊电极鼻咽或蝶骨或皮层等） | H10: null | I10: null | J10: 66 | K10: 60 | L10: 51 | M10: null | N10: 107 | O10: 98 | P10: 85 | Q10: 次 | R10: 26 | S10: 1 | T10: normal | U10: main | V10: 0 | W10: ="("&A10&","&B10&","&C10&",'"&D10&"','"&E10&"','"&F10&"','"&G10&"',"&H10&","&I10&","&J10&","&K10&","&L10&","&M10&","&N10&","&O10&","&P10&",'"&Q10&"',"&R10&","&S10&",'"&T10&"','"&U10&"',"&V10&")," -> (2722,null,1,'2026-04-28 00:00:00','003101000020100-31010000201','003101000020100-31010000201','特殊脑电图（特殊电极鼻咽或蝶骨或皮层等）',null,null,66,60,51,null,107,98,85,'次',26,1,'normal','main',0),
A11: 2723 | B11: null | C11: 1 | D11: 2026-04-28 00:00:00 | E11: 003101000020200-31010000202 | F11: 003101000020200-31010000202 | G11: 特殊脑电图（特殊诱发） | H11: null | I11: null | J11: 66 | K11: 60 | L11: 51 | M11: null | N11: 107 | O11: 98 | P11: 85 | Q11: 次 | R11: 26 | S11: 1 | T11: normal | U11: main | V11: 0 | W11: ="("&A11&","&B11&","&C11&",'"&D11&"','"&E11&"','"&F11&"','"&G11&"',"&H11&","&I11&","&J11&","&K11&","&L11&","&M11&","&N11&","&O11&","&P11&",'"&Q11&"',"&R11&","&S11&",'"&T11&"','"&U11&"',"&V11&")," -> (2723,null,1,'2026-04-28 00:00:00','003101000020200-31010000202','003101000020200-31010000202','特殊脑电图（特殊诱发）',null,null,66,60,51,null,107,98,85,'次',26,1,'normal','main',0),
A12: 2724 | B12: null | C12: 1 | D12: 2026-04-28 00:00:00 | E12: 003101000050000-31010000501 | F12: 003101000050000-31010000501 | G12: 颅内电极视频脑电图录像监测 | H12: null | I12: null | J12: 115 | K12: 105 | L12: 95 | M12: null | N12: 61.25 | O12: 56.25 | P12: 48.75 | Q12: 小时 | R12: 26 | S12: 1 | T12: normal | U12: main | V12: 0 | W12: ="("&A12&","&B12&","&C12&",'"&D12&"','"&E12&"','"&F12&"','"&G12&"',"&H12&","&I12&","&J12&","&K12&","&L12&","&M12&","&N12&","&O12&","&P12&",'"&Q12&"',"&R12&","&S12&",'"&T12&"','"&U12&"',"&V12&")," -> (2724,null,1,'2026-04-28 00:00:00','003101000050000-31010000501','003101000050000-31010000501','颅内电极视频脑电图录像监测',null,null,115,105,95,null,61.25,56.25,48.75,'小时',26,1,'normal','main',0),
A13: 2725 | B13: null | C13: 1 | D13: 2026-04-28 00:00:00 | E13: 003101000060000-310100006 | F13: 003101000060000-310100006 | G13: 脑磁图 | H13: null | I13: null | J13: 0 | K13: 0 | L13: 0 | M13: null | N13: 3900 | O13: 3600 | P13: 3060 | Q13: 次 | R13: 26 | S13: 1 | T13: normal | U13: main | V13: 0 | W13: ="("&A13&","&B13&","&C13&",'"&D13&"','"&E13&"','"&F13&"','"&G13&"',"&H13&","&I13&","&J13&","&K13&","&L13&","&M13&","&N13&","&O13&","&P13&",'"&Q13&"',"&R13&","&S13&",'"&T13&"','"&U13&"',"&V13&")," -> (2725,null,1,'2026-04-28 00:00:00','003101000060000-310100006','003101000060000-310100006','脑磁图',null,null,0,0,0,null,3900,3600,3060,'次',26,1,'normal','main',0),
... A30: 2742 | B30: null | C30: 1 | D30: 2026-04-28 00:00:00 | E30: 003401000070000-340100007 | F30: 003401000070000-340100007 | G30: 电诊断 | H30: null | I30: null | J30: 8 | K30: 8 | L30: 6.8 | M30: null | N30: 32 | O30: 30 | P30: 27 | Q30: 每块肌肉或每条神经 | R30: 26 | S30: 1 | T30: normal | U30: main | V30: 0 | W30: ="("&A30&","&B30&","&C30&",'"&D30&"','"&E30&"','"&F30&"','"&G30&"',"&H30&","&I30&","&J30&","&K30&","&L30&","&M30&","&N30&","&O30&","&P30&",'"&Q30&"',"&R30&","&S30&",'"&T30&"','"&U30&"',"&V30&")," -> (2742,null,1,'2026-04-28 00:00:00','003401000070000-340100007','003401000070000-340100007','电诊断',null,null,8,8,6.8,null,32,30,27,'每块肌肉或每条神经',26,1,'normal','main',0),
A31: 2743 | B31: null | C31: 1 | D31: 2026-04-28 00:00:00 | E31: 003101000140000-310100014 | F31: 003101000140000-310100014 | H31: null | I31: null | J31: 0 | K31: 0 | L31: 0 | M31: null | N31: 6 | O31: 5.8 | P31: 5.4 | R31: 26 | S31: 1 | T31: normal | U31: main | V31: 0 | W31: ="("&A31&","&B31&","&C31&",'"&D31&"','"&E31&"','"&F31&"','"&G31&"',"&H31&","&I31&","&J31&","&K31&","&L31&","&M31&","&N31&","&O31&","&P31&",'"&Q31&"',"&R31&","&S31&",'"&T31&"','"&U31&"',"&V31&")," -> (2743,null,1,'2026-04-28 00:00:00','003101000140000-310100014','003101000140000-310100014','',null,null,0,0,0,null,6,5.8,5.4,'',26,1,'normal','main',0),
A32: 2744 | B32: null | C32: 1 | D32: 2026-04-28 00:00:00 | E32: 003101000140000-310100014 | F32: 003101000140000-310100014 | G32: 颅内压监测 | H32: null | I32: null | J32: 3.3 | K32: 3 | L32: 2.6 | M32: null | N32: 3 | O32: 2.9 | P32: 2.7 | Q32: 小时 | R32: 26 | S32: 1 | T32: normal | U32: main | V32: 0 | W32: ="("&A32&","&B32&","&C32&",'"&D32&"','"&E32&"','"&F32&"','"&G32&"',"&H32&","&I32&","&J32&","&K32&","&L32&","&M32&","&N32&","&O32&","&P32&",'"&Q32&"',"&R32&","&S32&",'"&T32&"','"&U32&"',"&V32&")," -> (2744,null,1,'2026-04-28 00:00:00','003101000140000-310100014','003101000140000-310100014','颅内压监测',null,null,3.3,3,2.6,null,3,2.9,2.7,'小时',26,1,'normal','main',0),
A33: 2745 | B33: null | C33: 1 | D33: 2026-04-28 00:00:00 | E33: 003112020020000-311202002 | F33: 003112020020000-311202002 | G33: 新生儿测颅压 | H33: null | I33: null | J33: 0 | K33: 0 | L33: 0 | M33: null | N33: 3 | O33: 2.9 | P33: 2.7 | Q33: 次 | R33: 26 | S33: 1 | T33: normal | U33: main | V33: 0 | W33: ="("&A33&","&B33&","&C33&",'"&D33&"','"&E33&"','"&F33&"','"&G33&"',"&H33&","&I33&","&J33&","&K33&","&L33&","&M33&","&N33&","&O33&","&P33&",'"&Q33&"',"&R33&","&S33&",'"&T33&"','"&U33&"',"&V33&")," -> (2745,null,1,'2026-04-28 00:00:00','003112020020000-311202002','003112020020000-311202002','新生儿测颅压',null,null,0,0,0,null,3,2.9,2.7,'次',26,1,'normal','main',0),
A34: 2746 | B34: null | C34: 1 | D34: 2026-04-28 00:00:00 | E34: 003206000010000-320600001 | F34: 003206000010000-320600001 | G34: 经股动脉插管全脑动脉造影术 | H34: null | I34: null | J34: 3345 | K34: 3015 | L34: 2415 | M34: null | N34: 3344 | O34: 3016 | P34: 2416 | Q34: 次 | R34: 26 | S34: 1 | T34: normal | U34: main | V34: 0 | W34: ="("&A34&","&B34&","&C34&",'"&D34&"','"&E34&"','"&F34&"','"&G34&"',"&H34&","&I34&","&J34&","&K34&","&L34&","&M34&","&N34&","&O34&","&P34&",'"&Q34&"',"&R34&","&S34&",'"&T34&"','"&U34&"',"&V34&")," -> (2746,null,1,'2026-04-28 00:00:00','003206000010000-320600001','003206000010000-320600001','经股动脉插管全脑动脉造影术',null,null,3345,3015,2415,null,3344,3016,2416,'次',26,1,'normal','main',0),
A35: 2747 | B35: null | C35: 1 | D35: 2026-04-28 00:00:00 | E35: 003206000010000-32060000101 | F35: 003206000010000-32060000101 | G35: 小儿经股动脉插管全脑动脉造影术 | H35: null | I35: null | J35: 4350 | K35: 3920 | L35: 3140 | M35: null | N35: 3344 | O35: 3016 | P35: 2416 | Q35: 次 | R35: 26 | S35: 1 | T35: normal | U35: main | V35: 0 | W35: ="("&A35&","&B35&","&C35&",'"&D35&"','"&E35&"','"&F35&"','"&G35&"',"&H35&","&I35&","&J35&","&K35&","&L35&","&M35&","&N35&","&O35&","&P35&",'"&Q35&"',"&R35&","&S35&",'"&T35&"','"&U35&"',"&V35&")," -> (2747,null,1,'2026-04-28 00:00:00','003206000010000-32060000101','003206000010000-32060000101','小儿经股动脉插管全脑动脉造影术',null,null,4350,3920,3140,null,3344,3016,2416,'次',26,1,'normal','main',0),
A36: 2748 | B36: null | C36: 1 | D36: 2026-04-28 00:00:00 | E36: 003206000100000-320600010 | F36: 003206000100000-320600010 | G36: 脊髓动脉造影术 | H36: null | I36: null | J36: 2430 | K36: 2200 | L36: 1870 | M36: null | N36: 2437.5 | O36: 2200 | P36: 1875 | Q36: 次 | R36: 26 | S36: 1 | T36: normal | U36: main | V36: 0 | W36: ="("&A36&","&B36&","&C36&",'"&D36&"','"&E36&"','"&F36&"','"&G36&"',"&H36&","&I36&","&J36&","&K36&","&L36&","&M36&","&N36&","&O36&","&P36&",'"&Q36&"',"&R36&","&S36&",'"&T36&"','"&U36&"',"&V36&")," -> (2748,null,1,'2026-04-28 00:00:00','003206000100000-320600010','003206000100000-320600010','脊髓动脉造影术',null,null,2430,2200,1870,null,2437.5,2200,1875,'次',26,1,'normal','main',0),
A37: 2749 | B37: null | C37: 1 | D37: 2026-04-28 00:00:00 | E37: 003206000100000-32060001001 | F37: 003206000100000-32060001001 | G37: 小儿脊髓动脉造影术 | H37: null | I37: null | J37: 3160 | K37: 2860 | L37: 2430 | M37: null | N37: 2437.5 | O37: 2200 | P37: 1875 | Q37: 次 | R37: 26 | S37: 1 | T37: normal | U37: main | V37: 0 | W37: ="("&A37&","&B37&","&C37&",'"&D37&"','"&E37&"','"&F37&"','"&G37&"',"&H37&","&I37&","&J37&","&K37&","&L37&","&M37&","&N37&","&O37&","&P37&",'"&Q37&"',"&R37&","&S37&",'"&T37&"','"&U37&"',"&V37&")," -> (2749,null,1,'2026-04-28 00:00:00','003206000100000-32060001001','003206000100000-32060001001','小儿脊髓动脉造影术',null,null,3160,2860,2430,null,2437.5,2200,1875,'次',26,1,'normal','main',0),
A38: 2750 | B38: null | C38: 1 | D38: 2026-04-28 00:00:00 | E38: 003101000130000-310100013 | F38: 003101000130000-310100013 | G38: 术中颅神经监测 | H38: null | I38: null | J38: 55 | K38: 50 | L38: 42.5 | M38: null | N38: 48 | O38: 45 | P38: 40 | Q38: 小时 | R38: 26 | S38: 1 | T38: normal | U38: main | V38: 0 | W38: ="("&A38&","&B38&","&C38&",'"&D38&"','"&E38&"','"&F38&"','"&G38&"',"&H38&","&I38&","&J38&","&K38&","&L38&","&M38&","&N38&","&O38&","&P38&",'"&Q38&"',"&R38&","&S38&",'"&T38&"','"&U38&"',"&V38&")," -> (2750,null,1,'2026-04-28 00:00:00','003101000130000-310100013','003101000130000-310100013','术中颅神经监测',null,null,55,50,42.5,null,48,45,40,'小时',26,1,'normal','main',0),
A39: 2751 | B39: null | C39: 1 | D39: 2026-04-28 00:00:00 | E39: 003101000010000-31010000102 | F39: 003101000010000-31010000102 | G39: 脑电图（术中监测） | H39: null | I39: null | J39: 22 | K39: 20 | L39: 17 | M39: null | N39: 48 | O39: 45 | P39: 40 | Q39: 小时 | R39: 26 | S39: 1 | T39: normal | U39: main | V39: 0 | W39: ="("&A39&","&B39&","&C39&",'"&D39&"','"&E39&"','"&F39&"','"&G39&"',"&H39&","&I39&","&J39&","&K39&","&L39&","&M39&","&N39&","&O39&","&P39&",'"&Q39&"',"&R39&","&S39&",'"&T39&"','"&U39&"',"&V39&")," -> (2751,null,1,'2026-04-28 00:00:00','003101000010000-31010000102','003101000010000-31010000102','脑电图（术中监测）',null,null,22,20,17,null,48,45,40,'小时',26,1,'normal','main',0),
A40: 2752 | B40: null | C40: 1 | D40: 2026-04-28 00:00:00 | E40: 003101000090000-31010000902 | F40: 003101000090000-31010000902 | G40: 体感诱发电位术中监测 | H40: null | I40: null | J40: 22 | K40: 20 | L40: 17 | M40: null | N40: 48 | O40: 45 | P40: 40 | Q40: 小时 | R40: 26 | S40: 1 | T40: normal | U40: main | V40: 0 | W40: ="("&A40&","&B40&","&C40&",'"&D40&"','"&E40&"','"&F40&"','"&G40&"',"&H40&","&I40&","&J40&","&K40&","&L40&","&M40&","&N40&","&O40&","&P40&",'"&Q40&"',"&R40&","&S40&",'"&T40&"','"&U40&"',"&V40&")," -> (2752,null,1,'2026-04-28 00:00:00','003101000090000-31010000902','003101000090000-31010000902','体感诱发电位术中监测',null,null,22,20,17,null,48,45,40,'小时',26,1,'normal','main',0),
A41: 2753 | B41: null | C41: 1 | D41: 2026-04-28 00:00:00 | E41: 003302000000002-330202023 | F41: 003302000000002-330202023 | G41: 神经刺激器引导下神经定位 | H41: null | I41: null | J41: 100 | K41: 100 | L41: 85 | M41: null | N41: 48 | O41: 45 | P41: 40 | Q41: 半小时 | R41: 26 | S41: 1 | T41: normal | U41: main | V41: 0 | W41: ="("&A41&","&B41&","&C41&",'"&D41&"','"&E41&"','"&F41&"','"&G41&"',"&H41&","&I41&","&J41&","&K41&","&L41&","&M41&","&N41&","&O41&","&P41&",'"&Q41&"',"&R41&","&S41&",'"&T41&"','"&U41&"',"&V41&")," -> (2753,null,1,'2026-04-28 00:00:00','003302000000002-330202023','003302000000002-330202023','神经刺激器引导下神经定位',null,null,100,100,85,null,48,45,40,'半小时',26,1,'normal','main',0),
A42: 2754 | B42: null | C42: 1 | D42: 2026-04-28 00:00:00 | E42: 003101000250000-310100025 | F42: 003101000250000-310100025 | G42: 肌电图监测 | H42: null | I42: null | J42: 5.5 | K42: 5 | L42: 4.3 | M42: null | N42: 5 | O42: 4.8 | P42: 4.5 | Q42: 小时 | R42: 26 | S42: 1 | T42: normal | U42: main | V42: 0 | W42: ="("&A42&","&B42&","&C42&",'"&D42&"','"&E42&"','"&F42&"','"&G42&"',"&H42&","&I42&","&J42&","&K42&","&L42&","&M42&","&N42&","&O42&","&P42&",'"&Q42&"',"&R42&","&S42&",'"&T42&"','"&U42&"',"&V42&")," -> (2754,null,1,'2026-04-28 00:00:00','003101000250000-310100025','003101000250000-310100025','肌电图监测',null,null,5.5,5,4.3,null,5,4.8,4.5,'小时',26,1,'normal','main',0),
A43: 2755 | B43: null | C43: 1 | D43: 2026-04-28 00:00:00 | E43: 003101000310000-310100031 | F43: 003101000310000-310100031 | G43: 慢性小脑电刺激术 | H43: null | I43: null | J43: 0 | K43: 0 | L43: 0 | M43: null | N43: 90 | O43: 81 | P43: 69 | Q43: 次 | R43: 26 | S43: 1 | T43: normal | U43: main | V43: 0 | W43: ="("&A43&","&B43&","&C43&",'"&D43&"','"&E43&"','"&F43&"','"&G43&"',"&H43&","&I43&","&J43&","&K43&","&L43&","&M43&","&N43&","&O43&","&P43&",'"&Q43&"',"&R43&","&S43&",'"&T43&"','"&U43&"',"&V43&")," -> (2755,null,1,'2026-04-28 00:00:00','003101000310000-310100031','003101000310000-310100031','慢性小脑电刺激术',null,null,0,0,0,null,90,81,69,'次',26,1,'normal','main',0),
... A345: 3057 | B345: null | C345: 1 | D345: 2026-04-28 00:00:00 | E345: 003310070180000-331007018 | F345: 003310070180000-331007018 | G345: 胰腺周围神经切除术 | H345: null | I345: null | J345: 2530 | K345: 2280 | L345: 1940 | M345: null | N345: 2600 | O345: 2350 | P345: 2000 | Q345: 次 | R345: 26 | S345: 1 | T345: normal | U345: main | V345: 0 | W345: ="("&A345&","&B345&","&C345&",'"&D345&"','"&E345&"','"&F345&"','"&G345&"',"&H345&","&I345&","&J345&","&K345&","&L345&","&M345&","&N345&","&O345&","&P345&",'"&Q345&"',"&R345&","&S345&",'"&T345&"','"&U345&"',"&V345&")," -> (3057,null,1,'2026-04-28 00:00:00','003310070180000-331007018','003310070180000-331007018','胰腺周围神经切除术',null,null,2530,2280,1940,null,2600,2350,2000,'次',26,1,'normal','main',0),
A346: 3058 | B346: null | C346: 1 | D346: 2026-04-28 00:00:00 | E346: 003310070180000-33100701802 | F346: 003310070180000-33100701802 | G346: 经腹腔镜胰腺周围神经切除术 | H346: null | I346: null | J346: 3155 | K346: 2880 | L346: 2450 | M346: null | N346: 2600 | O346: 2350 | P346: 2000 | R346: 26 | S346: 1 | T346: normal | U346: main | V346: 0 | W346: ="("&A346&","&B346&","&C346&",'"&D346&"','"&E346&"','"&F346&"','"&G346&"',"&H346&","&I346&","&J346&","&K346&","&L346&","&M346&","&N346&","&O346&","&P346&",'"&Q346&"',"&R346&","&S346&",'"&T346&"','"&U346&"',"&V346&")," -> (3058,null,1,'2026-04-28 00:00:00','003310070180000-33100701802','003310070180000-33100701802','经腹腔镜胰腺周围神经切除术',null,null,3155,2880,2450,null,2600,2350,2000,'',26,1,'normal','main',0),
A347: 3059 | B347: null | C347: 1 | D347: 2026-04-28 00:00:00 | E347: 003310020130000-331002013 | F347: 003310020130000-331002013 | G347: 胃迷走神经切断术 | H347: null | I347: null | J347: 2030 | K347: 1830 | L347: 1560 | M347: null | N347: 2600 | O347: 2350 | P347: 2000 | R347: 26 | S347: 1 | T347: normal | U347: main | V347: 0 | W347: ="("&A347&","&B347&","&C347&",'"&D347&"','"&E347&"','"&F347&"','"&G347&"',"&H347&","&I347&","&J347&","&K347&","&L347&","&M347&","&N347&","&O347&","&P347&",'"&Q347&"',"&R347&","&S347&",'"&T347&"','"&U347&"',"&V347&")," -> (3059,null,1,'2026-04-28 00:00:00','003310020130000-331002013','003310020130000-331002013','胃迷走神经切断术',null,null,2030,1830,1560,null,2600,2350,2000,'',26,1,'normal','main',0),
A348: 3060 | B348: null | C348: 1 | D348: 2026-04-28 00:00:00 | E348: 003310020130001-33100201302 | F348: 003310020130001-33100201302 | G348: 经腹腔镜胃迷走神经切断术 | H348: null | I348: null | J348: 2655 | K348: 2430 | L348: 2070 | M348: null | N348: 2600 | O348: 2350 | P348: 2000 | R348: 26 | S348: 1 | T348: normal | U348: main | V348: 0 | W348: ="("&A348&","&B348&","&C348&",'"&D348&"','"&E348&"','"&F348&"','"&G348&"',"&H348&","&I348&","&J348&","&K348&","&L348&","&M348&","&N348&","&O348&","&P348&",'"&Q348&"',"&R348&","&S348&",'"&T348&"','"&U348&"',"&V348&")," -> (3060,null,1,'2026-04-28 00:00:00','003310020130001-33100201302','003310020130001-33100201302','经腹腔镜胃迷走神经切断术',null,null,2655,2430,2070,null,2600,2350,2000,'',26,1,'normal','main',0),
A349: 3061 | B349: null | C349: 1 | D349: 2026-04-28 00:00:00 | E349: 003302040150000-33020401501 | F349: 003302040150000-33020401501 | G349: 小儿胸腰交感神经节切断术 | H349: null | I349: null | J349: 3290 | K349: 2965 | L349: 2520 | M349: null | N349: 3380 | O349: 3055 | P349: 2600 | Q349: 次 | R349: 26 | S349: 1 | T349: normal | U349: main | V349: 0 | W349: ="("&A349&","&B349&","&C349&",'"&D349&"','"&E349&"','"&F349&"','"&G349&"',"&H349&","&I349&","&J349&","&K349&","&L349&","&M349&","&N349&","&O349&","&P349&",'"&Q349&"',"&R349&","&S349&",'"&T349&"','"&U349&"',"&V349&")," -> (3061,null,1,'2026-04-28 00:00:00','003302040150000-33020401501','003302040150000-33020401501','小儿胸腰交感神经节切断术',null,null,3290,2965,2520,null,3380,3055,2600,'次',26,1,'normal','main',0),
A350: 3062 | B350: null | C350: 1 | D350: 2026-04-28 00:00:00 | E350: 003310070180000-33100701801 | F350: 003310070180000-33100701801 | G350: 小儿胰腺周围神经切除术 | H350: null | I350: null | J350: 3290 | K350: 2965 | L350: 2520 | M350: null | N350: 3380 | O350: 3055 | P350: 2600 | R350: 26 | S350: 1 | T350: normal | U350: main | V350: 0 | W350: ="("&A350&","&B350&","&C350&",'"&D350&"','"&E350&"','"&F350&"','"&G350&"',"&H350&","&I350&","&J350&","&K350&","&L350&","&M350&","&N350&","&O350&","&P350&",'"&Q350&"',"&R350&","&S350&",'"&T350&"','"&U350&"',"&V350&")," -> (3062,null,1,'2026-04-28 00:00:00','003310070180000-33100701801','003310070180000-33100701801','小儿胰腺周围神经切除术',null,null,3290,2965,2520,null,3380,3055,2600,'',26,1,'normal','main',0),
A351: 3063 | B351: null | C351: 1 | D351: 2026-04-28 00:00:00 | E351: 003310070180000-33100701803 | F351: 003310070180000-33100701803 | G351: 小儿经腹腔镜胰腺周围神经切除术 | H351: null | I351: null | J351: 3915 | K351: 3565 | L351: 3030 | M351: null | N351: 3380 | O351: 3055 | P351: 2600 | R351: 26 | S351: 1 | T351: normal | U351: main | V351: 0 | W351: ="("&A351&","&B351&","&C351&",'"&D351&"','"&E351&"','"&F351&"','"&G351&"',"&H351&","&I351&","&J351&","&K351&","&L351&","&M351&","&N351&","&O351&","&P351&",'"&Q351&"',"&R351&","&S351&",'"&T351&"','"&U351&"',"&V351&")," -> (3063,null,1,'2026-04-28 00:00:00','003310070180000-33100701803','003310070180000-33100701803','小儿经腹腔镜胰腺周围神经切除术',null,null,3915,3565,3030,null,3380,3055,2600,'',26,1,'normal','main',0),
A352: 3064 | B352: null | C352: 1 | D352: 2026-04-28 00:00:00 | E352: 003310020130000-33100201301 | F352: 003310020130000-33100201301 | G352: 小儿胃迷走神经切断术 | H352: null | I352: null | J352: 2640 | K352: 2380 | L352: 2025 | M352: null | N352: 3380 | O352: 3055 | P352: 2600 | R352: 26 | S352: 1 | T352: normal | U352: main | V352: 0 | W352: ="("&A352&","&B352&","&C352&",'"&D352&"','"&E352&"','"&F352&"','"&G352&"',"&H352&","&I352&","&J352&","&K352&","&L352&","&M352&","&N352&","&O352&","&P352&",'"&Q352&"',"&R352&","&S352&",'"&T352&"','"&U352&"',"&V352&")," -> (3064,null,1,'2026-04-28 00:00:00','003310020130000-33100201301','003310020130000-33100201301','小儿胃迷走神经切断术',null,null,2640,2380,2025,null,3380,3055,2600,'',26,1,'normal','main',0),
A353: 3065 | B353: null | C353: 1 | D353: 2026-04-28 00:00:00 | E353: 003310020130001-33100201303 | F353: 003310020130001-33100201303 | G353: 小儿经腹腔镜胃迷走神经切断术 | H353: null | I353: null | J353: 3265 | K353: 2980 | L353: 2535 | M353: null | N353: 3380 | O353: 3055 | P353: 2600 | R353: 26 | S353: 1 | T353: normal | U353: main | V353: 0 | W353: ="("&A353&","&B353&","&C353&",'"&D353&"','"&E353&"','"&F353&"','"&G353&"',"&H353&","&I353&","&J353&","&K353&","&L353&","&M353&","&N353&","&O353&","&P353&",'"&Q353&"',"&R353&","&S353&",'"&T353&"','"&U353&"',"&V353&")," -> (3065,null,1,'2026-04-28 00:00:00','003310020130001-33100201303','003310020130001-33100201303','小儿经腹腔镜胃迷走神经切断术',null,null,3265,2980,2535,null,3380,3055,2600,'',26,1,'normal','main',0),
A354: 3066 | B354: null | C354: 1 | D354: 2026-04-28 00:00:00 | E354: 003302020020000-330202002 | F354: 003302020020000-330202002 | G354: 三叉神经周围支切断术 | H354: null | I354: null | J354: 1125 | K354: 1080 | L354: 918 | M354: null | N354: 1190 | O354: 1080 | P354: 920 | Q354: 每神经支 | R354: 26 | S354: 1 | T354: normal | U354: main | V354: 0 | W354: ="("&A354&","&B354&","&C354&",'"&D354&"','"&E354&"','"&F354&"','"&G354&"',"&H354&","&I354&","&J354&","&K354&","&L354&","&M354&","&N354&","&O354&","&P354&",'"&Q354&"',"&R354&","&S354&",'"&T354&"','"&U354&"',"&V354&")," -> (3066,null,1,'2026-04-28 00:00:00','003302020020000-330202002','003302020020000-330202002','三叉神经周围支切断术',null,null,1125,1080,918,null,1190,1080,920,'每神经支',26,1,'normal','main',0),
A355: 3067 | B355: null | C355: 1 | D355: 2026-04-28 00:00:00 | E355: 003302020020100-33020200201 | F355: 003302020020100-33020200201 | G355: 三叉神经周围支切断术（酒精封闭法、甘油封闭法、冷冻法、射频法） | H355: null | I355: null | J355: 1187.5 | K355: 1140 | L355: 969 | M355: null | N355: 1190 | O355: 1080 | P355: 920 | Q355: 每神经支 | R355: 26 | S355: 1 | T355: normal | U355: main | V355: 0 | W355: ="("&A355&","&B355&","&C355&",'"&D355&"','"&E355&"','"&F355&"','"&G355&"',"&H355&","&I355&","&J355&","&K355&","&L355&","&M355&","&N355&","&O355&","&P355&",'"&Q355&"',"&R355&","&S355&",'"&T355&"','"&U355&"',"&V355&")," -> (3067,null,1,'2026-04-28 00:00:00','003302020020100-33020200201','003302020020100-33020200201','三叉神经周围支切断术（酒精封闭法、甘油封闭法、冷冻法、射频法）',null,null,1187.5,1140,969,null,1190,1080,920,'每神经支',26,1,'normal','main',0),
A356: 3068 | B356: null | C356: 1 | D356: 2026-04-28 00:00:00 | E356: 003302020030000-330202003 | F356: 003302020030000-330202003 | G356: 三叉神经撕脱术 | H356: null | I356: null | J356: 1000 | K356: 960 | L356: 816 | M356: null | N356: 1190 | O356: 1080 | P356: 920 | Q356: 每神经支 | R356: 26 | S356: 1 | T356: normal | U356: main | V356: 0 | W356: ="("&A356&","&B356&","&C356&",'"&D356&"','"&E356&"','"&F356&"','"&G356&"',"&H356&","&I356&","&J356&","&K356&","&L356&","&M356&","&N356&","&O356&","&P356&",'"&Q356&"',"&R356&","&S356&",'"&T356&"','"&U356&"',"&V356&")," -> (3068,null,1,'2026-04-28 00:00:00','003302020030000-330202003','003302020030000-330202003','三叉神经撕脱术',null,null,1000,960,816,null,1190,1080,920,'每神经支',26,1,'normal','main',0),
A357: 3069 | B357: null | C357: 1 | D357: 2026-04-28 00:00:00 | E357: 003302020020000-33020200202 | F357: 003302020020000-33020200202 | G357: 小儿三叉神经周围支切断术 | H357: null | I357: null | J357: 1465 | K357: 1405 | L357: 1195 | M357: null | N357: 1545 | O357: 1405 | P357: 1195 | Q357: 每神经支 | R357: 26 | S357: 1 | T357: normal | U357: main | V357: 0 | W357: ="("&A357&","&B357&","&C357&",'"&D357&"','"&E357&"','"&F357&"','"&G357&"',"&H357&","&I357&","&J357&","&K357&","&L357&","&M357&","&N357&","&O357&","&P357&",'"&Q357&"',"&R357&","&S357&",'"&T357&"','"&U357&"',"&V357&")," -> (3069,null,1,'2026-04-28 00:00:00','003302020020000-33020200202','003302020020000-33020200202','小儿三叉神经周围支切断术',null,null,1465,1405,1195,null,1545,1405,1195,'每神经支',26,1,'normal','main',0),
A358: 3070 | B358: null | C358: 1 | D358: 2026-04-28 00:00:00 | E358: 003302020020100-33020200203 | F358: 003302020020100-33020200203 | G358: 小儿三叉神经周围支切断术（酒精封闭法、甘油封闭法、冷冻法、射频法） | H358: null | I358: null | J358: 1545 | K358: 1480 | L358: 1260 | M358: null | N358: 1545 | O358: 1405 | P358: 1195 | Q358: 每神经支 | R358: 26 | S358: 1 | T358: normal | U358: main | V358: 0 | W358: ="("&A358&","&B358&","&C358&",'"&D358&"','"&E358&"','"&F358&"','"&G358&"',"&H358&","&I358&","&J358&","&K358&","&L358&","&M358&","&N358&","&O358&","&P358&",'"&Q358&"',"&R358&","&S358&",'"&T358&"','"&U358&"',"&V358&")," -> (3070,null,1,'2026-04-28 00:00:00','003302020020100-33020200203','003302020020100-33020200203','小儿三叉神经周围支切断术（酒精封闭法、甘油封闭法、冷冻法、射频法）',null,null,1545,1480,1260,null,1545,1405,1195,'每神经支',26,1,'normal','main',0),
A359: 3071 | B359: null | C359: 1 | D359: 2026-04-28 00:00:00 | E359: 003302020030000-33020200301 | F359: 003302020030000-33020200301 | G359: 小儿三叉神经撕脱术 | H359: null | I359: null | J359: 1300 | K359: 1250 | L359: 1065 | M359: null | N359: 1545 | O359: 1405 | P359: 1195 | Q359: 每神经支 | R359: 26 | S359: 1 | T359: normal | U359: main | V359: 0 | W359: ="("&A359&","&B359&","&C359&",'"&D359&"','"&E359&"','"&F359&"','"&G359&"',"&H359&","&I359&","&J359&","&K359&","&L359&","&M359&","&N359&","&O359&","&P359&",'"&Q359&"',"&R359&","&S359&",'"&T359&"','"&U359&"',"&V359&")," -> (3071,null,1,'2026-04-28 00:00:00','003302020030000-33020200301','003302020030000-33020200301','小儿三叉神经撕脱术',null,null,1300,1250,1065,null,1545,1405,1195,'每神经支',26,1,'normal','main',0),
A360: 3072 | B360: null | C360: 1 | D360: 2026-04-28 00:00:00 | E360: 003302020070000-330202007 | F360: 003302020070000-330202007 | G360: 颅神经微血管减压术 | H360: null | I360: null | J360: 3380 | K360: 3040 | L360: 2580 | M360: null | N360: 3600 | O360: 3300 | P360: 2800 | Q360: 次 | R360: 26 | S360: 1 | T360: normal | U360: main | V360: 0 | W360: ="("&A360&","&B360&","&C360&",'"&D360&"','"&E360&"','"&F360&"','"&G360&"',"&H360&","&I360&","&J360&","&K360&","&L360&","&M360&","&N360&","&O360&","&P360&",'"&Q360&"',"&R360&","&S360&",'"&T360&"','"&U360&"',"&V360&")," -> (3072,null,1,'2026-04-28 00:00:00','003302020070000-330202007','003302020070000-330202007','颅神经微血管减压术',null,null,3380,3040,2580,null,3600,3300,2800,'次',26,1,'normal','main',0),
A361: 3073 | B361: null | C361: 1 | D361: 2026-04-28 00:00:00 | E361: 003302020070000-33020200701 | F361: 003302020070000-33020200701 | G361: 小儿颅神经微血管减压术 | H361: null | I361: null | J361: 4395 | K361: 3950 | L361: 3360 | M361: null | N361: 4680 | O361: 4290 | P361: 3640 | Q361: 次 | R361: 26 | S361: 1 | T361: normal | U361: main | V361: 0 | W361: ="("&A361&","&B361&","&C361&",'"&D361&"','"&E361&"','"&F361&"','"&G361&"',"&H361&","&I361&","&J361&","&K361&","&L361&","&M361&","&N361&","&O361&","&P361&",'"&Q361&"',"&R361&","&S361&",'"&T361&"','"&U361&"',"&V361&")," -> (3073,null,1,'2026-04-28 00:00:00','003302020070000-33020200701','003302020070000-33020200701','小儿颅神经微血管减压术',null,null,4395,3950,3360,null,4680,4290,3640,'次',26,1,'normal','main',0),
A362: 3074 | B362: null | C362: 1 | D362: 2026-04-28 00:00:00 | E362: 003302040010000-330204001 | F362: 003302040010000-330204001 | G362: 脊髓和神经根粘连松解术 | H362: null | I362: null | J362: 3380 | K362: 3040 | L362: 2580 | M362: null | N362: 3280 | O362: 2940 | P362: 2500 | Q362: 次 | R362: 26 | S362: 1 | T362: normal | U362: main | V362: 0 | W362: ="("&A362&","&B362&","&C362&",'"&D362&"','"&E362&"','"&F362&"','"&G362&"',"&H362&","&I362&","&J362&","&K362&","&L362&","&M362&","&N362&","&O362&","&P362&",'"&Q362&"',"&R362&","&S362&",'"&T362&"','"&U362&"',"&V362&")," -> (3074,null,1,'2026-04-28 00:00:00','003302040010000-330204001','003302040010000-330204001','脊髓和神经根粘连松解术',null,null,3380,3040,2580,null,3280,2940,2500,'次',26,1,'normal','main',0),
A363: 3075 | B363: null | C363: 1 | D363: 2026-04-28 00:00:00 | E363: 003302040040000-330204004 | F363: 003302040040000-330204004 | G363: 脊髓栓系综合症手术 | H363: null | I363: null | J363: 3380 | K363: 3040 | L363: 2580 | M363: null | N363: 3280 | O363: 2940 | P363: 2500 | Q363: 次 | R363: 26 | S363: 1 | T363: normal | U363: main | V363: 0 | W363: ="("&A363&","&B363&","&C363&",'"&D363&"','"&E363&"','"&F363&"','"&G363&"',"&H363&","&I363&","&J363&","&K363&","&L363&","&M363&","&N363&","&O363&","&P363&",'"&Q363&"',"&R363&","&S363&",'"&T363&"','"&U363&"',"&V363&")," -> (3075,null,1,'2026-04-28 00:00:00','003302040040000-330204004','003302040040000-330204004','脊髓栓系综合症手术',null,null,3380,3040,2580,null,3280,2940,2500,'次',26,1,'normal','main',0),
A364: 3076 | B364: null | C364: 1 | D364: 2026-04-28 00:00:00 | E364: 003302040170000-330204017 | F364: 003302040170000-330204017 | G364: 腰骶部潜毛窦切除术 | H364: null | I364: null | J364: 2375 | K364: 2140 | L364: 1820 | M364: null | N364: 3280 | O364: 2940 | P364: 2500 | Q364: 次 | R364: 26 | S364: 1 | T364: normal | U364: main | V364: 0 | W364: ="("&A364&","&B364&","&C364&",'"&D364&"','"&E364&"','"&F364&"','"&G364&"',"&H364&","&I364&","&J364&","&K364&","&L364&","&M364&","&N364&","&O364&","&P364&",'"&Q364&"',"&R364&","&S364&",'"&T364&"','"&U364&"',"&V364&")," -> (3076,null,1,'2026-04-28 00:00:00','003302040170000-330204017','003302040170000-330204017','腰骶部潜毛窦切除术',null,null,2375,2140,1820,null,3280,2940,2500,'次',26,1,'normal','main',0),
A365: 3077 | B365: null | C365: 1 | D365: 2026-04-28 00:00:00 | E365: 003302040010000-33020400101 | F365: 003302040010000-33020400101 | G365: 小儿脊髓和神经根粘连松解术 | H365: null | I365: null | J365: 4395 | K365: 3950 | L365: 3360 | M365: null | N365: 4265 | O365: 3820 | P365: 3250 | Q365: 次 | R365: 26 | S365: 1 | T365: normal | U365: main | V365: 0 | W365: ="("&A365&","&B365&","&C365&",'"&D365&"','"&E365&"','"&F365&"','"&G365&"',"&H365&","&I365&","&J365&","&K365&","&L365&","&M365&","&N365&","&O365&","&P365&",'"&Q365&"',"&R365&","&S365&",'"&T365&"','"&U365&"',"&V365&")," -> (3077,null,1,'2026-04-28 00:00:00','003302040010000-33020400101','003302040010000-33020400101','小儿脊髓和神经根粘连松解术',null,null,4395,3950,3360,null,4265,3820,3250,'次',26,1,'normal','main',0),
... A381: 3093 | B381: null | C381: 1 | D381: 2026-04-28 00:00:00 | E381: 003302040190000-33020401901 | F381: 003302040190000-33020401901 | G381: 小儿马尾神经吻合术 | H381: null | I381: null | J381: 0 | K381: 0 | L381: 0 | M381: null | N381: 3835 | O381: 3445 | P381: 2925 | Q381: 次 | R381: 26 | S381: 1 | T381: normal | U381: main | V381: 0 | W381: ="("&A381&","&B381&","&C381&",'"&D381&"','"&E381&"','"&F381&"','"&G381&"',"&H381&","&I381&","&J381&","&K381&","&L381&","&M381&","&N381&","&O381&","&P381&",'"&Q381&"',"&R381&","&S381&",'"&T381&"','"&U381&"',"&V381&")," -> (3093,null,1,'2026-04-28 00:00:00','003302040190000-33020401901','003302040190000-33020401901','小儿马尾神经吻合术',null,null,0,0,0,null,3835,3445,2925,'次',26,1,'normal','main',0),

Sheet Sheet4
A1: A | B1: id | C1: list_type | D1: list_type_name | E1: old_hilist_code | F1: old_price | G1: old_price_city | H1: old_price_town | I1: old_price_village | J1: new_price | K1: new_price_city | L1: new_price_town | M1: new_price_village | N1: is_use_old | O1: is_main | P1: cnt_change_model | Q1: cnt_change_value | R1: 数量3 | S1: 数量2 | T1: 数量1 | U1: 预计差额3 | V1: 预计差额2 | W1: 预计差额1 | X1: 实际差额3 | Y1: 实际差额2 | Z1: 实际差额1
A2: 27 | B2: =_xlfn.XLOOKUP(E2,Sheet2!E:E,Sheet2!A:A) -> 2714 | C2: 201 | D2: =VLOOKUP(E2,Sheet2!F:G,2,FALSE) -> 脑电图 | E2: 003101000010000-310100001 | G2: 33 | H2: 30 | I2: 25.5 | K2: 98 | L2: 90 | M2: 78 | N2: 1 | O2: 1 | P2: main | Q2: 0 | R2: 6968.1 | S2: 3381.5 | T2: 65 | U2: 452926.5 | V2: 202890 | W2: 3412.5 | X2: 452926.5 | Y2: 202890 | Z2: 3412.5 | AA2: =X2+Y2+Z2 -> 659229
A3: 40 | B3: =_xlfn.XLOOKUP(E3,Sheet2!E:E,Sheet2!A:A) -> 2715 | C3: 201 | D3: =VLOOKUP(E3,Sheet2!F:G,2,FALSE) -> 脑电图（脑电发生源定位） | E3: 003101000010001-31010000101 | G3: 49.5 | H3: 45 | I3: 38.3 | K3: 98 | L3: 90 | M3: 78 | N3: 1 | O3: 1 | P3: main | Q3: 0 | R3: 0 | S3: 63 | T3: 0 | U3: 0 | V3: 2835 | W3: 0 | X3: 0 | Y3: 2835 | Z3: 0 | AA3: =X3+Y3+Z3 -> 2835
A4: 80 | B4: =_xlfn.XLOOKUP(E4,Sheet2!E:E,Sheet2!A:A) -> 2716 | C4: 201 | D4: =VLOOKUP(E4,Sheet2!F:G,2,FALSE) -> 脑地形图 | E4: 003101000030000-310100003 | G4: 110 | H4: 100 | I4: 85 | K4: 98 | L4: 90 | M4: 78 | N4: 1 | O4: 1 | P4: main | Q4: 0 | R4: 8488 | S4: 2654.9 | T4: 81 | U4: -101856 | V4: -26549 | W4: -567 | X4: -101856 | Y4: -26549 | Z4: -567 | AA4: =X4+Y4+Z4 -> -128972
A5: 26 | B5: =_xlfn.XLOOKUP(E5,Sheet2!E:E,Sheet2!A:A) -> 2717 | C5: 201 | D5: =VLOOKUP(E5,Sheet2!F:G,2,FALSE) -> 动态脑电图 | E5: 003101000040000-310100004 | G5: 286 | H5: 260 | I5: 221 | K5: 98 | L5: 90 | M5: 78 | N5: 1 | O5: 1 | P5: main | Q5: 0 | R5: 2100.6 | S5: 842.3 | T5: 0 | U5: -394912.8 | V5: -143191 | W5: 0 | X5: -394912.8 | Y5: -143191 | Z5: 0 | AA5: =X5+Y5+Z5 -> -538103.8
A6: 86 | B6: =_xlfn.XLOOKUP(E6,Sheet2!E:E,Sheet2!A:A) -> 2718 | C6: 201 | D6: =VLOOKUP(E6,Sheet2!F:G,2,FALSE) -> 动态脑电图（24小时脑电视频监测） | E6: 003101000040100-31010000401 | G6: 286 | H6: 260 | I6: 221 | K6: 98 | L6: 90 | M6: 78 | N6: 1 | O6: 1 | P6: main | Q6: 0 | R6: 0 | S6: 67 | T6: 0 | U6: 0 | V6: -11390 | W6: 0 | X6: 0 | Y6: -11390 | Z6: 0 | AA6: =X6+Y6+Z6 -> -11390
A7: 104 | B7: =_xlfn.XLOOKUP(E7,Sheet2!E:E,Sheet2!A:A) -> 2719 | C7: 201 | D7: =VLOOKUP(E7,Sheet2!F:G,2,FALSE) -> 动态脑电图（24小时脑电Holter） | E7: 003101000040200-31010000402 | G7: 286 | H7: 260 | I7: 221 | K7: 98 | L7: 90 | M7: 78 | N7: 1 | O7: 1 | P7: main | Q7: 0 | R7: 0 | S7: 64.4 | T7: 0 | U7: 0 | V7: -10948 | W7: 0 | X7: 0 | Y7: -10948 | Z7: 0 | AA7: =X7+Y7+Z7 -> -10948
A8: 7 | B8: =_xlfn.XLOOKUP(E8,Sheet2!E:E,Sheet2!A:A) -> 2720 | C8: 201 | D8: =VLOOKUP(E8,Sheet2!F:G,2,FALSE) -> 脑电图录象监测 | E8: 003101000050000-310100005 | G8: 27.5 | H8: 25 | I8: 21.3 | K8: 24.5 | L8: 22.5 | M8: 19.5 | N8: 1 | O8: 1 | P8: main | Q8: 0 | R8: 8798.7 | S8: 7047 | T8: 0 | U8: -26396.1 | V8: -17617.5 | W8: 0 | X8: -26396.1 | Y8: -17617.5 | Z8: 0 | AA8: =X8+Y8+Z8 -> -44013.6
A9: 11 | B9: =_xlfn.XLOOKUP(E9,Sheet2!E:E,Sheet2!A:A) -> 2721 | C9: 201 | D9: =VLOOKUP(E9,Sheet2!F:G,2,FALSE) -> 特殊脑电图 | E9: 003101000020000-310100002 | G9: 66 | H9: 60 | I9: 51 | K9: 107 | L9: 98 | M9: 85 | N9: 1 | O9: 1 | P9: main | Q9: 0 | R9: 1119.7 | S9: 235.5 | T9: 0 | U9: 45907.7 | V9: 8949 | W9: 0 | X9: 45907.7 | Y9: 8949 | Z9: 0 | AA9: =X9+Y9+Z9 -> 54856.7
A10: 118 | B10: =_xlfn.XLOOKUP(E10,Sheet2!E:E,Sheet2!A:A) -> 2722 | C10: 201 | D10: =VLOOKUP(E10,Sheet2!F:G,2,FALSE) -> 特殊脑电图（特殊电极鼻咽或蝶骨或皮层等） | E10: 003101000020100-31010000201 | G10: 66 | H10: 60 | I10: 51 | K10: 107 | L10: 98 | M10: 85 | N10: 1 | O10: 1 | P10: main | Q10: 0 | R10: 0 | S10: 1 | T10: 0 | U10: 0 | V10: 38 | W10: 0 | X10: 0 | Y10: 38 | Z10: 0 | AA10: =X10+Y10+Z10 -> 38
A11: 99 | B11: =_xlfn.XLOOKUP(E11,Sheet2!E:E,Sheet2!A:A) -> 2723 | C11: 201 | D11: =VLOOKUP(E11,Sheet2!F:G,2,FALSE) -> 特殊脑电图（特殊诱发） | E11: 003101000020200-31010000202 | G11: 66 | H11: 60 | I11: 51 | K11: 107 | L11: 98 | M11: 85 | N11: 1 | O11: 1 | P11: main | Q11: 0 | R11: 227 | S11: 749 | T11: 0 | U11: 9307 | V11: 28462 | W11: 0 | X11: 9307 | Y11: 28462 | Z11: 0 | AA11: =X11+Y11+Z11 -> 37769
A12: 142 | B12: =_xlfn.XLOOKUP(E12,Sheet2!E:E,Sheet2!A:A) -> 2726 | C12: 201 | D12: =VLOOKUP(E12,Sheet2!F:G,2,FALSE) -> 感觉阈值测量 | E12: 003101000150000-310100015 | G12: 0 | H12: 0 | I12: 0 | K12: 27 | L12: 25 | M12: 21 | N12: 1 | O12: 1 | P12: main | Q12: 0 | R12: 336 | S12: 0 | T12: 0 | U12: 9072 | V12: 0 | W12: 0 | X12: -5712 | Y12: 0 | Z12: 0 | AA12: =X12+Y12+Z12 -> -5712
A13: 39 | B13: =_xlfn.XLOOKUP(E13,Sheet2!E:E,Sheet2!A:A) -> 2727 | C13: 201 | D13: =VLOOKUP(E13,Sheet2!F:G,2,FALSE) -> 植物神经功能检查 | E13: 003101000210000-310100021 | G13: 22 | H13: 20 | I13: 17 | K13: 27 | L13: 25 | M13: 21 | N13: 1 | O13: 1 | P13: main | Q13: 0 | R13: 0 | S13: 434 | T13: 0 | U13: 0 | V13: 2170 | W13: 0 | X13: 0 | Y13: 2170 | Z13: 0 | AA13: =X13+Y13+Z13 -> 2170
... A147: 139 | B147: =_xlfn.XLOOKUP(E147,Sheet2!E:E,Sheet2!A:A) -> 3086 | C147: 201 | D147: =VLOOKUP(E147,Sheet2!F:G,2,FALSE) -> 面神经周围神经移植术 | E147: 003302020130000-330202013 | G147: 2160 | H147: 1950 | I147: 1660 | K147: 3250 | L147: 2900 | M147: 2450 | N147: 1 | O147: 1 | P147: main | Q147: 0 | R147: 0.5 | S147: 0 | T147: 0 | U147: 545 | V147: 0 | W147: 0 | X147: 780 | Y147: 0 | Z147: 0 | AA147: =X147+Y147+Z147 -> 780
